TCA, Agg Ext ,Agg Rate,CTY,FOR,TWP,RBT,COL,ESD,HSD,USD,MUN,FIR,LIB,PRK,SAN1,SAN2,MSQ,POR,WTR,TIF,TIF,SSA1,SSA2,SSA3,SSA4,SP1,SP2,SP3,SP4,Other
01001,"131,370,369",10.943906,CTYLAK,FORLAK,T01BEN,R01BEN,C03532,E01001,H08126,,M54WHA,,L15ZBE,,S05NSH,,,,,,,,,,,B12126,,,,
01002,"3,618,974",11.220723,CTYLAK,FORLAK,T01BEN,R01BEN,C03532,E03003,H08126,,M54WHA,,L15ZBE,,S05NSH,,,,,,,,,,,B06003,B12126,,,
01003,"5,330,830",9.843485,CTYLAK,FORLAK,T01BEN,R01BEN,C03532,E01001,H08126,,,F23WHA,L15ZBE,,S05NSH,,,,,,,,,,,B12126,,,,
01004,"12,690",12.325116,CTYLAK,FORLAK,T01BEN,R01BEN,C03532,E04006,H08126,,,F23WHA,L15ZBE,P23ZIO,S05NSH,,,,,,,,,,,B12126,,,,
01005,"737,571",10.120302,CTYLAK,FORLAK,T01BEN,R01BEN,C03532,E03003,H08126,,,F23WHA,L15ZBE,,S05NSH,,,,,,,,,,,B06003,B12126,,,
01006,"15,026",12.466846,CTYLAK,FORLAK,T01BEN,R01BEN,C03532,E04006,H08126,,M54WHA,,L15ZBE,,S05NSH,,,,,,,,,,,B12126,,,,
01007,"148,772",10.811944,CTYLAK,FORLAK,T01BEN,R01BEN,C03532,E03003,H08126,,,F05BPA,L15ZBE,,S05NSH,,,PORWAK,,,,,,,,B06003,B12126,,,
01008,,10.652225,CTYLAK,FORLAK,T01BEN,R01BEN,C03532,E03003,H08126,,,F05BPA,L15ZBE,,,,,,,,,,,,,B06003,B12126,,,
01009,,10.811944,CTYLAK,FORLAK,T01BEN,R01BEN,C03532,E03003,H08126,,,F05BPA,L15ZBE,,S05NSH,,,,,,,,,,,B06003,B12126,,,
01010,"9,941,224",9.960583,CTYLAK,FORLAK,T01BEN,R01BEN,C03532,E03003,H08126,,,F23WHA,L15ZBE,,,,,,,,,,,,,B06003,B12126,,,
01011,,9.729603,CTYLAK,FORLAK,T01BEN,R01BEN,C03532,E03003,H08126,,,,L15ZBE,,,,,,,,,,,,,B06003,B12126,,,
01012,"10,698,343",11.061004,CTYLAK,FORLAK,T01BEN,R01BEN,C03532,E03003,H08126,,M54WHA,,L15ZBE,,,,,,,,,,,,,B06003,B12126,,,
01013,,12.801251,CTYLAK,FORLAK,T01BEN,R01BEN,C03532,E03003,H08126,,M52WAK,,,P20WAK,S05NSH,,,,,,,,,,,B06003,B12126,,,
01014,"21,599,432",9.659436,CTYLAK,FORLAK,T01BEN,R01BEN,C03532,,,U01060,M52WAK,,,P20WAK,S05NSH,,,PORWAK,,,,,,,,,,,,
01015,"2,442,914",11.366425,CTYLAK,FORLAK,T01BEN,R01BEN,C03532,E04006,H08126,,,F23WHA,L15ZBE,,S05NSH,,,,,,,,,,,B12126,,,,
01016,,11.206706,CTYLAK,FORLAK,T01BEN,R01BEN,C03532,E04006,H08126,,,F23WHA,L15ZBE,,,,,,,,,,,,,B12126,,,,
01017,"1,074,074",12.641532,CTYLAK,FORLAK,T01BEN,R01BEN,C03532,E03003,H08126,,M52WAK,,,P20WAK,,,,PORWAK,,,,,,,,B06003,B12126,,,
01018,,9.499717,CTYLAK,FORLAK,T01BEN,R01BEN,C03532,,,U01060,M52WAK,,,P20WAK,,,,,,,,,,,,,,,,
01019, -   ,11.135445,CTYLAK,FORLAK,T01BEN,R01BEN,C03532,E04006,H08126,,,,L15ZBE,,S05NSH,,,,,,,,,,,B12126,,,,
01020,,9.659436,CTYLAK,FORLAK,T01BEN,R01BEN,C03532,,,U01060,M52WAK,,,P20WAK,S05NSH,,,,,,,,,,,,,,,
01021,"47,879",10.919274,CTYLAK,FORLAK,T01BEN,R01BEN,C03532,E03003,H08126,,,F23WHA,L15ZBE,P23ZIO,,,,,,,,,,,,B06003,B12126,,,
01022,,10.688294,CTYLAK,FORLAK,T01BEN,R01BEN,C03532,E03003,H08126,,,,L15ZBE,P23ZIO,,,,,,,,,,,,B06003,B12126,,,
01023,,11.818118,CTYLAK,FORLAK,T01BEN,R01BEN,C03532,E03003,H08126,,M52WAK,,,,,,,,,,,,,,,B06003,B12126,,,
01024,,11.770635,CTYLAK,FORLAK,T01BEN,R01BEN,C03532,E03003,H08126,,,F05BPA,L15ZBE,P23ZIO,S05NSH,,,,,,,,,,,B06003,B12126,,,
01025,,9.889322,CTYLAK,FORLAK,T01BEN,R01BEN,C03532,E03003,H08126,,,,L15ZBE,,S05NSH,,,,,,,,,,,B06003,B12126,,,
01026,,11.977837,CTYLAK,FORLAK,T01BEN,R01BEN,C03532,E03003,H08126,,M52WAK,,,,S05NSH,,,PORWAK,,,,,,,,B06003,B12126,,,
01027,"1,562",12.801251,CTYLAK,FORLAK,T01BEN,R01BEN,C03532,E03003,H08126,,M52WAK,,,P20WAK,S05NSH,,,,,,,,,,,B06003,B12126,,,
01028,"26,475",11.977837,CTYLAK,FORLAK,T01BEN,R01BEN,C03532,E03003,H08126,,M52WAK,,,,S05NSH,,,PORWAK,,,,,,,,B06003,B12126,,,
01029,,11.635358,CTYLAK,FORLAK,T01BEN,R01BEN,C03532,E03003,H08126,,,F05BPA,L15ZBE,P20WAK,S05NSH,,,,,,,,,,,B06003,B12126,,,
01030, -   ,11.475639,CTYLAK,FORLAK,T01BEN,R01BEN,C03532,E03003,H08126,,,F05BPA,L15ZBE,P20WAK,,,,PORWAK,,,,,,,,B06003,B12126,,,
01031, -   ,11.635358,CTYLAK,FORLAK,T01BEN,R01BEN,C03532,E03003,H08126,,,F05BPA,L15ZBE,P20WAK,S05NSH,,,PORWAK,,,,,,,,B06003,B12126,,,
01032,,10.652225,CTYLAK,FORLAK,T01BEN,R01BEN,C03532,E03003,H08126,,,F05BPA,L15ZBE,,,,,,,,,,,,,B06003,B12126,,,
01033,"19,754,726",10.811944,CTYLAK,FORLAK,T01BEN,R01BEN,C03532,E03003,H08126,,M06BPA,F05BPA,L15ZBE,,S05NSH,,,,,,,,,,,B06003,B12126,,,
01034,"8,166,131",10.652225,CTYLAK,FORLAK,T01BEN,R01BEN,C03532,E03003,H08126,,M06BPA,F05BPA,L15ZBE,,,,,,,,,,,,,B06003,B12126,,,
01035,,10.811944,CTYLAK,FORLAK,T01BEN,R01BEN,C03532,E03003,H08126,,M06BPA,F05BPA,L15ZBE,,S05NSH,,,,,,,,,,,B06003,B12126,,,(From BP San)
01036,"7,380,277",9.960583,CTYLAK,FORLAK,T01BEN,R01BEN,C03532,E03003,H08126,,M06BPA,F23WHA,L15ZBE,,,,,,,,,,,,,B06003,B12126,,,
01037,,9.729603,CTYLAK,FORLAK,T01BEN,R01BEN,C03532,E03003,H08126,,M06BPA,,L15ZBE,,,,,,,,,,,,,B06003,B12126,,,
01038,,11.770635,CTYLAK,FORLAK,T01BEN,R01BEN,C03532,E03003,H08126,,M06BPA,F05BPA,L15ZBE,P23ZIO,S05NSH,,,,,,,,,,,B06003,B12126,,,
01039,,9.889322,CTYLAK,FORLAK,T01BEN,R01BEN,C03532,E03003,H08126,,M06BPA,,L15ZBE,,S05NSH,,,,,,,,,,,B06003,B12126,,,
01040,,11.635358,CTYLAK,FORLAK,T01BEN,R01BEN,C03532,E03003,H08126,,M06BPA,F05BPA,L15ZBE,P20WAK,S05NSH,,,,,,,,,,,B06003,B12126,,,
01041,"473,762",11.475639,CTYLAK,FORLAK,T01BEN,R01BEN,C03532,E03003,H08126,,M06BPA,F05BPA,L15ZBE,P20WAK,,,,PORWAK,,,,,,,,B06003,B12126,,,
01042,"144,739",11.635358,CTYLAK,FORLAK,T01BEN,R01BEN,C03532,E03003,H08126,,M06BPA,F05BPA,L15ZBE,P20WAK,S05NSH,,,PORWAK,,,,,,,,B06003,B12126,,,
01043,,10.652225,CTYLAK,FORLAK,T01BEN,R01BEN,C03532,E03003,H08126,,M06BPA,F05BPA,L15ZBE,,,,,,,,,,,,,B06003,B12126,,,
01044,"88,790",10.120302,CTYLAK,FORLAK,T01BEN,R01BEN,C03532,E03003,H08126,,M06BPA,F23WHA,L15ZBE,,S05NSH,,,,,,,,,,,B06003,B12126,,,
01045,,11.078993,CTYLAK,FORLAK,T01BEN,R01BEN,C03532,E03003,H08126,,,F23WHA,L15ZBE,P23ZIO,S05NSH,,,,,,,,,,,B06003,B12126,,,
01046,,12.179414,CTYLAK,FORLAK,T01BEN,R01BEN,C03532,E03003,H08126,,M54WHA,,L15ZBE,P23ZIO,S05NSH,,,,,,,,,,,B06003,B12126,,,
01047,,12.019695,CTYLAK,FORLAK,T01BEN,R01BEN,C03532,E03003,H08126,,M54WHA,,L15ZBE,P23ZIO,,,,,,,,,,,,B06003,B12126,,,
01048,"1,564,303",9.974181,CTYLAK,FORLAK,T01BEN,R01BEN,C03532,E03003,H08126,,M50WAD,F23WHA,L15ZBE,,,,,,,,,,,,,B06003,B12126,,,
01049,,10.932872,CTYLAK,FORLAK,T01BEN,R01BEN,C03532,E03003,H08126,,M50WAD,F23WHA,L15ZBE,P23ZIO,,,,,,,,,,,,B06003,B12126,,,
01050,,10.652225,CTYLAK,FORLAK,T01BEN,R01BEN,C03532,E03003,H08126,,M06BPA,F05BPA,L15ZBE,,,,,,,,,136SSA,,,,B06003,B12126,,,
01051, -   ,10.652225,CTYLAK,FORLAK,T01BEN,R01BEN,C03532,E03003,H08126,,M06BPA,F05BPA,L15ZBE,,,,,,,,,140SSA,,,,B06003,B12126,,,
01052,,12.497244,CTYLAK,FORLAK,T01BEN,R01BEN,C03532,E03003,H08126,,M52WAK,,,P20WAK,,,,,,,,136SSA,,,,B06003,B12126,,,
01053,,11.092591,CTYLAK,FORLAK,T01BEN,R01BEN,C03532,E03003,H08126,,M50WAD,F23WHA,L15ZBE,P23ZIO,S05NSH,,,,,,,,,,,B06003,B12126,,,
01054,"1,306,224",10.811944,CTYLAK,FORLAK,T01BEN,R01BEN,C03532,E03003,H08126,,M06BPA,F05BPA,L15ZBE,,S05NSH,,,,,X04TIF,,,,,,B06003,B12126,,,
01055,,10.811944,CTYLAK,FORLAK,T01BEN,R01BEN,C03532,E03003,H08126,,M06BPA,F05BPA,L15ZBE,,S05NSH,,,,,X04TIF,,,,,,B06003,B12126,,,
01056, -   ,12.058067,CTYLAK,FORLAK,T01BEN,R01BEN,C03532,E04006,H08126,,,F05BPA,L15ZBE,,S05NSH,,,,,,,,,,,B12126,,,,
01057,"54,528",10.652225,CTYLAK,FORLAK,T01BEN,R01BEN,C03532,E03003,H08126,,M06BPA,F05BPA,L15ZBE,,,,,,,,,141SSA,,,,B06003,B12126,,,
01058,"53,191",9.960583,CTYLAK,FORLAK,T01BEN,R01BEN,C03532,E03003,H08126,,M06BPA,F23WHA,L15ZBE,,,,,,,,,142SSA,,,,B06003,B12126,,,
01059,"155,929",10.652225,CTYLAK,FORLAK,T01BEN,R01BEN,C03532,E03003,H08126,,M06BPA,F05BPA,L15ZBE,,,,,,,,,139SSA,,,,B06003,B12126,,,
01060,"219,878",9.960583,CTYLAK,FORLAK,T01BEN,R01BEN,C03532,E03003,H08126,,M06BPA,F23WHA,L15ZBE,,,,,,,,,138SSA,,,,B06003,B12126,,,
01061,"193,218",9.960583,CTYLAK,FORLAK,T01BEN,R01BEN,C03532,E03003,H08126,,M06BPA,F23WHA,L15ZBE,,,,,,,,,137SSA,,,,B06003,B12126,,,
01062,,10.652225,CTYLAK,FORLAK,T01BEN,R01BEN,C03532,E03003,H08126,,M06BPA,F05BPA,L15ZBE,,,,,,,,,138SSA,,,,B06003,B12126,,,
01063,,10.805765,CTYLAK,FORLAK,T01BEN,,C03532,E03003,H08126,,,,L15ZBE,P23ZIO,S05NSH,,,,,,,,,,,B06003,B12126,,,
01064, -   ,10.848013,CTYLAK,FORLAK,T01BEN,R01BEN,C03532,E03003,H08126,,M06BPA,,L15ZBE,P23ZIO,S05NSH,,,,,,,,,,,B06003,B12126,,,
01065,,10.371671,CTYLAK,FORLAK,T01BEN,R01BEN,C03532,E03003,H08126,,,,,P20WAK,S05NSH,,,,,,,,,,,B06003,B12126,,,
01066,,10.371671,CTYLAK,FORLAK,T01BEN,R01BEN,C03532,E03003,H08126,,M06BPA,,,P20WAK,S05NSH,,,,,,,,,,,B06003,B12126,,,
01067,,13.564154,CTYLAK,FORLAK,T01BEN,R01BEN,C03532,E03003,H08126,,M52WAK,F05BPA,L15ZBE,P20WAK,,,,,,,,,,,,B06003,B12126,,,
01068,,10.943906,CTYLAK,FORLAK,T01BEN,R01BEN,C03532,E01001,H08126,,M54WHA,,L15ZBE,,S05NSH,,,,,X42TIF,,,,,,B12126,,,,
01069,,13.723873,CTYLAK,FORLAK,T01BEN,R01BEN,C03532,E03003,H08126,,M52WAK,F05BPA,L15ZBE,P20WAK,S05NSH,,,,,,,,,,,B06003,B12126,,,
01070,"574,063",11.770635,CTYLAK,FORLAK,T01BEN,R01BEN,C03532,E03003,H08126,,M06BPA,F05BPA,L15ZBE,P23ZIO,S05NSH,,,,,,,,,,,B06003,B12126,,,
01071, -   ,10.371671,CTYLAK,FORLAK,T01BEN,R01BEN,C03532,E03003,H08126,,M06BPA,,,P20WAK,S05NSH,,,PORWAK,,X07TIF,,,,,,B06003,B12126,,,
01072, -   ,11.635358,CTYLAK,FORLAK,T01BEN,R01BEN,C03532,E03003,H08126,,M06BPA,F05BPA,L15ZBE,P20WAK,S05NSH,,,PORWAK,,X07TIF,,,,,,B06003,B12126,,,
01073,"1,011,307",10.811944,CTYLAK,FORLAK,T01BEN,R01BEN,C03532,E03003,H08126,,M06BPA,F05BPA,L15ZBE,,S05NSH,,,,,X07TIF,,,,,,B06003,B12126,,,
01074,"2,214,125",10.811944,CTYLAK,FORLAK,T01BEN,R01BEN,C03532,E03003,H08126,,M06BPA,F05BPA,L15ZBE,,S05NSH,,,,,X06TIF,,,,,,B06003,B12126,,,
01075,"286,916",10.652225,CTYLAK,FORLAK,T01BEN,R01BEN,C03532,E03003,H08126,,M06BPA,F05BPA,L15ZBE,,,,,,,X06TIF,,,,,,B06003,B12126,,,
01076, -   ,11.475639,CTYLAK,FORLAK,T01BEN,R01BEN,C03532,E03003,H08126,,M06BPA,F05BPA,L15ZBE,P20WAK,,,,,,X06TIF,,,,,,B06003,B12126,,,
01077, -   ,11.635358,CTYLAK,FORLAK,T01BEN,R01BEN,C03532,E03003,H08126,,M06BPA,F05BPA,L15ZBE,P20WAK,S05NSH,,,PORWAK,,X06TIF,,,,,,B06003,B12126,,,
01078,"3,597,657",9.960583,CTYLAK,FORLAK,T01BEN,R01BEN,C03532,E03003,H08126,,M06BPA,F23WHA,L15ZBE,,,,,,,X07TIF,,,,,,B06003,B12126,,,
01079,,9.960583,CTYLAK,FORLAK,T01BEN,R01BEN,C03532,E03003,H08126,,M06BPA,F23WHA,L15ZBE,,,,,,,X07TIF,,138SSA,,,,B06003,B12126,,,
01080,"4,005,426",10.652225,CTYLAK,FORLAK,T01BEN,R01BEN,C03532,E03003,H08126,,M06BPA,F05BPA,L15ZBE,,,,,,,X07TIF,,,,,,B06003,B12126,,,
01081,,10.652225,CTYLAK,FORLAK,T01BEN,R01BEN,C03532,E03003,H08126,,M06BPA,F05BPA,L15ZBE,,,,,,,X07TIF,,138SSA,,,,B06003,B12126,,,
01082,,10.652225,CTYLAK,FORLAK,T01BEN,R01BEN,C03532,E03003,H08126,,M06BPA,F05BPA,L15ZBE,,,,,,,X07TIF,,140SSA,,,,B06003,B12126,,,
01083,,10.652225,CTYLAK,FORLAK,T01BEN,R01BEN,C03532,E03003,H08126,,M06BPA,F05BPA,L15ZBE,,,,,,,X07TIF,,136SSA,,,,B06003,B12126,,,
01084,,11.174886,CTYLAK,FORLAK,T01BEN,R01BEN,C03532,E01001,H08126,,M54WHA,F23WHA,L15ZBE,,S05NSH,,,,,,,,,,,B12126,,,,
01085,"316,627",10.652225,CTYLAK,FORLAK,T01BEN,R01BEN,C03532,E03003,H08126,,M06BPA,F05BPA,L15ZBE,,,,,,,,,143SSA,,,,B06003,B12126,,,
01086,"403,457",9.960583,CTYLAK,FORLAK,T01BEN,R01BEN,C03532,E03003,H08126,,M06BPA,F23WHA,L15ZBE,,,,,,,X07TIF,,133SSA,,,,B06003,B12126,,,
01087,,9.960583,CTYLAK,FORLAK,T01BEN,R01BEN,C03532,E03003,H08126,,M06BPA,F23WHA,L15ZBE,,,,,,,X07TIF,,133SSA,138SSA,,,B06003,B12126,,,
01088,"64,368",10.652225,CTYLAK,FORLAK,T01BEN,R01BEN,C03532,E03003,H08126,,M06BPA,F05BPA,L15ZBE,,,,,,,X07TIF,,134SSA,,,,B06003,B12126,,,
01089,"396,154",10.652225,CTYLAK,FORLAK,T01BEN,R01BEN,C03532,E03003,H08126,,M06BPA,F05BPA,L15ZBE,,,,,,,,,135SSA,,,,B06003,B12126,,,
01090,"830,146",9.960583,CTYLAK,FORLAK,T01BEN,R01BEN,C03532,E03003,H08126,,M06BPA,F23WHA,L15ZBE,,,,,,,,,135SSA,,,,B06003,B12126,,,
01091,"50,894",9.960583,CTYLAK,FORLAK,T01BEN,R01BEN,C03532,E03003,H08126,,M06BPA,F23WHA,L15ZBE,,,,,,,X07TIF,,135SSA,,,,B06003,B12126,,,
01092,"1,084",10.652225,CTYLAK,FORLAK,T01BEN,R01BEN,C03532,E03003,H08126,,M06BPA,F05BPA,L15ZBE,,,,,,,X07TIF,,135SSA,,,,B06003,B12126,,,
01093,,11.291984,CTYLAK,FORLAK,T01BEN,R01BEN,C03532,E03003,H08126,,M54WHA,F23WHA,L15ZBE,,,,,,,,,,,,,B06003,B12126,,,
01094,,12.900459,CTYLAK,FORLAK,T01BEN,R01BEN,C03532,E03003,H08126,,M52WAK,F05BPA,,,S05NSH,,,,,,,,,,,B06003,B12126,,,
01095,"14,361,718",10.811944,CTYLAK,FORLAK,T01BEN,R01BEN,C03532,E03003,H08126,,M06BPA,F05BPA,L15ZBE,,S05NSH,,,,,,,140SSA,,,,B06003,B12126,,,
01096,"362,529",10.811944,CTYLAK,FORLAK,T01BEN,R01BEN,C03532,E03003,H08126,,M06BPA,F05BPA,L15ZBE,,S05NSH,,,,,X07TIF,,140SSA,,,,B06003,B12126,,,
01097,"204,740",10.120302,CTYLAK,FORLAK,T01BEN,R01BEN,C03532,E03003,H08126,,M06BPA,F23WHA,L15ZBE,,S05NSH,,,,,X07TIF,,,,,,B06003,B12126,,,
01098,,10.120302,CTYLAK,FORLAK,T01BEN,R01BEN,C03532,E03003,H08126,,M06BPA,F23WHA,L15ZBE,,S05NSH,,,,,X07TIF,,133SSA,,,,B06003,B12126,,,
01099,,10.811944,CTYLAK,FORLAK,T01BEN,R01BEN,C03532,E03003,H08126,,M06BPA,F05BPA,L15ZBE,,S05NSH,,,,,X07TIF,,135SSA,,,,B06003,B12126,,,
01100, -   ,10.120302,CTYLAK,FORLAK,T01BEN,R01BEN,C03532,E03003,H08126,,M06BPA,F23WHA,L15ZBE,,S05NSH,,,,,X07TIF,,135SSA,,,,B06003,B12126,,,
01101,,10.811944,CTYLAK,FORLAK,T01BEN,R01BEN,C03532,E03003,H08126,,M06BPA,F05BPA,L15ZBE,,S05NSH,,,,,,,143SSA,,,,B06003,B12126,,,
01102,"71,368",10.811944,CTYLAK,FORLAK,T01BEN,R01BEN,C03532,E03003,H08126,,M06BPA,F05BPA,L15ZBE,,S05NSH,,,PORWAK,,X07TIF,,,,,,B06003,B12126,,,
01103,,10.811944,CTYLAK,FORLAK,T01BEN,R01BEN,C03532,E03003,H08126,,M06BPA,F05BPA,L15ZBE,,S05NSH,,,,,X07TIF,,140SSA,,,,B06003,B12126,,,
01104,"383,764",10.811944,CTYLAK,FORLAK,T01BEN,R01BEN,C03532,E03003,H08126,,M06BPA,F05BPA,L15ZBE,,S05NSH,,,PORWAK,,,,415SSA,,,,B06003,B12126,,,
01105,"6,514,477",10.943906,CTYLAK,FORLAK,T01BEN,R01BEN,C03532,E01001,H08126,,M54WHA,,L15ZBE,,S05NSH,,,,,X64TIF,,,,,,B12126,,,,
01106,"15,889,795",12.801251,CTYLAK,FORLAK,T01BEN,R01BEN,C03532,E03003,H08126,,M52WAK,,,P20WAK,S05NSH,,,PORWAK,,,,,,,,B06003,B12126,,,
01107,"81,561,303",10.811944,CTYLAK,FORLAK,T01BEN,R01BEN,C03532,E03003,H08126,,M06BPA,F05BPA,L15ZBE,,S05NSH,,,PORWAK,,,,,,,,B06003,B12126,,,
01108,"2,642,727",10.811944,CTYLAK,FORLAK,T01BEN,R01BEN,C03532,E03003,H08126,,M06BPA,F05BPA,L15ZBE,,S05NSH,,,PORWAK,,X04TIF,,,,,,B06003,B12126,,,
01109,"760,377",10.811944,CTYLAK,FORLAK,T01BEN,R01BEN,C03532,E03003,H08126,,M06BPA,F05BPA,L15ZBE,,S05NSH,,,PORWAK,,X07TIF,,,,,,B06003,B12126,,,
01110,"1,174,658",10.811944,CTYLAK,FORLAK,T01BEN,R01BEN,C03532,E03003,H08126,,M06BPA,F05BPA,L15ZBE,,S05NSH,,,PORWAK,,X06TIF,,,,,,B06003,B12126,,,
01111, -   ,10.652225,CTYLAK,FORLAK,T01BEN,R01BEN,C03532,E03003,H08126,,M06BPA,F05BPA,L15ZBE,,,,,PORWAK,,X06TIF,,,,,,B06003,B12126,,,
01112,"574,471",11.475639,CTYLAK,FORLAK,T01BEN,R01BEN,C03532,E03003,H08126,,M06BPA,F05BPA,L15ZBE,P20WAK,,,,PORWAK,,X06TIF,,,,,,B06003,B12126,,,
01113,"3,944,360",10.652225,CTYLAK,FORLAK,T01BEN,R01BEN,C03532,E03003,H08126,,M06BPA,F05BPA,L15ZBE,,,,,PORWAK,,X07TIF,,,,,,B06003,B12126,,,
01114,"1,982",10.811944,CTYLAK,FORLAK,T01BEN,R01BEN,C03532,E03003,H08126,,,F05BPA,L15ZBE,,S05NSH,,,,,,,,,,,B06003,B12126,,,
01115,"84,002",10.811944,CTYLAK,FORLAK,T01BEN,R01BEN,C03532,E03003,H08126,,M06BPA,F05BPA,L15ZBE,,S05NSH,,,,,X07TIF,,134SSA,,,,B06003,B12126,,,
02001,"100,244,507",13.047513,CTYLAK,FORLAK,T02ZIO,,C03532,E03003,H08126,,M55ZIO,,L15ZBE,P23ZIO,S05NSH,,,,,,,,,,,B06003,B12126,,,
02002,"219,323",13.334945,CTYLAK,FORLAK,T02ZIO,,C03532,E04006,H08126,,M55ZIO,,L15ZBE,,S05NSH,,,,,,,,,,,B12126,,,,
02003,"242,086,047",14.293636,CTYLAK,FORLAK,T02ZIO,,C03532,E04006,H08126,,M55ZIO,,L15ZBE,P23ZIO,S05NSH,,,,,,,,,,,B12126,,,,
02004,"33,905",14.133917,CTYLAK,FORLAK,T02ZIO,,C03532,E04006,H08126,,M55ZIO,,L15ZBE,P23ZIO,,,,,,,,,,,,B12126,,,,
02005,,13.175226,CTYLAK,FORLAK,T02ZIO,,C03532,E04006,H08126,,M55ZIO,,L15ZBE,,,,,,,,,,,,,B12126,,,,
02006,"4,954,992",12.887794,CTYLAK,FORLAK,T02ZIO,,C03532,E03003,H08126,,M55ZIO,,L15ZBE,P23ZIO,,,,,,,,,,,,B06003,B12126,,,
02007,"63,043",12.770696,CTYLAK,FORLAK,T02ZIO,,C03532,E01001,H08126,,M55ZIO,,L15ZBE,P23ZIO,S05NSH,,,,,,,,,,,B12126,,,,
02008,,13.047513,CTYLAK,FORLAK,T02ZIO,,C03532,E03003,H08126,,M55ZIO,,L15ZBE,P23ZIO,S05NSH,,,,,,,,,,,B06003,B12126,,,(From BP San)
02009,,12.088822,CTYLAK,FORLAK,T02ZIO,,C03532,E03003,H08126,,M55ZIO,,L15ZBE,,S05NSH,,,,,,,,,,,B06003,B12126,,,
02010,"881,362",11.929103,CTYLAK,FORLAK,T02ZIO,,C03532,E03003,H08126,,M55ZIO,,L15ZBE,,,,,,,,,,,,,B06003,B12126,,,
02011, -   ,12.088822,CTYLAK,FORLAK,T02ZIO,,C03532,E03003,H08126,,M55ZIO,,L15ZBE,,S05NSH,,,,,,,,,,,B06003,B12126,,,
02012,,11.588038,CTYLAK,FORLAK,T02ZIO,,C03532,E03003,H08126,,M55ZIO,,,,,,,,,,,,,,,B06003,B12126,,,
02013,"22,079",12.546729,CTYLAK,FORLAK,T02ZIO,,C03532,E03003,H08126,,M55ZIO,,,P23ZIO,,,,,,,,,,,,B06003,B12126,,,
02014,,14.293636,CTYLAK,FORLAK,T02ZIO,,C03532,E04006,H08126,,M55ZIO,,L15ZBE,P23ZIO,S05NSH,,,,,X53TIF,,,,,,B12126,,,,
02015,,13.047513,CTYLAK,FORLAK,T02ZIO,,C03532,E03003,H08126,,M55ZIO,,L15ZBE,P23ZIO,S05NSH,,,,,X54TIF,,,,,,B06003,B12126,,,
02016,"2,443,751",13.047513,CTYLAK,FORLAK,T02ZIO,,C03532,E03003,H08126,,M55ZIO,,L15ZBE,P23ZIO,S05NSH,,,,,X55TIF,,,,,,B06003,B12126,,,
02017,"391,566",14.293636,CTYLAK,FORLAK,T02ZIO,,C03532,E04006,H08126,,M55ZIO,,L15ZBE,P23ZIO,S05NSH,,,,,X55TIF,,,,,,B12126,,,,
02018,,13.047513,CTYLAK,FORLAK,T02ZIO,,C03532,E03003,H08126,,M55ZIO,,L15ZBE,P23ZIO,S05NSH,,,,,X55TIF,,,,,,B06003,B12126,,,
02019,,11.812005,CTYLAK,FORLAK,T02ZIO,,C03532,E01001,H08126,,M55ZIO,,L15ZBE,,S05NSH,,,,,,,,,,,B12126,,,,
02020,,12.160083,CTYLAK,FORLAK,T02ZIO,,C03532,E03003,H08126,,M55ZIO,F23WHA,L15ZBE,,,,,,,,,,,,,B06003,B12126,,,
02021,,12.326842,CTYLAK,FORLAK,T02ZIO,,C03532,E03003,H08126,,M55ZIO,F18NEW,,,,,,,,,,,,,,B06003,B12126,,,
02022,,13.118774,CTYLAK,FORLAK,T02ZIO,,C03532,E03003,H08126,,M55ZIO,F23WHA,L15ZBE,P23ZIO,,,,,,,,,,,,B06003,B12126,,,
02023,,12.486561,CTYLAK,FORLAK,T02ZIO,,C03532,E03003,H08126,,M55ZIO,F18NEW,,,S05NSH,,,,,,,,,,,B06003,B12126,,,
02024,,13.445252,CTYLAK,FORLAK,T02ZIO,,C03532,E03003,H08126,,M55ZIO,F18NEW,,P23ZIO,S05NSH,,,,,,,,,,,B06003,B12126,,,
02025,,13.285533,CTYLAK,FORLAK,T02ZIO,,C03532,E03003,H08126,,M55ZIO,F18NEW,,P23ZIO,,,,,,,,,,,,B06003,B12126,,,
02026,,14.524616,CTYLAK,FORLAK,T02ZIO,,C03532,E04006,H08126,,M55ZIO,F23WHA,L15ZBE,P23ZIO,S05NSH,,,,,,,,,,,B12126,,,,
02027,,12.706448,CTYLAK,FORLAK,T02ZIO,,C03532,E03003,H08126,,M55ZIO,,,P23ZIO,S05NSH,,,,,,,,,,,B06003,B12126,,,
02028,"2,387,336",13.047513,CTYLAK,FORLAK,T02ZIO,,C03532,E03003,H08126,,M55ZIO,,L15ZBE,P23ZIO,S05NSH,,,,,X56TIF,,,,,,B06003,B12126,,,
02029,"1,189,429",13.047513,CTYLAK,FORLAK,T02ZIO,,C03532,E03003,H08126,,M55ZIO,,L15ZBE,P23ZIO,S05NSH,,,,,X57TIF,,,,,,B06003,B12126,,,
02030,"7,634",12.706448,CTYLAK,FORLAK,T02ZIO,,C03532,E03003,H08126,,M55ZIO,,,P23ZIO,S05NSH,,,,,X57TIF,,,,,,B06003,B12126,,,
02031,"548,017",12.546729,CTYLAK,FORLAK,T02ZIO,,C03532,E03003,H08126,,M55ZIO,,,P23ZIO,,,,,,X57TIF,,,,,,B06003,B12126,,,
02032,"6,643,559",12.887794,CTYLAK,FORLAK,T02ZIO,,C03532,E03003,H08126,,M55ZIO,,L15ZBE,P23ZIO,,,,,,X57TIF,,,,,,B06003,B12126,,,
02033,,13.334945,CTYLAK,FORLAK,T02ZIO,,C03532,E04006,H08126,,M55ZIO,,L15ZBE,,S05NSH,,,,,X62TIF,,,,,,B12126,,,,
02034,"6,038,881",14.293636,CTYLAK,FORLAK,T02ZIO,,C03532,E04006,H08126,,M55ZIO,,L15ZBE,P23ZIO,S05NSH,,,,,X62TIF,,,,,,B12126,,,,
02035,"14,759,859",13.047513,CTYLAK,FORLAK,T02ZIO,,C03532,E03003,H08126,,M55ZIO,,L15ZBE,P23ZIO,S05NSH,,,,,X65TIF,,,,,,B06003,B12126,,,
02036,"176,190",13.334945,CTYLAK,FORLAK,T02ZIO,,C03532,E04006,H08126,,M55ZIO,,L15ZBE,,S05NSH,,,,,X65TIF,,,,,,B12126,,,,
02037,"5,356,763",14.293636,CTYLAK,FORLAK,T02ZIO,,C03532,E04006,H08126,,M55ZIO,,L15ZBE,P23ZIO,S05NSH,,,,,X65TIF,,,,,,B12126,,,,
02038,"158,622",14.133917,CTYLAK,FORLAK,T02ZIO,,C03532,E04006,H08126,,M55ZIO,,L15ZBE,P23ZIO,,,,,,X65TIF,,,,,,B12126,,,,
02039,"147,391",13.175226,CTYLAK,FORLAK,T02ZIO,,C03532,E04006,H08126,,M55ZIO,,L15ZBE,,,,,,,X65TIF,,,,,,B12126,,,,
02040,"545,658",12.887794,CTYLAK,FORLAK,T02ZIO,,C03532,E03003,H08126,,M55ZIO,,L15ZBE,P23ZIO,,,,,,X65TIF,,,,,,B06003,B12126,,,
02041,"60,946",11.929103,CTYLAK,FORLAK,T02ZIO,,C03532,E03003,H08126,,M55ZIO,,L15ZBE,,,,,,,X65TIF,,,,,,B06003,B12126,,,
02042,,12.088822,CTYLAK,FORLAK,T02ZIO,,C03532,E03003,H08126,,M55ZIO,,L15ZBE,,S05NSH,,,,,X65TIF,,,,,,B06003,B12126,,,
02043,,13.047513,CTYLAK,FORLAK,T02ZIO,,C03532,E03003,H08126,,M55ZIO,,L15ZBE,P23ZIO,S05NSH,,,,,X56TIF,X65TIF,,,,,B06003,B12126,,,
02044,"3,615,786",13.047513,CTYLAK,FORLAK,T02ZIO,,C03532,E03003,H08126,,M55ZIO,,L15ZBE,P23ZIO,S05NSH,,,,,,,426SSA,,,,B06003,B12126,,,
03001,"10,362,058",10.194581,CTYLAK,FORLAK,T03NEW,R03NEW,C03532,E03003,H08126,,,F18NEW,,,,,,,,,,,,,,B06003,B12126,,,
03002,"8,110,762",10.208179,CTYLAK,FORLAK,T03NEW,R03NEW,C03532,E03003,H08126,,M50WAD,F18NEW,,,,,,,,,,,,,,B06003,B12126,,,
03003,,9.711619,CTYLAK,FORLAK,T03NEW,R03NEW,C03532,E03003,H03117,,,F18NEW,,,,,,,,,,,,,,B06003,,,,
03005,"26,711,785",11.958327,CTYLAK,FORLAK,T03NEW,R03NEW,C03532,E06024,H05121,,M50WAD,F18NEW,L13WNE,,,,,,,,,,,,,B10121,,,,
03006,,9.959671,CTYLAK,FORLAK,T03NEW,R03NEW,C03532,E03003,H05121,,,F18NEW,L13WNE,,,,,,,,,,,,,B06003,B10121,,,
03007,"6,915,409",11.944729,CTYLAK,FORLAK,T03NEW,R03NEW,C03532,E06024,H05121,,,F18NEW,L13WNE,,,,,,,,,,,,,B10121,,,,
03008,"11,752,295",10.505584,CTYLAK,FORLAK,T03NEW,R03NEW,C03532,E03003,H08126,,,F18NEW,L13WNE,,,,,,,,,,,,,B06003,B12126,,,
03009,"1,911,399",12.249465,CTYLAK,FORLAK,T03NEW,R03NEW,C03532,E06024,H05121,,M37OMC,F18NEW,L13WNE,,,,,,,,,,,,,B10121,,,,
03010,"93,589",10.81032,CTYLAK,FORLAK,T03NEW,R03NEW,C03532,E03003,H08126,,M37OMC,F18NEW,L13WNE,,,,,,,,,,,,,B06003,B12126,,,
03011,"276,454",9.756481,CTYLAK,FORLAK,T03NEW,R03NEW,C03532,E16056,H05121,,,F18NEW,L13WNE,,,,,,,,,,,,,B10121,,,,
03012,"64,034,302",9.770079,CTYLAK,FORLAK,T03NEW,R03NEW,C03532,E16056,H05121,,M50WAD,F18NEW,L13WNE,,,,,,,,,,,,,B10121,,,,
03013,"29,196,276",10.519182,CTYLAK,FORLAK,T03NEW,R03NEW,C03532,E03003,H08126,,M50WAD,F18NEW,L13WNE,,,,,,,,,,,,,B06003,B12126,,,
03014,,11.136254,CTYLAK,FORLAK,T03NEW,R03NEW,C03532,E16056,H05121,,M52WAK,,,,,,,,,,,,,,,B10121,,,,
03015,,9.612695,CTYLAK,FORLAK,T03NEW,R03NEW,C03532,E09034,H03117,,,F18NEW,,,,,,,,,,,,,,,,,,
03016, -   ,11.959668,CTYLAK,FORLAK,T03NEW,R03NEW,C03532,E16056,H05121,,M52WAK,,,P20WAK,,,,PORWAK,,,,,,,,B10121,,,,
03017,"419,878",10.593493,CTYLAK,FORLAK,T03NEW,R03NEW,C03532,E16056,H05121,,M50WAD,F18NEW,L13WNE,P20WAK,,,,,,,,,,,,B10121,,,,
03018,,10.194581,CTYLAK,FORLAK,T03NEW,R03NEW,C03532,E03003,H08126,,M06BPA,F18NEW,,,,,,,,,,,,,,B06003,B12126,,,
03019,,9.959671,CTYLAK,FORLAK,T03NEW,R03NEW,C03532,E03003,H05121,,M06BPA,F18NEW,L13WNE,,,,,,,,,,,,,B06003,B10121,,,
03020,,9.756481,CTYLAK,FORLAK,T03NEW,R03NEW,C03532,E16056,H05121,,M06BPA,F18NEW,L13WNE,,,,,,,,,,,,,B10121,,,,
03021,,11.339444,CTYLAK,FORLAK,T03NEW,R03NEW,C03532,E03003,H05121,,M52WAK,,,,,,,,,,,,,,,B06003,B10121,,,
03022,,10.579895,CTYLAK,FORLAK,T03NEW,R03NEW,C03532,E16056,H05121,,M06BPA,F18NEW,L13WNE,P20WAK,,,,,,,,,,,,B10121,,,,
03023,"275,302",12.119387,CTYLAK,FORLAK,T03NEW,R03NEW,C03532,E16056,H05121,,M52WAK,,,P20WAK,S05NSH,,,PORWAK,,,,,,,,B10121,,,,
03024,"190,419",9.929798,CTYLAK,FORLAK,T03NEW,R03NEW,C03532,E16056,H05121,,M50WAD,F18NEW,L13WNE,,S05NSH,,,,,,,,,,,B10121,,,,
03025, -   ,10.753212,CTYLAK,FORLAK,T03NEW,R03NEW,C03532,E16056,H05121,,M50WAD,F18NEW,L13WNE,P20WAK,S05NSH,,,,,,,,,,,B10121,,,,
03026,"10,171,073",10.04152,CTYLAK,FORLAK,T03NEW,R03NEW,C03532,E09034,H03117,,,F18NEW,L01ANT,,,,,,,,,,,,,,,,,
03027,,10.499317,CTYLAK,FORLAK,T03NEW,R03NEW,C03532,E03003,H08126,,M37OMC,F18NEW,,,,,,,,,,,,,,B06003,B12126,,,
03028,"606,261",10.346256,CTYLAK,FORLAK,T03NEW,R03NEW,C03532,E09034,H03117,,M37OMC,F18NEW,L01ANT,,,,,,,,,,,,,,,,,
03029,,10.194581,CTYLAK,FORLAK,T03NEW,R03NEW,C03532,E03003,H08126,,,F18NEW,,,,,,,,,,342SSA,,,,B06003,B12126,,,
03030,"20,054",11.944729,CTYLAK,FORLAK,T03NEW,R03NEW,C03532,E06024,H05121,,,F18NEW,L13WNE,,,,,,,,,342SSA,,,,B10121,,,,
03031,"3,842,647",12.249465,CTYLAK,FORLAK,T03NEW,R03NEW,C03532,E06024,H05121,,M37OMC,F18NEW,L13WNE,,,,,,,,,342SSA,,,,B10121,,,,
03032,"18,626",10.81032,CTYLAK,FORLAK,T03NEW,R03NEW,C03532,E03003,H08126,,M37OMC,F18NEW,L13WNE,,,,,,,,,342SSA,,,,B06003,B12126,,,
03033,"35,590",10.04152,CTYLAK,FORLAK,T03NEW,R03NEW,C03532,E09034,H03117,,,F18NEW,L01ANT,,,,,,,,,342SSA,,,,,,,,
03034,,10.499317,CTYLAK,FORLAK,T03NEW,R03NEW,C03532,E03003,H08126,,M37OMC,F18NEW,,,,,,,,,,342SSA,,,,B06003,B12126,,,
03035,"132,407",10.346256,CTYLAK,FORLAK,T03NEW,R03NEW,C03532,E09034,H03117,,M37OMC,F18NEW,L01ANT,,,,,,,,,342SSA,,,,,,,,
03036,,12.681217,CTYLAK,FORLAK,T03NEW,R03NEW,C03532,E06024,H05121,,M37OMC,F18NEW,L13WNE,P13LND,,,,,,,,,,,,B10121,,,,
03037,,12.730034,CTYLAK,FORLAK,T03NEW,R03NEW,C03532,E06024,H05121,,M37OMC,F18NEW,L13WNE,P13LND,S04LND,,,,,,,,,,,B10121,,,,
03038,,10.549244,CTYLAK,FORLAK,T03NEW,R03NEW,C03532,E03003,H08126,,M50WAD,F18NEW,L15ZBE,,,,,,,,,,,,,B06003,B12126,,,
03039,,12.276072,CTYLAK,FORLAK,T03NEW,R03NEW,C03532,E06024,H05121,,M30LND,F18NEW,L13WNE,,,,,,WTRCLC,,,,,,,B10121,B16CLC,,,
03040,,10.579895,CTYLAK,FORLAK,T03NEW,R03NEW,C03532,E16056,H05121,,,F18NEW,L13WNE,P20WAK,,,,,,,,,,,,B10121,,,,
03041,,10.256854,CTYLAK,FORLAK,T03NEW,R03NEW,C03532,E09034,H03117,,M01ANT,,L01ANT,,,,,,,,,,,,,,,,,
03042,,10.256854,CTYLAK,FORLAK,T03NEW,R03NEW,C03532,E09034,H03117,,M01ANT,,L01ANT,,,,,,,,,342SSA,,,,,,,,
03043,,11.153272,CTYLAK,FORLAK,T03NEW,R03NEW,C03532,E03003,H08126,,,F18NEW,,P23ZIO,,,,,,,,,,,,B06003,B12126,,,
03044,,10.194581,CTYLAK,FORLAK,T03NEW,R03NEW,C03532,E03003,H08126,,M06BPA,F18NEW,,,,,,,,,,140SSA,,,,B06003,B12126,,,
03045,,9.756481,CTYLAK,FORLAK,T03NEW,R03NEW,C03532,E16056,H05121,,M06BPA,F18NEW,L13WNE,,,,,,,,,140SSA,,,,B10121,,,,
03046,,9.973269,CTYLAK,FORLAK,T03NEW,R03NEW,C03532,E03003,H05121,,M50WAD,F18NEW,L13WNE,,,,,,,,,,,,,B06003,B10121,,,
03047,"23,628",10.505584,CTYLAK,FORLAK,T03NEW,R03NEW,C03532,E03003,H08126,,M06BPA,F18NEW,L13WNE,,,,,,,,,,,,,B06003,B12126,,,
03048,"61,647",10.505584,CTYLAK,FORLAK,T03NEW,R03NEW,C03532,E03003,H08126,,,F18NEW,L13WNE,,,,,,,,,342SSA,,,,B06003,B12126,,,
03049,,10.505584,CTYLAK,FORLAK,T03NEW,R03NEW,C03532,E03003,H08126,,M06BPA,F18NEW,L13WNE,,,,,,,,,140SSA,,,,B06003,B12126,,,
03050,,9.756481,CTYLAK,FORLAK,T03NEW,R03NEW,C03532,E16056,H05121,,,F18NEW,L13WNE,,,,,,,,,140SSA,,,,B10121,,,,
03051,,10.04152,CTYLAK,FORLAK,T03NEW,R03NEW,C03532,E09034,H03117,,,F18NEW,L01ANT,,,,,,,X01TIF,,342SSA,,,,,,,,
03052,,10.256854,CTYLAK,FORLAK,T03NEW,R03NEW,C03532,E09034,H03117,,M01ANT,,L01ANT,,,,,,,X01TIF,,342SSA,,,,,,,,
03053,,11.499163,CTYLAK,FORLAK,T03NEW,R03NEW,C03532,E03003,H05121,,M52WAK,,,,S05NSH,,,,,,,,,,,B06003,B10121,,,
03054,,10.739614,CTYLAK,FORLAK,T03NEW,R03NEW,C03532,E16056,H05121,,M06BPA,F18NEW,L13WNE,P20WAK,S05NSH,,,,,,,,,,,B10121,,,,
03055,,11.295973,CTYLAK,FORLAK,T03NEW,R03NEW,C03532,E16056,H05121,,M52WAK,,,,S05NSH,,,PORWAK,,,,,,,,B10121,,,,
03056,,10.11939,CTYLAK,FORLAK,T03NEW,R03NEW,C03532,E03003,H05121,,M06BPA,F18NEW,L13WNE,,S05NSH,,,,,,,,,,,B06003,B10121,,,
03057,,9.756481,CTYLAK,FORLAK,T03NEW,R03NEW,C03532,E16056,H05121,,M06BPA,F18NEW,L13WNE,,,,,,,X07TIF,,140SSA,,,,B10121,,,,
03058,,9.756481,CTYLAK,FORLAK,T03NEW,R03NEW,C03532,E16056,H05121,,M06BPA,F18NEW,L13WNE,,,,,PORWAK,,X07TIF,,,,,,B10121,,,,
03059,,9.959671,CTYLAK,FORLAK,T03NEW,R03NEW,C03532,E03003,H05121,,M06BPA,F18NEW,L13WNE,,,,,,,X07TIF,,,,,,B06003,B10121,,,
03060,,10.11939,CTYLAK,FORLAK,T03NEW,R03NEW,C03532,E03003,H05121,,M06BPA,F18NEW,L13WNE,,S05NSH,,,,,X07TIF,,,,,,B06003,B10121,,,
03061,,10.579895,CTYLAK,FORLAK,T03NEW,R03NEW,C03532,E16056,H05121,,M06BPA,F18NEW,L13WNE,P20WAK,,,,,,X07TIF,,,,,,B10121,,,,
03062,,10.995658,CTYLAK,FORLAK,T03NEW,R03NEW,C03532,E09034,H03117,,M01ANT,F18NEW,L01ANT,,,,,,,,,,,,,,,,,
03063,,10.689402,CTYLAK,FORLAK,T03NEW,R03NEW,C03532,E03003,H08126,,M06BPA,F05BPA,L13WNE,,,,,,,,,140SSA,,,,B06003,B12126,,,
03064,"471,756",11.058418,CTYLAK,FORLAK,T03NEW,R03NEW,C03532,E09034,H03117,,M01ANT,F01ANT,L01ANT,,,,,,,,,,,,,,,,,
03065,"31,840",11.058418,CTYLAK,FORLAK,T03NEW,R03NEW,C03532,E09034,H03117,,M01ANT,F01ANT,L01ANT,,,,,,,X01TIF,,342SSA,,,,,,,,
03066,,9.9162,CTYLAK,FORLAK,T03NEW,R03NEW,C03532,E16056,H05121,,M06BPA,F18NEW,L13WNE,,S05NSH,,,PORWAK,,X07TIF,,,,,,B10121,,,,
03067,"310,462",9.770079,CTYLAK,FORLAK,T03NEW,R03NEW,C03532,E16056,H05121,,M50WAD,F18NEW,L13WNE,,,,,PORWAK,,,,,,,,B06003,B10121,,,
03068,"91,134",9.770079,CTYLAK,FORLAK,T03NEW,R03NEW,C03532,E16056,H05121,,M50WAD,F18NEW,L13WNE,,,,,,,,,,,,,B06003,B10121,B12126,,
03069,,9.929798,CTYLAK,FORLAK,T03NEW,R03NEW,C03532,E16056,H05121,,M50WAD,F18NEW,L13WNE,,S05NSH,,,,,,,,,,,B10121,,,,
03070,,10.678901,CTYLAK,FORLAK,T03NEW,R03NEW,C03532,E03003,H08126,,M50WAD,F18NEW,L13WNE,,S05NSH,,,,,,,,,,,B06003,B12126,,,
03071,"29,270,609",9.9162,CTYLAK,FORLAK,T03NEW,R03NEW,C03532,E16056,H05121,,M06BPA,F18NEW,L13WNE,,S05NSH,,,,,,,140SSA,,,,B10121,,,,
03072,,10.665303,CTYLAK,FORLAK,T03NEW,R03NEW,C03532,E03003,H08126,,M06BPA,F18NEW,L13WNE,,S05NSH,,,,,,,,,,,B06003,B12126,,,
03073,"28,972,033",10.665303,CTYLAK,FORLAK,T03NEW,R03NEW,C03532,E03003,H08126,,M06BPA,F18NEW,L13WNE,,S05NSH,,,,,,,140SSA,,,,B06003,B12126,,,
03074,,9.9162,CTYLAK,FORLAK,T03NEW,R03NEW,C03532,E16056,H05121,,M06BPA,F18NEW,L13WNE,,S05NSH,,,,,X07TIF,,140SSA,,,,B10121,,,,
03075, -   ,10.849121,CTYLAK,FORLAK,T03NEW,R03NEW,C03532,E03003,H08126,,M06BPA,F05BPA,L13WNE,,S05NSH,,,,,,,140SSA,,,,B06003,B12126,,,
03076,,9.9162,CTYLAK,FORLAK,T03NEW,R03NEW,C03532,E16056,H05121,,M06BPA,F18NEW,L13WNE,,S05NSH,,,,,,,,,,,B10121,,,,
03077,"548,642",9.756481,CTYLAK,FORLAK,T03NEW,R03NEW,C03532,E16056,H05121,,,F18NEW,L13WNE,,,,,PORWAK,,,,,,,,B10121,,,,
03078,"10,923,151",9.770079,CTYLAK,FORLAK,T03NEW,R03NEW,C03532,E16056,H05121,,M50WAD,F18NEW,L13WNE,,,,,PORWAK,,,,,,,,B10121,,,,
03079,,9.929798,CTYLAK,FORLAK,T03NEW,R03NEW,C03532,E16056,H05121,,M50WAD,F18NEW,L13WNE,,S05NSH,,,PORWAK,,,,,,,,B10121,,,,
03080,,9.9162,CTYLAK,FORLAK,T03NEW,R03NEW,C03532,E16056,H05121,,M06BPA,F18NEW,L13WNE,,S05NSH,,,PORWAK,,,,140SSA,,,,B10121,,,,
03081,,9.9162,CTYLAK,FORLAK,T03NEW,R03NEW,C03532,E16056,H05121,,M06BPA,F18NEW,L13WNE,,S05NSH,,,PORWAK,,X07TIF,,140SSA,,,,B10121,,,,
04001,,8.427143,CTYLAK,FORLAK,T04ANT,R04ANT,C03532,E32114,H06124,,M10FLA,,L06FLA,,,,,,,,,,,,,B11124,,,,
04002,,8.44749,CTYLAK,FORLAK,T04ANT,R04ANT,C03532,E32114,H03117,,,,L01ANT,,,,,,,,,,,,,,,,,
04003,"36,544,974",8.287488,CTYLAK,FORLAK,T04ANT,R04ANT,C03532,E32114,H06124,,,F09FLA,L01ANT,,,,,,,,,,,,,B11124,,,,
04004,,7.709931,CTYLAK,FORLAK,T04ANT,R04ANT,C03532,E32114,H06124,,,,L01ANT,,,,,,,,,,,,,B11124,,,,
04005,"2,306,204",12.361737,CTYLAK,FORLAK,T04ANT,R04ANT,C03532,E06024,H03117,,,F01ANT,L01ANT,,,,,,,,,,,,,,,,,
04006,,9.476191,CTYLAK,FORLAK,T04ANT,R04ANT,C03532,E09034,H03117,,,,L01ANT,,,,,,,,,,,,,,,,,
04007,"56,587,191",9.631823,CTYLAK,FORLAK,T04ANT,R04ANT,C03532,E08033,H03117,,,F01ANT,L01ANT,,,,,,,,,,,,,,,,,
04008,,10.430329,CTYLAK,FORLAK,T04ANT,R04ANT,C03532,E09034,H03117,,M01ANT,,L01ANT,,,,,,,,,,,,,,,,,
04009,,1.913836,CTYLAK,FORLAK,T04ANT,R04ANT,C03532,E02002,H13157,,,,L01ANT,,,,,,,,,,,,,,,,,
04010,"140,653,715",10.277755,CTYLAK,FORLAK,T04ANT,R04ANT,C03532,E09034,H03117,,,F01ANT,L01ANT,,,,,,,,,,,,,,,,,
04011,,9.784397,CTYLAK,FORLAK,T04ANT,R04ANT,C03532,E08033,H03117,,M01ANT,,L01ANT,,,,,,,,,,,,,,,,,
04012,"106,329,562",9.36423,CTYLAK,FORLAK,T04ANT,R04ANT,C03532,E10036,H03117,,,F01ANT,L01ANT,,,,,,,,,,,,,,,,,
04013,"6,607,731",9.587865,CTYLAK,FORLAK,T04ANT,R04ANT,C03532,E13041,H03117,,,F01ANT,L01ANT,,,,,,,,,,,,,,,,,
04014,,8.516363,CTYLAK,FORLAK,T04ANT,R04ANT,C03532,E32114,H06124,,M10FLA,,L01ANT,,,,,,,,,,,,,B11124,,,,
04015,,9.249054,CTYLAK,FORLAK,T04ANT,R04ANT,C03532,E32114,H03117,,,F01ANT,L01ANT,,,,,,,,,,,,,,,,,
04016,,2.7154,CTYLAK,FORLAK,T04ANT,R04ANT,C03532,E02002,H13157,,,F01ANT,L01ANT,,,,,,,,,,,,,,,,,
04017,,10.430329,CTYLAK,FORLAK,T04ANT,R04ANT,C03532,E09034,H03117,,M01ANT,,L01ANT,,,,,,,X02TIF,,,,,,,,,,
04018,"193,189",11.200333,CTYLAK,FORLAK,T04ANT,R04ANT,C03532,E09034,H03117,,M25LVI,F01ANT,L01ANT,,,,,,WTRCLC,,,,,,,B16CLC,,,,
04019,"4,138",10.282623,CTYLAK,FORLAK,T04ANT,R04ANT,C03532,E09034,H03117,,M10FLA,,L01ANT,,,,,,,,,,,,,,,,,
04020,"30,112,154",10.357012,CTYLAK,FORLAK,T04ANT,R04ANT,C03532,E09034,H03117,,,F01ANT,L01ANT,,,,,,,,,149SSA,,,,,,,,
04021,"18,606,797",9.71108,CTYLAK,FORLAK,T04ANT,R04ANT,C03532,E08033,H03117,,,F01ANT,L01ANT,,,,,,,,,149SSA,,,,,,,,
04022,,10.509586,CTYLAK,FORLAK,T04ANT,R04ANT,C03532,E09034,H03117,,M01ANT,,L01ANT,,,,,,,,,149SSA,,,,,,,,
04023,"338,237",11.27959,CTYLAK,FORLAK,T04ANT,R04ANT,C03532,E09034,H03117,,M25LVI,F01ANT,L01ANT,,,,,,WTRCLC,,,149SSA,,,,B16CLC,,,,
04024,,9.863654,CTYLAK,FORLAK,T04ANT,R04ANT,C03532,E08033,H03117,,M01ANT,,L01ANT,,,,,,,,,149SSA,,,,,,,,
04025,"73,923",12.666473,CTYLAK,FORLAK,T04ANT,R04ANT,C03532,E06024,H03117,,M37OMC,F01ANT,L01ANT,,,,,,,,,,,,,,,,,
04026,"122,499",10.277755,CTYLAK,FORLAK,T04ANT,R04ANT,C03532,E09034,H03117,,,F01ANT,L01ANT,,,,,,,,,342SSA,,,,,,,,
04027,,10.430329,CTYLAK,FORLAK,T04ANT,R04ANT,C03532,E09034,H03117,,M01ANT,,L01ANT,,,,,,,,,342SSA,,,,,,,,
04028, -   ,12.361737,CTYLAK,FORLAK,T04ANT,R04ANT,C03532,E06024,H03117,,,F01ANT,L01ANT,,,,,,,,,342SSA,,,,,,,,
04029,,10.430329,CTYLAK,FORLAK,T04ANT,R04ANT,C03532,E09034,H03117,,M01ANT,,L01ANT,,,,,,,,,101SSA,342SSA,,,,,,,
04030,,10.277755,CTYLAK,FORLAK,T04ANT,R04ANT,C03532,E09034,H03117,,,F01ANT,L01ANT,,,,,,,,,101SSA,342SSA,,,,,,,
04031,,10.430329,CTYLAK,FORLAK,T04ANT,R04ANT,C03532,E09034,H03117,,M01ANT,,L01ANT,,,,,,,,,102SSA,342SSA,,,,,,,
04032,,10.554401,CTYLAK,FORLAK,T04ANT,R04ANT,C03532,E08033,H03117,,M25LVI,F01ANT,L01ANT,,,,,,WTRCLC,,,,,,,B16CLC,,,,
04033,"2,115,573",11.31115,CTYLAK,FORLAK,T04ANT,R04ANT,C03532,E09034,H03117,,M01ANT,F01ANT,L01ANT,,,,,,,,,149SSA,,,,,,,,
04034,"270,665,095",11.231893,CTYLAK,FORLAK,T04ANT,R04ANT,C03532,E09034,H03117,,M01ANT,F01ANT,L01ANT,,,,,,,,,,,,,,,,,
04035,,11.084187,CTYLAK,FORLAK,T04ANT,R04ANT,C03532,E09034,H03117,,M10FLA,F01ANT,L01ANT,,,,,,,,,,,,,,,,,
04036,,10.430329,CTYLAK,FORLAK,T04ANT,R04ANT,C03532,E09034,H03117,,M01ANT,,L01ANT,,,,,,,X01TIF,,,,,,,,,,
04037,,10.430329,CTYLAK,FORLAK,T04ANT,R04ANT,C03532,E09034,H03117,,M01ANT,,L01ANT,,,,,,,X01TIF,,342SSA,,,,,,,,
04038, -   ,11.509289,CTYLAK,FORLAK,T04ANT,R04ANT,C03532,E09034,H03117,,M25LVI,F01ANT,L01ANT,,,,,,WTRCLC,,,154SSA,,,,B16CLC,,,,
04039,"9,175,130",11.588546,CTYLAK,FORLAK,T04ANT,R04ANT,C03532,E09034,H03117,,M25LVI,F01ANT,L01ANT,,,,,,WTRCLC,,,149SSA,154SSA,,,B16CLC,,,,
04040,"56,647,960",9.0047,CTYLAK,FORLAK,T04ANT,R04ANT,C03532,E32114,H06124,,M10FLA,F09FLA,L06FLA,,,,,,,,,,,,,B11124,,,,
04041,"7,945,987",9.09392,CTYLAK,FORLAK,T04ANT,R04ANT,C03532,E32114,H06124,,M10FLA,F09FLA,L01ANT,,,,,,,,,,,,,B11124,,,,
04042,"47,761,973",10.585961,CTYLAK,FORLAK,T04ANT,R04ANT,C03532,E08033,H03117,,M01ANT,F01ANT,L01ANT,,,,,,,,,,,,,,,,,
04043,"467,839",10.665218,CTYLAK,FORLAK,T04ANT,R04ANT,C03532,E08033,H03117,,M01ANT,F01ANT,L01ANT,,,,,,,,,149SSA,,,,,,,,
04044,"18,743,431",11.231893,CTYLAK,FORLAK,T04ANT,R04ANT,C03532,E09034,H03117,,M01ANT,F01ANT,L01ANT,,,,,,,,,342SSA,,,,,,,,
04045,"35,586,211",11.231893,CTYLAK,FORLAK,T04ANT,R04ANT,C03532,E09034,H03117,,M01ANT,F01ANT,L01ANT,,,,,,,,,101SSA,342SSA,,,,,,,
04046,"46,031,563",11.231893,CTYLAK,FORLAK,T04ANT,R04ANT,C03532,E09034,H03117,,M01ANT,F01ANT,L01ANT,,,,,,,,,102SSA,342SSA,,,,,,,
04047,"2,126",11.231893,CTYLAK,FORLAK,T04ANT,R04ANT,C03532,E09034,H03117,,M01ANT,F01ANT,L01ANT,,,,,,,X01TIF,,,,,,,,,,
04048,"154,188",11.231893,CTYLAK,FORLAK,T04ANT,R04ANT,C03532,E09034,H03117,,M01ANT,F01ANT,L01ANT,,,,,,,X01TIF,,342SSA,,,,,,,,
04049,"2,536,304",10.86018,CTYLAK,FORLAK,T04ANT,R04ANT,C03532,E09034,H03117,,M10FLA,F09FLA,L01ANT,,,,,,,,,,,,,,,,,
04050, -   ,10.277755,CTYLAK,FORLAK,T04ANT,R04ANT,C03532,E09034,H03117,,,F01ANT,L01ANT,,,,,,,X60TIF,,,,,,,,,,
04051,,10.357012,CTYLAK,FORLAK,T04ANT,R04ANT,C03532,E09034,H03117,,,F01ANT,L01ANT,,,,,,,X60TIF,,149SSA,,,,,,,,
04052, -   ,11.31115,CTYLAK,FORLAK,T04ANT,R04ANT,C03532,E09034,H03117,,M01ANT,F01ANT,L01ANT,,,,,,,X60TIF,,149SSA,,,,,,,,
04053,"401,618",11.231893,CTYLAK,FORLAK,T04ANT,R04ANT,C03532,E09034,H03117,,M01ANT,F01ANT,L01ANT,,,,,,,X60TIF,,,,,,,,,,
04054, -   ,10.585961,CTYLAK,FORLAK,T04ANT,R04ANT,C03532,E08033,H03117,,M01ANT,F01ANT,L01ANT,,,,,,,X60TIF,,,,,,,,,,
04055,177,10.665218,CTYLAK,FORLAK,T04ANT,R04ANT,C03532,E08033,H03117,,M01ANT,F01ANT,L01ANT,,,,,,,X60TIF,,149SSA,,,,,,,,
04056,"178,276",9.025047,CTYLAK,FORLAK,T04ANT,R04ANT,C03532,E32114,H03117,,,F09FLA,L01ANT,,,,,,,,,,,,,,,,,
04057, -   ,10.053748,CTYLAK,FORLAK,T04ANT,R04ANT,C03532,E09034,H03117,,,F09FLA,L01ANT,,,,,,,,,,,,,,,,,
04058, -   ,2.491393,CTYLAK,FORLAK,T04ANT,R04ANT,C03532,E02002,H13157,,,F09FLA,L01ANT,,,,,,,,,,,,,,,,,
05001,"5,586,920",10.530698,CTYLAK,FORLAK,T05LVI,R05LVI,C03532,E13041,H03117,,M25LVI,F13LVI,L10LVI,,,,,,WTRCLC,,,,,,,B16CLC,,,,
05002,,8.698651,CTYLAK,FORLAK,T05LVI,R05LVI,C03532,,,U03116,,F13LVI,L10LVI,,S03LRE,,,,,,,,,,,,,,,
05003,"1,578,928",12.381992,CTYLAK,FORLAK,T05LVI,R05LVI,C03532,E06024,H03117,,,F13LVI,L10LVI,,,,,,,,,,,,,,,,,
05004,"8,443,615",9.652078,CTYLAK,FORLAK,T05LVI,R05LVI,C03532,E08033,H03117,,,F13LVI,L10LVI,,,,,,,,,,,,,,,,,
05005,"23,515,485",10.29801,CTYLAK,FORLAK,T05LVI,R05LVI,C03532,E09034,H03117,,,F13LVI,L10LVI,,,,,,,,,,,,,,,,,
05006,"3,078,404",9.384485,CTYLAK,FORLAK,T05LVI,R05LVI,C03532,E10036,H03117,,,F13LVI,L10LVI,,,,,,,,,,,,,,,,,
05007,"219,459",11.220588,CTYLAK,FORLAK,T05LVI,R05LVI,C03532,E09034,H03117,,M25LVI,F13LVI,L10LVI,,,,,,WTRCLC,,,,,,,B16CLC,,,,
05008,"64,352,265",9.60812,CTYLAK,FORLAK,T05LVI,R05LVI,C03532,E13041,H03117,,,F13LVI,L10LVI,,,,,,,,,,,,,,,,,
05009,,10.778579,CTYLAK,FORLAK,T05LVI,R05LVI,C03532,E09034,H03117,,,F13LVI,L10LVI,P13LND,S04LND,,,,,,,,,,,,,,,
05010,"12,685,583",8.181747,CTYLAK,FORLAK,T05LVI,R05LVI,C03532,E11037,H06124,,,F13LVI,L10LVI,,,,,,,,,,,,,B11124,,,,
05011,"13,176,498",8.870646,CTYLAK,FORLAK,T05LVI,R05LVI,C03532,E13041,H06124,,,F13LVI,L10LVI,,S03LRE,,,,,,,,,,,B11124,,,,
05012,,8.181747,CTYLAK,FORLAK,T05LVI,R05LVI,C03532,E11037,H06124,,,F13LVI,L10LVI,,S02FLH,,,,,,,,,,,B11124,,,,
05013, -   ,12.857679,CTYLAK,FORLAK,T05LVI,R05LVI,C03532,E06024,H09127,,,F13LVI,L10LVI,,,,,,,,,,,,,,,,,
05014,"61,627,740",10.083807,CTYLAK,FORLAK,T05LVI,R05LVI,C03532,E13041,H09127,,,F13LVI,L10LVI,,,,,,,,,,,,,,,,,
05015,,9.60812,CTYLAK,FORLAK,T05LVI,R05LVI,C03532,E13041,H03117,,,F13LVI,L10LVI,,S02FLH,,,,,,,,,,,,,,,
05016,"156,687",11.261527,CTYLAK,FORLAK,T05LVI,R05LVI,C03532,E14046,H09127,,,F13LVI,L10LVI,,,,,,,,,,,,,,,,,
05017,"914,898",10.527212,CTYLAK,FORLAK,T05LVI,R05LVI,C03532,E15050,H09127,,,F13LVI,L10LVI,,,,,,,,,,,,,B08050,,,,
05018, -   ,10.420032,CTYLAK,FORLAK,T05LVI,R05LVI,C03532,E13041,H03117,,M30LND,F13LVI,L10LVI,P13LND,S04LND,,,,WTRCLC,,,,,,,B16CLC,,,,
05019,,10.895719,CTYLAK,FORLAK,T05LVI,R05LVI,C03532,E13041,H09127,,M30LND,F13LVI,L10LVI,P13LND,S04LND,,,,WTRCLC,,,,,,,B16CLC,,,,
05020, -   ,13.193904,CTYLAK,FORLAK,T05LVI,R05LVI,C03532,E06024,H03117,,M30LND,F13LVI,L10LVI,P13LND,S04LND,,,,WTRCLC,,,,,,,B16CLC,,,,
05021,,10.371215,CTYLAK,FORLAK,T05LVI,R05LVI,C03532,E13041,H03117,,M30LND,F13LVI,L10LVI,P13LND,,,,,WTRCLC,,,,,,,B16CLC,,,,
05022, -   ,11.109922,CTYLAK,FORLAK,T05LVI,R05LVI,C03532,E09034,H03117,,M30LND,F13LVI,L10LVI,P13LND,S04LND,,,,WTRCLC,,,,,,,B16CLC,,,,
05023,,10.088689,CTYLAK,FORLAK,T05LVI,R05LVI,C03532,E13041,H03117,,,F13LVI,L10LVI,P13LND,S04LND,,,,,,,,,,,,,,,
05024,,8.870561,CTYLAK,FORLAK,T05LVI,R05LVI,C03532,E13041,H06124,,,F13LVI,L10LVI,,,,,,,,,,,,,B11124,,,,
05025,"4,011,663",9.608205,CTYLAK,FORLAK,T05LVI,R05LVI,C03532,E13041,H03117,,,F13LVI,L10LVI,,S03LRE,,,,,,,,,,,,,,,
05026,"156,550",10.083892,CTYLAK,FORLAK,T05LVI,R05LVI,C03532,E13041,H09127,,,F13LVI,L10LVI,,S03LRE,,,,,,,,,,,,,,,
05027, -   ,8.181832,CTYLAK,FORLAK,T05LVI,R05LVI,C03532,E11037,H06124,,,F13LVI,L10LVI,,S03LRE,,,,,,,,,,,B11124,,,,
05028,"7,457,320",10.530783,CTYLAK,FORLAK,T05LVI,R05LVI,C03532,E13041,H03117,,M25LVI,F13LVI,L10LVI,,S03LRE,,,,WTRCLC,,,,,,,B16CLC,,,,
05029,,9.793139,CTYLAK,FORLAK,T05LVI,R05LVI,C03532,E13041,H06124,,M25LVI,F13LVI,L10LVI,,,,,,WTRCLC,,,,,,,B11124,B16CLC,,,
05030,"495,552",11.006385,CTYLAK,FORLAK,T05LVI,R05LVI,C03532,E13041,H09127,,M25LVI,F13LVI,L10LVI,,,,,,WTRCLC,,,,,,,B16CLC,,,,
05031,,11.00647,CTYLAK,FORLAK,T05LVI,R05LVI,C03532,E13041,H09127,,M25LVI,F13LVI,L10LVI,,S03LRE,,,,WTRCLC,,,,,,,B16CLC,,,,
05032,,12.713335,CTYLAK,FORLAK,T05LVI,R05LVI,C03532,E06024,H03117,,M30LND,F13LVI,L10LVI,,,,,,WTRCLC,,,,,,,B16CLC,,,,
05033,"72,022",10.858555,CTYLAK,FORLAK,T05LVI,R05LVI,C03532,E15050,H09127,,M30LND,F13LVI,L10LVI,,,,,,WTRCLC,,,,,,,B08050,B16CLC,,,
05034,"2,816,401",9.793224,CTYLAK,FORLAK,T05LVI,R05LVI,C03532,E13041,H06124,,M25LVI,F13LVI,L10LVI,,S03LRE,,,,WTRCLC,,,,,,,B11124,B16CLC,,,
05035, -   ,10.846902,CTYLAK,FORLAK,T05LVI,R05LVI,C03532,E13041,H09127,,M30LND,F13LVI,L10LVI,P13LND,,,,,WTRCLC,,,,,,,B16CLC,,,,
05036,,9.138129,CTYLAK,FORLAK,T05LVI,R05LVI,C03532,E13041,H06124,,M44RLH,F13LVI,L10LVI,,S03LRE,,,,WTRCLC,,,,,,,B11124,B16CLC,,,
05037,,9.773044,CTYLAK,FORLAK,T05LVI,R05LVI,C03532,E13041,H06124,,M44RLH,F13LVI,L10LVI,P17RLA,S03LRE,,,,WTRCLC,,,,,,,B11124,B16CLC,,,
05038,,11.061105,CTYLAK,FORLAK,T05LVI,R05LVI,C03532,E09034,H03117,,M30LND,F13LVI,L10LVI,P13LND,,,,,WTRCLC,,,,,,,B16CLC,,,,
05039,,9.404856,CTYLAK,FORLAK,T05LVI,R05LVI,C03532,,,U03116,M43RLB,F13LVI,L10LVI,,S03LRE,,,,WTRCLC,,,,,,,B16CLC,,,,
05040,"172,651",10.790097,CTYLAK,FORLAK,T05LVI,R05LVI,C03532,E13041,H09127,,M43RLB,F13LVI,L10LVI,,S03LRE,,,,WTRCLC,,,,,,,B16CLC,,,,
05041,,9.576851,CTYLAK,FORLAK,T05LVI,R05LVI,C03532,E13041,H06124,,M43RLB,F13LVI,L10LVI,,S03LRE,,,,WTRCLC,,,,,,,B11124,B16CLC,,,
05042,,10.039771,CTYLAK,FORLAK,T05LVI,R05LVI,C03532,,,U03116,M43RLB,F13LVI,L10LVI,P17RLA,S03LRE,,,,WTRCLC,,,,,,,B16CLC,,,,
05043,"3,663,416",11.425012,CTYLAK,FORLAK,T05LVI,R05LVI,C03532,E13041,H09127,,M43RLB,F13LVI,L10LVI,P17RLA,S03LRE,,,,WTRCLC,,,,,,,B16CLC,,,,
05044,,10.211766,CTYLAK,FORLAK,T05LVI,R05LVI,C03532,E13041,H06124,,M43RLB,F13LVI,L10LVI,P17RLA,S03LRE,,,,WTRCLC,,,,,,,B11124,B16CLC,,,
05045,,11.641385,CTYLAK,FORLAK,T05LVI,R05LVI,C03532,E13041,H09127,,M25LVI,F13LVI,L10LVI,P17RLA,S03LRE,,,,WTRCLC,,,,,,,B16CLC,,,,
05046,,10.428054,CTYLAK,FORLAK,T05LVI,R05LVI,C03532,E13041,H06124,,M25LVI,F13LVI,L10LVI,P17RLA,,,,,WTRCLC,,,,,,,B11124,B16CLC,,,
05047,,10.428139,CTYLAK,FORLAK,T05LVI,R05LVI,C03532,E13041,H06124,,M25LVI,F13LVI,L10LVI,P17RLA,S03LRE,,,,WTRCLC,,,,,,,B11124,B16CLC,,,
05048,,11.6413,CTYLAK,FORLAK,T05LVI,R05LVI,C03532,E13041,H09127,,M25LVI,F13LVI,L10LVI,P17RLA,,,,,WTRCLC,,,,,,,B16CLC,,,,
05049,,10.718722,CTYLAK,FORLAK,T05LVI,R05LVI,C03532,E13041,H09127,,,F13LVI,L10LVI,P17RLA,,,,,,,,,,,,,,,,
05050,,10.579515,CTYLAK,FORLAK,T05LVI,R05LVI,C03532,E13041,H03117,,M25LVI,F13LVI,L10LVI,,S04LND,,,,WTRCLC,,,,,,,B16CLC,,,,
05051,,10.420032,CTYLAK,FORLAK,T05LVI,R05LVI,C03532,E13041,H03117,,M30LND,F13LVI,L10LVI,P13LND,S04LND,,,,WTRCLC,,,260SSA,,,,B16CLC,,,,
05052,"59,692",11.424927,CTYLAK,FORLAK,T05LVI,R05LVI,C03532,E13041,H09127,,M43RLB,F13LVI,L10LVI,P17RLA,,,,,WTRCLC,,,,,,,B16CLC,,,,
05053,"46,678",12.602647,CTYLAK,FORLAK,T05LVI,R05LVI,C03532,E14046,H09127,,M43RLB,F13LVI,L10LVI,P17RLA,,,,,WTRCLC,,,,,,,B16CLC,,,,
05054,"292,300",10.790012,CTYLAK,FORLAK,T05LVI,R05LVI,C03532,E13041,H09127,,M43RLB,F13LVI,L10LVI,,,,,,WTRCLC,,,,,,,B16CLC,,,,
05055, -   ,12.813744,CTYLAK,FORLAK,T05LVI,R05LVI,C03532,E06024,H03117,,,F13LVI,L10LVI,P13LND,,,,,,,,,,,,,,,,
05056,"2,074,277",10.729762,CTYLAK,FORLAK,T05LVI,R05LVI,C03532,E09034,H03117,,,F13LVI,L10LVI,P13LND,,,,,,,,,,,,,,,,
05057, -   ,10.039872,CTYLAK,FORLAK,T05LVI,R05LVI,C03532,E13041,H03117,,,F13LVI,L10LVI,P13LND,,,,,,,,,,,,,,,,
05058,"265,909",13.145087,CTYLAK,FORLAK,T05LVI,R05LVI,C03532,E06024,H03117,,M30LND,F13LVI,L10LVI,P13LND,,,,,WTRCLC,,,,,,,B16CLC,,,,
05059,,13.620774,CTYLAK,FORLAK,T05LVI,R05LVI,C03532,E06024,H09127,,M30LND,F13LVI,L10LVI,P13LND,,,,,WTRCLC,,,,,,,B16CLC,,,,
05060,,11.967732,CTYLAK,FORLAK,T05LVI,R05LVI,C03532,E14046,H09127,,M43RLB,F13LVI,L10LVI,,,,,,WTRCLC,,,,,,,B16CLC,,,,
05061, -   ,9.10441,CTYLAK,FORLAK,T05LVI,R05LVI,C03532,E11037,H06124,,M25LVI,F13LVI,L10LVI,,S03LRE,,,,WTRCLC,,,,,,,B11124,B16CLC,,,
05062,,11.896442,CTYLAK,FORLAK,T05LVI,R05LVI,C03532,E14046,H09127,,,F13LVI,L10LVI,P17RLA,,,,,,,,,,,,,,,,
05063,,11.799004,CTYLAK,FORLAK,T05LVI,R05LVI,C03532,E14046,H09127,,M12GRA,F13LVI,L10LVI,,,,,,WTRCLC,,,,,,,B16CLC,,,,
05064,"1,557,187",12.273005,CTYLAK,FORLAK,T05LVI,R05LVI,C03532,E14046,H09127,,M12GRA,F13LVI,L10LVI,P08GRA,,,,,WTRCLC,,,,,,,B16CLC,,,,
05065,,13.289431,CTYLAK,FORLAK,T05LVI,R05LVI,C03532,E06024,H09127,,,F13LVI,L10LVI,P13LND,,,,,,,,,,,,,,,,
05066,"112,835",10.377267,CTYLAK,FORLAK,T05LVI,R05LVI,C03532,E09034,H03117,,,F13LVI,L10LVI,,,,,,,,,149SSA,,,,,,,,
05067,"72,774",11.299845,CTYLAK,FORLAK,T05LVI,R05LVI,C03532,E09034,H03117,,M25LVI,F13LVI,L10LVI,,,,,,WTRCLC,,,149SSA,,,,B16CLC,,,,
05068,,10.41515,CTYLAK,FORLAK,T05LVI,R05LVI,C03532,E13041,H09127,,M30LND,F13LVI,L10LVI,,,,,,WTRCLC,,,,,,,B16CLC,,,,
05069,,11.424927,CTYLAK,FORLAK,T05LVI,R05LVI,C03532,E13041,H09127,,M43RLB,F13LVI,L10LVI,P17RLA,S07RLA,,,,WTRCLC,,,,,,,B16CLC,,,,
05070,,12.602647,CTYLAK,FORLAK,T05LVI,R05LVI,C03532,E14046,H09127,,M43RLB,F13LVI,L10LVI,P17RLA,S07RLA,,,,WTRCLC,,,,,,,B16CLC,,,,
05071,,11.290307,CTYLAK,FORLAK,T05LVI,R05LVI,C03532,E15050,H09127,,M30LND,F13LVI,L10LVI,P13LND,,,,,WTRCLC,,,,,,,B08050,B16CLC,,,
05072,,10.718807,CTYLAK,FORLAK,T05LVI,R05LVI,C03532,E13041,H09127,,,F13LVI,L10LVI,P17RLA,S03LRE,,,,,,,,,,,,,,,
05073,,9.333566,CTYLAK,FORLAK,T05LVI,R05LVI,C03532,,,U03116,,F13LVI,L10LVI,P17RLA,S03LRE,,,,,,,,,,,,,,,
05074,,11.896442,CTYLAK,FORLAK,T05LVI,R05LVI,C03532,E14046,H09127,,,F13LVI,L10LVI,P17RLA,S07RLA,,,,,,,,,,,,,,,
05075,,10.629353,CTYLAK,FORLAK,T05LVI,R05LVI,C03532,E09034,H03117,,M30LND,F13LVI,L10LVI,,,,,,WTRCLC,,,,,,,B16CLC,,,,
05076,"871,092",12.686728,CTYLAK,FORLAK,T05LVI,R05LVI,C03532,E06024,H03117,,M37OMC,F13LVI,L10LVI,,,,,,,,,,,,,,,,,
05077, -   ,13.11848,CTYLAK,FORLAK,T05LVI,R05LVI,C03532,E06024,H03117,,M37OMC,F13LVI,L10LVI,P13LND,,,,,,,,,,,,,,,,
05078,,13.162415,CTYLAK,FORLAK,T05LVI,R05LVI,C03532,E06024,H09127,,M37OMC,F13LVI,L10LVI,,,,,,,,,,,,,,,,,
05079,"33,835",9.935875,CTYLAK,FORLAK,T05LVI,R05LVI,C03532,E13041,H06124,,M44RLH,F12GRL,L10LVI,P17RLA,S03LRE,,,,WTRCLC,,,,,,,B11124,B16CLC,,,
05080,"14,680,675",11.587758,CTYLAK,FORLAK,T05LVI,R05LVI,C03532,E13041,H09127,,M43RLB,F12GRL,L10LVI,P17RLA,,,,,WTRCLC,,,,,,,B16CLC,,,,
05081,"25,944,246",10.374597,CTYLAK,FORLAK,T05LVI,R05LVI,C03532,E13041,H06124,,M43RLB,F12GRL,L10LVI,P17RLA,S03LRE,,,,WTRCLC,,,,,,,B11124,B16CLC,,,
05082,"35,993,377",11.587843,CTYLAK,FORLAK,T05LVI,R05LVI,C03532,E13041,H09127,,M43RLB,F12GRL,L10LVI,P17RLA,S03LRE,,,,WTRCLC,,,,,,,B16CLC,,,,
05083,"34,841,414",10.202602,CTYLAK,FORLAK,T05LVI,R05LVI,C03532,,,U03116,M43RLB,F12GRL,L10LVI,P17RLA,S03LRE,,,,WTRCLC,,,,,,,B16CLC,,,,
05084,"418,337",10.952928,CTYLAK,FORLAK,T05LVI,R05LVI,C03532,E13041,H09127,,M43RLB,F12GRL,L10LVI,,S03LRE,,,,WTRCLC,,,,,,,B16CLC,,,,
05085,,12.765478,CTYLAK,FORLAK,T05LVI,R05LVI,C03532,E14046,H09127,,M43RLB,F12GRL,L10LVI,P17RLA,S07RLA,,,,WTRCLC,,,,,,,B16CLC,,,,
05086,,11.587758,CTYLAK,FORLAK,T05LVI,R05LVI,C03532,E13041,H09127,,M43RLB,F12GRL,L10LVI,P17RLA,S07RLA,,,,WTRCLC,,,,,,,B16CLC,,,,
05087,,10.895719,CTYLAK,FORLAK,T05LVI,R05LVI,C03532,E13041,H09127,,M30LND,F13LVI,L10LVI,P13LND,S04LND,,,,WTRCLC,,,261SSA,,,,B16CLC,,,,
05088,,10.895719,CTYLAK,FORLAK,T05LVI,R05LVI,C03532,E13041,H09127,,M30LND,F13LVI,L10LVI,P13LND,S04LND,,,,WTRCLC,,,262SSA,,,,B16CLC,,,,
05089,,10.67817,CTYLAK,FORLAK,T05LVI,R05LVI,C03532,E09034,H03117,,M30LND,F13LVI,L10LVI,,S04LND,,,,WTRCLC,,,,,,,B16CLC,,,,
05090,"50,698",12.686728,CTYLAK,FORLAK,T05LVI,R05LVI,C03532,E06024,H03117,,M37OMC,F13LVI,L10LVI,,,,,,,,,342SSA,,,,,,,,
05091, -   ,9.939463,CTYLAK,FORLAK,T05LVI,R05LVI,C03532,E13041,H03117,,M30LND,F13LVI,L10LVI,,,,,,WTRCLC,,,,,,,B16CLC,,,,
05092,231,13.669591,CTYLAK,FORLAK,T05LVI,R05LVI,C03532,E06024,H09127,,M30LND,F13LVI,L10LVI,P13LND,S04LND,,,,WTRCLC,,,,,,,B16CLC,,,,
05093,,12.906496,CTYLAK,FORLAK,T05LVI,R05LVI,C03532,E06024,H09127,,,F13LVI,L10LVI,,S04LND,,,,,,,,,,,,,,,
05094,,13.338248,CTYLAK,FORLAK,T05LVI,R05LVI,C03532,E06024,H09127,,,F13LVI,L10LVI,P13LND,S04LND,,,,,,,,,,,,,,,
05095,,9.98828,CTYLAK,FORLAK,T05LVI,R05LVI,C03532,E13041,H03117,,M30LND,F13LVI,L10LVI,,S04LND,,,,WTRCLC,,,,,,,B16CLC,,,,
05096,"5,651",10.215899,CTYLAK,FORLAK,T05LVI,R05LVI,C03532,E13041,H09127,,M46THL,F13LVI,L10LVI,,,,,,,,,,,,,,,,,
05097,"257,846",10.515559,CTYLAK,FORLAK,T05LVI,R05LVI,C03532,E13041,H09127,,,F13LVI,L10LVI,P13LND,,,,,,,,,,,,,,,,
05098, -   ,10.958964,CTYLAK,FORLAK,T05LVI,R05LVI,C03532,E15050,H09127,,,F13LVI,L10LVI,P13LND,,,,,,,,,,,,B08050,,,,
05099,,12.381992,CTYLAK,FORLAK,T05LVI,R05LVI,C03532,E06024,H03117,,,F13LVI,L10LVI,,,,,,,,,342SSA,,,,,,,,
05100,,13.167297,CTYLAK,FORLAK,T05LVI,R05LVI,C03532,E06024,H03117,,M37OMC,F13LVI,L10LVI,P13LND,S04LND,,,,,,,,,,,,,,,
05101,"18,323,698",9.935875,CTYLAK,FORLAK,T05LVI,R05LVI,C03532,E13041,H06124,,M44RLH,F12GRL,L10LVI,P17RLA,S03LRE,,,,WTRCLC,,,346SSA,,,,B11124,B16CLC,,,
05102,,12.857679,CTYLAK,FORLAK,T05LVI,R05LVI,C03532,E06024,H09127,,,F13LVI,L10LVI,,,,,,,,,263SSA,,,,,,,,
05103,,13.289431,CTYLAK,FORLAK,T05LVI,R05LVI,C03532,E06024,H09127,,,F13LVI,L10LVI,P13LND,,,,,,,,263SSA,,,,,,,,
05104,,13.620774,CTYLAK,FORLAK,T05LVI,R05LVI,C03532,E06024,H09127,,M30LND,F13LVI,L10LVI,P13LND,,,,,WTRCLC,,,263SSA,,,,B16CLC,,,,
05105,,13.594167,CTYLAK,FORLAK,T05LVI,R05LVI,C03532,E06024,H09127,,M37OMC,F13LVI,L10LVI,P13LND,,,,,,,,,,,,,,,,
05106,,12.735545,CTYLAK,FORLAK,T05LVI,R05LVI,C03532,E06024,H03117,,M37OMC,F13LVI,L10LVI,,S04LND,,,,,,,,,,,,,,,
05107,,13.189022,CTYLAK,FORLAK,T05LVI,R05LVI,C03532,E06024,H09127,,M30LND,F13LVI,L10LVI,,,,,,WTRCLC,,,,,,,B16CLC,,,,
05108,,10.346827,CTYLAK,FORLAK,T05LVI,R05LVI,C03532,E09034,H03117,,,F13LVI,L10LVI,,S04LND,,,,,,,,,,,,,,,
05109,"11,092,058",9.935875,CTYLAK,FORLAK,T05LVI,R05LVI,C03532,E13041,H06124,,M44RLH,F12GRL,L10LVI,P17RLA,S03LRE,,,,WTRCLC,,,347SSA,,,,B11124,B16CLC,,,
05110,,13.642984,CTYLAK,FORLAK,T05LVI,R05LVI,C03532,E06024,H09127,,M37OMC,F13LVI,L10LVI,P13LND,S04LND,,,,,,,,,,,,,,,
05111,,13.669591,CTYLAK,FORLAK,T05LVI,R05LVI,C03532,E06024,H09127,,M30LND,F13LVI,L10LVI,P13LND,S04LND,,,,WTRCLC,,,263SSA,,,,B16CLC,,,,
05112,,13.211232,CTYLAK,FORLAK,T05LVI,R05LVI,C03532,E06024,H09127,,M37OMC,F13LVI,L10LVI,,S04LND,,,,,,,,,,,,,,,
05113, -   ,12.762152,CTYLAK,FORLAK,T05LVI,R05LVI,C03532,E06024,H03117,,M30LND,F13LVI,L10LVI,,S04LND,,,,WTRCLC,,,,,,,B16CLC,,,,
05114,"1,792,952",11.339124,CTYLAK,FORLAK,T05LVI,R05LVI,C03532,E15050,H09127,,M30LND,F13LVI,L10LVI,P13LND,S04LND,,,,WTRCLC,,,,,,,B08050,B16CLC,,,
05115,,10.576029,CTYLAK,FORLAK,T05LVI,R05LVI,C03532,E15050,H09127,,,F13LVI,L10LVI,,S04LND,,,,,,,,,,,B08050,,,,
05116,,10.564376,CTYLAK,FORLAK,T05LVI,R05LVI,C03532,E13041,H09127,,,F13LVI,L10LVI,P13LND,S04LND,,,,,,,,,,,,,,,
05117,,13.11848,CTYLAK,FORLAK,T05LVI,R05LVI,C03532,E06024,H03117,,M37OMC,F13LVI,L10LVI,P13LND,,,,,,,,342SSA,,,,,,,,
05118, -   ,13.167297,CTYLAK,FORLAK,T05LVI,R05LVI,C03532,E06024,H03117,,M37OMC,F13LVI,L10LVI,P13LND,S04LND,,,,,,,342SSA,,,,,,,,
05119,"73,185,342",10.839654,CTYLAK,FORLAK,T05LVI,R05LVI,C03532,E13041,H03117,,M25LVI,F13LVI,L10LVI,,,,,,WTRCLC,,,154SSA,,,,B16CLC,,,,
05120,"35,614,506",11.529544,CTYLAK,FORLAK,T05LVI,R05LVI,C03532,E09034,H03117,,M25LVI,F13LVI,L10LVI,,,,,,WTRCLC,,,154SSA,,,,B16CLC,,,,
05121,"10,915,217",9.917076,CTYLAK,FORLAK,T05LVI,R05LVI,C03532,E13041,H03117,,,F13LVI,L10LVI,,,,,,WTRCLC,,,154SSA,,,,B16CLC,,,,
05122,"42,831,696",8.490703,CTYLAK,FORLAK,T05LVI,R05LVI,C03532,E11037,H06124,,,F13LVI,L10LVI,,,,,,WTRCLC,,,154SSA,,,,B11124,B16CLC,,,
05123, -   ,9.179602,CTYLAK,FORLAK,T05LVI,R05LVI,C03532,E13041,H06124,,,F13LVI,L10LVI,,S03LRE,,,,WTRCLC,,,154SSA,,,,B11124,B16CLC,,,
05124,,8.490703,CTYLAK,FORLAK,T05LVI,R05LVI,C03532,E11037,H06124,,,F13LVI,L10LVI,,S02FLH,,,,WTRCLC,,,154SSA,,,,B11124,B16CLC,,,
05125,,9.917076,CTYLAK,FORLAK,T05LVI,R05LVI,C03532,E13041,H03117,,,F13LVI,L10LVI,,S02FLH,,,,WTRCLC,,,154SSA,,,,B16CLC,,,,
05126,"105,975,193",10.728988,CTYLAK,FORLAK,T05LVI,R05LVI,C03532,E13041,H03117,,M30LND,F13LVI,L10LVI,P13LND,S04LND,,,,WTRCLC,,,154SSA,,,,B16CLC,,,,
05127,"14,141,707",11.204675,CTYLAK,FORLAK,T05LVI,R05LVI,C03532,E13041,H09127,,M30LND,F13LVI,L10LVI,P13LND,S04LND,,,,WTRCLC,,,154SSA,,,,B16CLC,,,,
05128,"117,897,617",13.50286,CTYLAK,FORLAK,T05LVI,R05LVI,C03532,E06024,H03117,,M30LND,F13LVI,L10LVI,P13LND,S04LND,,,,WTRCLC,,,154SSA,,,,B16CLC,,,,
05129,"18,414",10.680171,CTYLAK,FORLAK,T05LVI,R05LVI,C03532,E13041,H03117,,M30LND,F13LVI,L10LVI,P13LND,,,,,WTRCLC,,,154SSA,,,,B16CLC,,,,
05130,"84,143,945",11.418878,CTYLAK,FORLAK,T05LVI,R05LVI,C03532,E09034,H03117,,M30LND,F13LVI,L10LVI,P13LND,S04LND,,,,WTRCLC,,,154SSA,,,,B16CLC,,,,
05131, -   ,9.917161,CTYLAK,FORLAK,T05LVI,R05LVI,C03532,E13041,H03117,,,F13LVI,L10LVI,,S03LRE,,,,WTRCLC,,,154SSA,,,,B16CLC,,,,
05132,"772,092",8.490788,CTYLAK,FORLAK,T05LVI,R05LVI,C03532,E11037,H06124,,,F13LVI,L10LVI,,S03LRE,,,,WTRCLC,,,154SSA,,,,B11124,B16CLC,,,
05133,"17,835,783",10.839739,CTYLAK,FORLAK,T05LVI,R05LVI,C03532,E13041,H03117,,M25LVI,F13LVI,L10LVI,,S03LRE,,,,WTRCLC,,,154SSA,,,,B16CLC,,,,
05134,"4,102,174",10.102095,CTYLAK,FORLAK,T05LVI,R05LVI,C03532,E13041,H06124,,M25LVI,F13LVI,L10LVI,,,,,,WTRCLC,,,154SSA,,,,B11124,B16CLC,,,
05135,"51,651,590",11.315341,CTYLAK,FORLAK,T05LVI,R05LVI,C03532,E13041,H09127,,M25LVI,F13LVI,L10LVI,,,,,,WTRCLC,,,154SSA,,,,B16CLC,,,,
05136,"186,197",11.315426,CTYLAK,FORLAK,T05LVI,R05LVI,C03532,E13041,H09127,,M25LVI,F13LVI,L10LVI,,S03LRE,,,,WTRCLC,,,154SSA,,,,B16CLC,,,,
05137,"26,043,058",10.10218,CTYLAK,FORLAK,T05LVI,R05LVI,C03532,E13041,H06124,,M25LVI,F13LVI,L10LVI,,S03LRE,,,,WTRCLC,,,154SSA,,,,B11124,B16CLC,,,
05138,"5,269,244",11.155858,CTYLAK,FORLAK,T05LVI,R05LVI,C03532,E13041,H09127,,M30LND,F13LVI,L10LVI,P13LND,,,,,WTRCLC,,,154SSA,,,,B16CLC,,,,
05139,,11.370061,CTYLAK,FORLAK,T05LVI,R05LVI,C03532,E09034,H03117,,M30LND,F13LVI,L10LVI,P13LND,,,,,WTRCLC,,,154SSA,,,,B16CLC,,,,
05140, -   ,11.950341,CTYLAK,FORLAK,T05LVI,R05LVI,C03532,E13041,H09127,,M25LVI,F13LVI,L10LVI,P17RLA,S03LRE,,,,WTRCLC,,,154SSA,,,,B16CLC,,,,
05141, -   ,10.737095,CTYLAK,FORLAK,T05LVI,R05LVI,C03532,E13041,H06124,,M25LVI,F13LVI,L10LVI,P17RLA,S03LRE,,,,WTRCLC,,,154SSA,,,,B11124,B16CLC,,,
05142, -   ,11.950256,CTYLAK,FORLAK,T05LVI,R05LVI,C03532,E13041,H09127,,M25LVI,F13LVI,L10LVI,P17RLA,,,,,WTRCLC,,,154SSA,,,,B16CLC,,,,
05143, -   ,10.888471,CTYLAK,FORLAK,T05LVI,R05LVI,C03532,E13041,H03117,,M25LVI,F13LVI,L10LVI,,S04LND,,,,WTRCLC,,,154SSA,,,,B16CLC,,,,
05144,"288,328",13.454043,CTYLAK,FORLAK,T05LVI,R05LVI,C03532,E06024,H03117,,M30LND,F13LVI,L10LVI,P13LND,,,,,WTRCLC,,,154SSA,,,,B16CLC,,,,
05145,"698,753",13.92973,CTYLAK,FORLAK,T05LVI,R05LVI,C03532,E06024,H09127,,M30LND,F13LVI,L10LVI,P13LND,,,,,WTRCLC,,,154SSA,,,,B16CLC,,,,
05146,"1,858,718",11.608801,CTYLAK,FORLAK,T05LVI,R05LVI,C03532,E09034,H03117,,M25LVI,F13LVI,L10LVI,,,,,,WTRCLC,,,149SSA,154SSA,,,B16CLC,,,,
05147,,11.599263,CTYLAK,FORLAK,T05LVI,R05LVI,C03532,E15050,H09127,,M30LND,F13LVI,L10LVI,P13LND,,,,,WTRCLC,,,154SSA,,,,B08050,B16CLC,,,
05148,,11.896799,CTYLAK,FORLAK,T05LVI,R05LVI,C03532,E13041,H09127,,M43RLB,F12GRL,L10LVI,P17RLA,S03LRE,,,,WTRCLC,,,154SSA,,,,B16CLC,,,,
05149,"1,386",10.987126,CTYLAK,FORLAK,T05LVI,R05LVI,C03532,E09034,H03117,,M30LND,F13LVI,L10LVI,,S04LND,,,,WTRCLC,,,154SSA,,,,B16CLC,,,,
05150,"46,695,775",13.978547,CTYLAK,FORLAK,T05LVI,R05LVI,C03532,E06024,H09127,,M30LND,F13LVI,L10LVI,P13LND,S04LND,,,,WTRCLC,,,154SSA,,,,B16CLC,,,,
05151,,10.297236,CTYLAK,FORLAK,T05LVI,R05LVI,C03532,E13041,H03117,,M30LND,F13LVI,L10LVI,,S04LND,,,,WTRCLC,,,154SSA,,,,B16CLC,,,,
05152, -   ,10.824515,CTYLAK,FORLAK,T05LVI,R05LVI,C03532,E13041,H09127,,,F13LVI,L10LVI,P13LND,,,,,WTRCLC,,,154SSA,,,,B16CLC,,,,
05153,,13.978547,CTYLAK,FORLAK,T05LVI,R05LVI,C03532,E06024,H09127,,M30LND,F13LVI,L10LVI,P13LND,S04LND,,,,WTRCLC,,,154SSA,263SSA,,,B16CLC,,,,
05154,,13.071108,CTYLAK,FORLAK,T05LVI,R05LVI,C03532,E06024,H03117,,M30LND,F13LVI,L10LVI,,S04LND,,,,WTRCLC,,,154SSA,,,,B16CLC,,,,
05155,"69,546",11.64808,CTYLAK,FORLAK,T05LVI,R05LVI,C03532,E15050,H09127,,M30LND,F13LVI,L10LVI,P13LND,S04LND,,,,WTRCLC,,,154SSA,,,,B08050,B16CLC,,,
05156, -   ,10.73701,CTYLAK,FORLAK,T05LVI,R05LVI,C03532,E13041,H06124,,M25LVI,F13LVI,L10LVI,P17RLA,,,,,WTRCLC,,,154SSA,,,,B11124,B16CLC,,,
05157,,10.683553,CTYLAK,FORLAK,T05LVI,R05LVI,C03532,E13041,H06124,,M43RLB,F12GRL,L10LVI,P17RLA,S03LRE,,,,WTRCLC,,,154SSA,,,,B11124,B16CLC,,,
05158,,10.907372,CTYLAK,FORLAK,T05LVI,R05LVI,C03532,E15050,H09127,,M30LND,F13LVI,L10LVI,,S04LND,,,,WTRCLC,,,,,,,B08050,B16CLC,,,
05159,"8,634,787",10.839654,CTYLAK,FORLAK,T05LVI,R05LVI,C03532,E13041,H03117,,M25LVI,F13LVI,L10LVI,,,,,,WTRCLC,X23TIF,,154SSA,,,,B16CLC,,,,
05160,,12.862561,CTYLAK,FORLAK,T05LVI,R05LVI,C03532,E06024,H03117,,,F13LVI,L10LVI,P13LND,S04LND,,,,WTRCLC,,,,,,,B16CLC,,,,
05161,,12.430809,CTYLAK,FORLAK,T05LVI,R05LVI,C03532,E06024,H03117,,,F13LVI,L10LVI,,S04LND,,,,,,,,,,,,,,,
05162,,13.171517,CTYLAK,FORLAK,T05LVI,R05LVI,C03532,E06024,H03117,,,F13LVI,L10LVI,P13LND,S04LND,,,,,,,154SSA,,,,,,,,
05163,"21,418,451",12.765478,CTYLAK,FORLAK,T05LVI,R05LVI,C03532,E14046,H09127,,M43RLB,F12GRL,L10LVI,P17RLA,,,,,WTRCLC,,,,,,,B16CLC,,,,
05164,,13.476253,CTYLAK,FORLAK,T05LVI,R05LVI,C03532,E06024,H03117,,M37OMC,F13LVI,L10LVI,P13LND,S04LND,,,,,,,154SSA,,,,,,,,
05165,"80,536",10.839654,CTYLAK,FORLAK,T05LVI,R05LVI,C03532,E13041,H03117,,M25LVI,F13LVI,L10LVI,,,,,,WTRCLC,X66TIF,,154SSA,,,,B16CLC,,,,
05166,"675,470",11.315341,CTYLAK,FORLAK,T05LVI,R05LVI,C03532,E13041,H09127,,M25LVI,F13LVI,L10LVI,,,,,,WTRCLC,X66TIF,,154SSA,,,,B16CLC,,,,
05167, -   ,12.862561,CTYLAK,FORLAK,T05LVI,R05LVI,C03532,E06024,H03117,,,F13LVI,L10LVI,P13LND,S04LND,,,,,,,,,,,,,,,
05168,"8,906,946",10.728988,CTYLAK,FORLAK,T05LVI,R05LVI,C03532,E13041,H03117,,M30LND,F13LVI,L10LVI,P13LND,S04LND,,,,WTRCLC,X74TIF,,154SSA,,,,B16CLC,,,,
05169,"985,394",11.204675,CTYLAK,FORLAK,T05LVI,R05LVI,C03532,E13041,H09127,,M30LND,F13LVI,L10LVI,P13LND,S04LND,,,,WTRCLC,X74TIF,,154SSA,,,,B16CLC,,,,
05170,"80,788",10.680171,CTYLAK,FORLAK,T05LVI,R05LVI,C03532,E13041,H03117,,M30LND,F13LVI,L10LVI,P13LND,,,,,WTRCLC,X74TIF,,154SSA,,,,B16CLC,,,,
05171,"69,162",11.155858,CTYLAK,FORLAK,T05LVI,R05LVI,C03532,E13041,H09127,,M30LND,F13LVI,L10LVI,P13LND,,,,,WTRCLC,X74TIF,,154SSA,,,,B16CLC,,,,
05172,"119,633",10.297236,CTYLAK,FORLAK,T05LVI,R05LVI,C03532,E13041,H03117,,M30LND,F13LVI,L10LVI,,S04LND,,,,WTRCLC,X74TIF,,154SSA,,,,B16CLC,,,,
06001,,8.17038,CTYLAK,FORLAK,T06GRA,R06GRA,C03532,E11037,H06124,,M10FLA,,L06FLA,,,,,,,,,,,,,B11124,,,,
06002,,8.170465,CTYLAK,FORLAK,T06GRA,R06GRA,C03532,E11037,H06124,,M10FLA,,L06FLA,,S03LRE,,,,,,,,,,,B11124,,,,
06003,,8.693768,CTYLAK,FORLAK,T06GRA,R06GRA,C03532,E12038,H06124,,M10FLA,,L06FLA,,,,,,,,,,,,,B07038,B11124,,,
06004,"4,355",9.555947,CTYLAK,FORLAK,T06GRA,R06GRA,C03532,E12038,H06124,,M42RLA,F09FLA,L06FLA,,S03LRE,,,,WTRCLC,,,,,,,B07038,B11124,B16CLC,,
06005,,8.520383,CTYLAK,FORLAK,T06GRA,R06GRA,C03532,E32114,H06124,,M10FLA,,L06FLA,,,,,,,,,,,,,B11124,,,,
06006,,9.032315,CTYLAK,FORLAK,T06GRA,R06GRA,C03532,,,U04118,,F09FLA,L06FLA,,,,,,,,,,,,,,,,,
06007,"101,224,603",7.94159,CTYLAK,FORLAK,T06GRA,R06GRA,C03532,E11037,H06124,,,F09FLA,L06FLA,,S03LRE,,,,,,,,,,,B11124,,,,
06008,"1,032,254",9.156447,CTYLAK,FORLAK,T06GRA,R06GRA,C03532,E05015,H06124,,,F09FLA,L06FLA,,,,,,,,,,,,,B11124,,,,
06009,"33,906,628",7.941505,CTYLAK,FORLAK,T06GRA,R06GRA,C03532,E11037,H06124,,,F09FLA,L06FLA,,,,,,,,,,,,,B11124,,,,
06010,,9.852138,CTYLAK,FORLAK,T06GRA,R06GRA,C03532,E11037,H06124,,M42RLA,F09FLA,L11RLA,P17RLA,S07RLA,,,,WTRCLC,,,,,,,B11124,B16CLC,,,
06011,"51,721,228",8.464893,CTYLAK,FORLAK,T06GRA,R06GRA,C03532,E12038,H06124,,,F09FLA,L06FLA,,,,,,,,,,,,,B07038,B11124,,,
06012,,10.375526,CTYLAK,FORLAK,T06GRA,R06GRA,C03532,E12038,H06124,,M42RLA,F09FLA,L11RLA,P17RLA,S07RLA,,,,WTRCLC,,,,,,,B07038,B11124,B16CLC,,
06013,"83,379,650",8.464978,CTYLAK,FORLAK,T06GRA,R06GRA,C03532,E12038,H06124,,,F09FLA,L06FLA,,S03LRE,,,,,,,,,,,B07038,B11124,,,
06014,"9,191,311",8.291508,CTYLAK,FORLAK,T06GRA,R06GRA,C03532,E32114,H06124,,,F09FLA,L06FLA,,,,,,,,,,,,,B11124,,,,
06015,"134,290",11.02137,CTYLAK,FORLAK,T06GRA,R06GRA,C03532,E14046,H09127,,,F09FLA,L06FLA,,S03LRE,,,,,,,,,,,,,,,
06016,"190,085",11.021285,CTYLAK,FORLAK,T06GRA,R06GRA,C03532,E14046,H09127,,,F09FLA,L06FLA,,,,,,,,,,,,,,,,,
06017,,9.099808,CTYLAK,FORLAK,T06GRA,R06GRA,C03532,E12038,H06124,,,F09FLA,L06FLA,P17RLA,,,,,,,,,,,,B07038,B11124,,,
06018,"7,491,114",9.099893,CTYLAK,FORLAK,T06GRA,R06GRA,C03532,E12038,H06124,,,F09FLA,L06FLA,P17RLA,S03LRE,,,,,,,,,,,B07038,B11124,,,
06019,,8.693853,CTYLAK,FORLAK,T06GRA,R06GRA,C03532,E12038,H06124,,M10FLA,,L06FLA,,S03LRE,,,,,,,,,,,B07038,B11124,,,
06020,"60,567",10.190777,CTYLAK,FORLAK,T06GRA,R06GRA,C03532,E12038,H06124,,M42RLA,F09FLA,L06FLA,P17RLA,,,,,WTRCLC,,,,,,,B07038,B11124,B16CLC,,
06021,"27,462,336",10.190862,CTYLAK,FORLAK,T06GRA,R06GRA,C03532,E12038,H06124,,M42RLA,F09FLA,L06FLA,P17RLA,S03LRE,,,,WTRCLC,,,,,,,B07038,B11124,B16CLC,,
06022,"7,157,913",9.542846,CTYLAK,FORLAK,T06GRA,R06GRA,C03532,E05015,H06124,,M27LAK,F09FLA,L06FLA,,,,,,,,,,,,,B11124,,,,
06023,"37,458,538",8.851292,CTYLAK,FORLAK,T06GRA,R06GRA,C03532,E12038,H06124,,M27LAK,F09FLA,L06FLA,,,,,,,,,,,,,B07038,B11124,,,
06024,,9.418714,CTYLAK,FORLAK,T06GRA,R06GRA,C03532,,,U04118,M27LAK,F09FLA,L06FLA,,,,,,,,,,,,,,,,,
06025,"3,846,785",11.656285,CTYLAK,FORLAK,T06GRA,R06GRA,C03532,E14046,H09127,,,F09FLA,L06FLA,P17RLA,S03LRE,,,,,,,,,,,,,,,
06026,,11.6562,CTYLAK,FORLAK,T06GRA,R06GRA,C03532,E14046,H09127,,,F09FLA,L06FLA,P17RLA,,,,,,,,,,,,,,,,
06027,"2,208,565",9.10354,CTYLAK,FORLAK,T06GRA,R06GRA,C03532,E05015,H12156,,,F09FLA,L06FLA,,,,,,,,,,,,,,,,,
06028,,9.555862,CTYLAK,FORLAK,T06GRA,R06GRA,C03532,E12038,H06124,,M42RLA,F09FLA,L06FLA,,,,,,WTRCLC,,,,,,,B07038,B11124,B16CLC,,
06029,,8.851377,CTYLAK,FORLAK,T06GRA,R06GRA,C03532,E12038,H06124,,M27LAK,F09FLA,L06FLA,,S03LRE,,,,,,,,,,,B07038,B11124,,,
06030,,9.852223,CTYLAK,FORLAK,T06GRA,R06GRA,C03532,E11037,H06124,,M42RLA,F09FLA,L11RLA,P17RLA,S03LRE,S07RLA,,,WTRCLC,,,,,,,B11124,B16CLC,,,
06031,,9.099893,CTYLAK,FORLAK,T06GRA,R06GRA,C03532,E12038,H06124,,,F09FLA,L06FLA,P17RLA,S03LRE,,,,,,,,,,,B03RLB,B07038,B11124,,
06032,"2,848,092",9.743995,CTYLAK,FORLAK,T06GRA,R06GRA,C03532,E05015,H06124,,M48VOL,F09FLA,L06FLA,,,,,,WTRCLC,,,,,,,B11124,B16CLC,,,
06033,"493,346",9.052441,CTYLAK,FORLAK,T06GRA,R06GRA,C03532,E12038,H06124,,M48VOL,F09FLA,L06FLA,,,,,,WTRCLC,,,,,,,B07038,B11124,B16CLC,,
06034,"25,967,576",9.052526,CTYLAK,FORLAK,T06GRA,R06GRA,C03532,E12038,H06124,,M48VOL,F09FLA,L06FLA,,S03LRE,,,,WTRCLC,,,,,,,B07038,B11124,B16CLC,,
06035,"33,388",9.032474,CTYLAK,FORLAK,T06GRA,R06GRA,C03532,E11037,H06124,,M42RLA,F09FLA,L06FLA,,,,,,WTRCLC,,,,,,,B11124,B16CLC,,,
06036,,9.032559,CTYLAK,FORLAK,T06GRA,R06GRA,C03532,E11037,H06124,,M42RLA,F09FLA,L06FLA,,S03LRE,,,,WTRCLC,,,,,,,B11124,B16CLC,,,
06037,,9.032315,CTYLAK,FORLAK,T06GRA,R06GRA,C03532,,,U04118,,F09FLA,L06FLA,,,,,,,,,247SSA,,,,,,,,
06038,,9.156447,CTYLAK,FORLAK,T06GRA,R06GRA,C03532,E05015,H06124,,,F09FLA,L06FLA,,,,,,,,,247SSA,,,,B11124,,,,
06039,,8.464893,CTYLAK,FORLAK,T06GRA,R06GRA,C03532,E12038,H06124,,,F09FLA,L06FLA,,,,,,,,,247SSA,,,,B07038,B11124,,,
06040,,8.851292,CTYLAK,FORLAK,T06GRA,R06GRA,C03532,E12038,H06124,,M27LAK,F09FLA,L06FLA,,,,,,,,,247SSA,,,,B07038,B11124,,,
06041,,9.418714,CTYLAK,FORLAK,T06GRA,R06GRA,C03532,,,U04118,M27LAK,F09FLA,L06FLA,,,,,,,,,247SSA,,,,,,,,
06042,,9.032474,CTYLAK,FORLAK,T06GRA,R06GRA,C03532,E11037,H06124,,M42RLA,F09FLA,L06FLA,,S07RLA,,,,WTRCLC,,,,,,,B11124,B16CLC,,,
06043,,9.542846,CTYLAK,FORLAK,T06GRA,R06GRA,C03532,E05015,H06124,,M27LAK,F09FLA,L06FLA,,,,,,,,,247SSA,,,,B11124,,,,
06044,,8.520383,CTYLAK,FORLAK,T06GRA,R06GRA,C03532,E32114,H06124,,M10FLA,,L06FLA,,,,,,,X12TIF,,,,,,B11124,,,,
06045,,9.052526,CTYLAK,FORLAK,T06GRA,R06GRA,C03532,E12038,H06124,,M48VOL,F09FLA,L06FLA,,S03LRE,,,,WTRCLC,,,396SSA,,,,B07038,B11124,B16CLC,,
06046,"1,358",11.608918,CTYLAK,FORLAK,T06GRA,R06GRA,C03532,E14046,H09127,,M48VOL,F09FLA,L06FLA,,S03LRE,,,,WTRCLC,,,,,,,B16CLC,,,,
06047,,11.608833,CTYLAK,FORLAK,T06GRA,R06GRA,C03532,E14046,H09127,,M48VOL,F09FLA,L06FLA,,,,,,WTRCLC,,,,,,,B16CLC,,,,
06048,,12.112339,CTYLAK,FORLAK,T06GRA,R06GRA,C03532,E14046,H09127,,M42RLA,F09FLA,L06FLA,,S03LRE,,,,WTRCLC,,,,,,,B16CLC,,,,
06049,"12,546",12.747254,CTYLAK,FORLAK,T06GRA,R06GRA,C03532,E14046,H09127,,M42RLA,F09FLA,L06FLA,P17RLA,S03LRE,,,,WTRCLC,,,,,,,B16CLC,,,,
06050,"100,960",12.112254,CTYLAK,FORLAK,T06GRA,R06GRA,C03532,E14046,H09127,,M42RLA,F09FLA,L06FLA,,,,,,WTRCLC,,,,,,,B16CLC,,,,
06051, -   ,12.747169,CTYLAK,FORLAK,T06GRA,R06GRA,C03532,E14046,H09127,,M42RLA,F09FLA,L06FLA,P17RLA,,,,,WTRCLC,,,,,,,B16CLC,,,,
06052,,7.912455,CTYLAK,FORLAK,T06GRA,R06GRA,C03532,E12038,H06124,,,,L06FLA,,S06NMO,,,,,,,,,,,B07038,B11124,,,
06053,"15,698,506",8.876411,CTYLAK,FORLAK,T06GRA,R06GRA,C03532,E12038,H06124,,M27LAK,F09FLA,L06FLA,,S06NMO,,,,,,,247SSA,,,,B07038,B11124,,,
06054, -   ,9.443833,CTYLAK,FORLAK,T06GRA,R06GRA,C03532,,,U04118,M27LAK,F09FLA,L06FLA,,S06NMO,,,,,,,247SSA,,,,,,,,
06055,"10,526,257",9.567965,CTYLAK,FORLAK,T06GRA,R06GRA,C03532,E05015,H06124,,M27LAK,F09FLA,L06FLA,,S06NMO,,,,,,,247SSA,,,,B11124,,,,
06056,,8.876411,CTYLAK,FORLAK,T06GRA,R06GRA,C03532,E12038,H06124,,M27LAK,F09FLA,L06FLA,,S06NMO,,,,,,,,,,,B07038,B11124,,,
06057,"25,902,580",9.052526,CTYLAK,FORLAK,T06GRA,R06GRA,C03532,E12038,H06124,,M48VOL,F09FLA,L06FLA,,S03LRE,,,,WTRCLC,,,396SSA,399SSA,,,B07038,B11124,B16CLC,,
06058,,9.052526,CTYLAK,FORLAK,T06GRA,R06GRA,C03532,E12038,H06124,,M48VOL,F09FLA,L06FLA,,S03LRE,,,,WTRCLC,,,399SSA,,,,B07038,B11124,B16CLC,,
06059,"29,279,456",9.27141,CTYLAK,FORLAK,T06GRA,R06GRA,C03532,E12038,H06124,,M10FLA,F09FLA,L06FLA,,S03LRE,,,,,,,,,,,B07038,B11124,,,
06060,,9.052526,CTYLAK,FORLAK,T06GRA,R06GRA,C03532,E12038,H06124,,M48VOL,F09FLA,L06FLA,,S03LRE,,,,WTRCLC,,,401SSA,,,,B07038,B11124,B16CLC,,
06061,"34,571,717",9.271325,CTYLAK,FORLAK,T06GRA,R06GRA,C03532,E12038,H06124,,M10FLA,F09FLA,L06FLA,,,,,,,,,,,,,B07038,B11124,,,
06062,"453,814",9.052441,CTYLAK,FORLAK,T06GRA,R06GRA,C03532,E12038,H06124,,M48VOL,F09FLA,L06FLA,,,,,,WTRCLC,,,394SSA,,,,B07038,B11124,B16CLC,,
06063,"157,227,119",9.09794,CTYLAK,FORLAK,T06GRA,R06GRA,C03532,E32114,H06124,,M10FLA,F09FLA,L06FLA,,,,,,,,,,,,,B11124,,,,
06064, -   ,8.250546,CTYLAK,FORLAK,T06GRA,R06GRA,C03532,E11037,H06124,,,F09FLA,L06FLA,,S03LRE,,,,WTRCLC,,,154SSA,,,,B11124,B16CLC,,,
06065,"138,650",8.250461,CTYLAK,FORLAK,T06GRA,R06GRA,C03532,E11037,H06124,,,F09FLA,L06FLA,,,,,,WTRCLC,,,154SSA,,,,B11124,B16CLC,,,
06066,,9.443833,CTYLAK,FORLAK,T06GRA,R06GRA,C03532,,,U04118,M27LAK,F09FLA,L06FLA,,S06NMO,,,,,,,,,,,,,,,
06067,"2,454,678",10.537257,CTYLAK,FORLAK,T06GRA,R06GRA,C03532,,,U04118,M27LAK,F09FLA,L06FLA,,S06NMO,,,,,,,,,,,B07038,B11124,,,
06068,"26,299,456",8.747937,CTYLAK,FORLAK,T06GRA,R06GRA,C03532,E11037,H06124,,M10FLA,F09FLA,L06FLA,,,,,,,,,,,,,B11124,,,,
06069, -   ,8.748022,CTYLAK,FORLAK,T06GRA,R06GRA,C03532,E11037,H06124,,M10FLA,F09FLA,L06FLA,,S03LRE,,,,,,,,,,,B11124,,,,
06070,"1,012,924",9.09794,CTYLAK,FORLAK,T06GRA,R06GRA,C03532,E32114,H06124,,M10FLA,F09FLA,L06FLA,,,,,,,X12TIF,,,,,,B11124,,,,
06071, -   ,9.852138,CTYLAK,FORLAK,T06GRA,R06GRA,C03532,E11037,H06124,,M42RLA,F09FLA,L11RLA,P17RLA,,,,,WTRCLC,,,,,,,B11124,B16CLC,,,
06072,"90,164,724",10.375526,CTYLAK,FORLAK,T06GRA,R06GRA,C03532,E12038,H06124,,M42RLA,F09FLA,L11RLA,P17RLA,,,,,WTRCLC,,,,,,,B07038,B11124,B16CLC,,
06073, -   ,9.852223,CTYLAK,FORLAK,T06GRA,R06GRA,C03532,E11037,H06124,,M42RLA,F09FLA,L11RLA,P17RLA,S03LRE,,,,WTRCLC,,,,,,,B11124,B16CLC,,,
06074, -   ,9.052526,CTYLAK,FORLAK,T06GRA,R06GRA,C03532,E12038,H06124,,M48VOL,F09FLA,L06FLA,,S03LRE,,,,WTRCLC,,,409SSA,,,,B07038,B11124,B16CLC,,
06075,"26,284,611",9.052526,CTYLAK,FORLAK,T06GRA,R06GRA,C03532,E12038,H06124,,M48VOL,F09FLA,L06FLA,,S03LRE,,,,WTRCLC,,,409SSA,410SSA,,,B07038,B11124,B16CLC,,
06076,150,10.624741,CTYLAK,FORLAK,T06GRA,R06GRA,C03532,,,U04118,M27LAK,F22WAC,L06FLA,,S06NMO,,,,,,,,,,,B07038,B11124,,,
06077,"2,161,617",9.09794,CTYLAK,FORLAK,T06GRA,R06GRA,C03532,E32114,H06124,,M10FLA,F09FLA,L06FLA,,,,,,,X75TIF,,,,,,B11124,,,,
06078,"2,641,702",9.271325,CTYLAK,FORLAK,T06GRA,R06GRA,C03532,E12038,H06124,,M10FLA,F09FLA,L06FLA,,,,,,,X76TIF,,,,,,B07038,B11124,,,
06079,"104,864",9.27141,CTYLAK,FORLAK,T06GRA,R06GRA,C03532,E12038,H06124,,M10FLA,F09FLA,L06FLA,,S03LRE,,,,,X76TIF,,,,,,B07038,B11124,,,
06080,"1,441,350",9.09794,CTYLAK,FORLAK,T06GRA,R06GRA,C03532,E32114,H06124,,M10FLA,F09FLA,L06FLA,,,,,,,X77TIF,,,,,,B11124,,,,
06081,"1,256,951",9.09794,CTYLAK,FORLAK,T06GRA,R06GRA,C03532,E32114,H06124,,M10FLA,F09FLA,L06FLA,,,,,,,X78TIF,,,,,,B11124,,,,
07001,,11.683428,CTYLAK,FORLAK,T07AVO,R07AVO,C03532,E14046,H09127,,M43RLB,F11GRA,L08GRA,,S07RLA,,,,WTRCLC,,,,,,,B16CLC,,,,
07002,"650,198",10.221758,CTYLAK,FORLAK,T07AVO,R07AVO,C03532,,,U03116,M42RLA,F12GRL,L08GRA,P17RLA,,,,,WTRCLC,,,,,,,B16CLC,,,,
07003,,10.322319,CTYLAK,FORLAK,T07AVO,R07AVO,C03532,,,U03116,M42RLA,F12GRL,L11RLA,P17RLA,S07RLA,,,,WTRCLC,,,,,,,B16CLC,,,,
07004,"77,324,558",10.322319,CTYLAK,FORLAK,T07AVO,R07AVO,C03532,,,U03116,M42RLA,F12GRL,L11RLA,P17RLA,,,,,WTRCLC,,,,,,,B16CLC,,,,
07005,,9.937555,CTYLAK,FORLAK,T07AVO,R07AVO,C03532,,,U03116,M43RLB,F12GRL,L11RLA,P17RLA,S07RLA,,,,WTRCLC,,,,,,,B16CLC,,,,
07006,"201,048,545",9.937555,CTYLAK,FORLAK,T07AVO,R07AVO,C03532,,,U03116,M43RLB,F12GRL,L11RLA,P17RLA,,,,,WTRCLC,,,,,,,B16CLC,,,,
07007,"4,782,173",13.15647,CTYLAK,FORLAK,T07AVO,R07AVO,C03532,E14046,H09127,,M45RLP,F12GRL,L11RLA,P17RLA,,,,,WTRCLC,,,,,,,B16CLC,,,,
07008,,9.670828,CTYLAK,FORLAK,T07AVO,R07AVO,C03532,E13041,H06124,,M44RLH,F12GRL,L11RLA,P17RLA,S07RLA,,,,WTRCLC,,,,,,,B11124,B16CLC,,,
07009,,10.593509,CTYLAK,FORLAK,T07AVO,R07AVO,C03532,,,U03116,M45RLP,F12GRL,L11RLA,P17RLA,S07RLA,,,,WTRCLC,,,,,,,B16CLC,,,,
07010,"64,895,933",10.593509,CTYLAK,FORLAK,T07AVO,R07AVO,C03532,,,U03116,M45RLP,F12GRL,L11RLA,P17RLA,,,,,WTRCLC,,,,,,,B16CLC,,,,
07011,"978,826",12.372104,CTYLAK,FORLAK,T07AVO,R07AVO,C03532,E14046,H09127,,M15HAI,F12GRL,L11RLA,P17RLA,,,,,,,,,,,,,,,,
07012,"1,134,957",9.708582,CTYLAK,FORLAK,T07AVO,R07AVO,C03532,,,U03116,M15HAI,F12GRL,L08GRA,P17RLA,,,,,,,,,,,,,,,,
07013,"466,650,909",11.988701,CTYLAK,FORLAK,T07AVO,R07AVO,C03532,E14046,H09127,,M12GRA,F11GRA,L08GRA,P08GRA,,,,,WTRCLC,,,,,,,B16CLC,,,,
07014,"484,194",10.492948,CTYLAK,FORLAK,T07AVO,R07AVO,C03532,,,U03116,M45RLP,F12GRL,L08GRA,P17RLA,,,,,WTRCLC,,,,,,,B16CLC,,,,
07016,,12.500516,CTYLAK,FORLAK,T07AVO,R07AVO,C03532,E14046,H09127,,M43RLB,F12GRL,L11RLA,P17RLA,S07RLA,,,,WTRCLC,,,,,,,B16CLC,,,,
07017,"46,697,726",12.500516,CTYLAK,FORLAK,T07AVO,R07AVO,C03532,E14046,H09127,,M43RLB,F12GRL,L11RLA,P17RLA,,,,,WTRCLC,,,,,,,B16CLC,,,,
07018,"39,610",12.339382,CTYLAK,FORLAK,T07AVO,R07AVO,C03532,E14046,H09127,,M45RLP,F11GRA,L08GRA,,,,,,WTRCLC,,,,,,,B16CLC,,,,
07019,,13.15647,CTYLAK,FORLAK,T07AVO,R07AVO,C03532,E14046,H09127,,M45RLP,F12GRL,L11RLA,P17RLA,S07RLA,,,,WTRCLC,,,,,,,B16CLC,,,,
07020,,9.403345,CTYLAK,FORLAK,T07AVO,R07AVO,C03532,E13041,H06124,,,F12GRL,L11RLA,P17RLA,S07RLA,,,,,,,,,,,B11124,,,,
07021,"1,087,978",9.40343,CTYLAK,FORLAK,T07AVO,R07AVO,C03532,E13041,H06124,,,F12GRL,L11RLA,P17RLA,S03LRE,,,,,,,,,,,B11124,,,,
07022,,9.23135,CTYLAK,FORLAK,T07AVO,R07AVO,C03532,,,U03116,,F12GRL,L11RLA,P17RLA,S07RLA,,,,,,,,,,,,,,,
07023,"6,218,523",9.23135,CTYLAK,FORLAK,T07AVO,R07AVO,C03532,,,U03116,,F12GRL,L11RLA,P17RLA,,,,,,,,,,,,,,,,
07024,"780,949",13.055909,CTYLAK,FORLAK,T07AVO,R07AVO,C03532,E14046,H09127,,M45RLP,F12GRL,L08GRA,P17RLA,,,,,WTRCLC,,,,,,,B16CLC,,,,
07025,"1,766,254",10.322404,CTYLAK,FORLAK,T07AVO,R07AVO,C03532,,,U03116,M42RLA,F12GRL,L11RLA,P17RLA,S03LRE,,,,WTRCLC,,,,,,,B16CLC,,,,
07026,"7,897,726",8.59652,CTYLAK,FORLAK,T07AVO,R07AVO,C03532,,,U03116,,F12GRL,L11RLA,,S03LRE,,,,,,,,,,,,,,,
07027,,12.399955,CTYLAK,FORLAK,T07AVO,R07AVO,C03532,E14046,H09127,,M43RLB,F12GRL,L08GRA,P17RLA,S07RLA,,,,WTRCLC,,,,,,,B16CLC,,,,
07028,,11.794311,CTYLAK,FORLAK,T07AVO,R07AVO,C03532,E14046,H09127,,,F12GRL,L11RLA,P17RLA,S07RLA,,,,,,,,,,,,,,,
07029,,11.76504,CTYLAK,FORLAK,T07AVO,R07AVO,C03532,E14046,H09127,,M43RLB,F12GRL,L08GRA,,S07RLA,,,,WTRCLC,,,,,,,B16CLC,,,,
07030,"10,338",11.794311,CTYLAK,FORLAK,T07AVO,R07AVO,C03532,E14046,H09127,,,F12GRL,L11RLA,P17RLA,,,,,,,,,,,,,,,,
07031,,9.809143,CTYLAK,FORLAK,T07AVO,R07AVO,C03532,,,U03116,M15HAI,F12GRL,L11RLA,P17RLA,S07RLA,,,,,,,,,,,,,,,
07032,"3,782,149",9.809143,CTYLAK,FORLAK,T07AVO,R07AVO,C03532,,,U03116,M15HAI,F12GRL,L11RLA,P17RLA,,,,,,,,,,,,,,,,
07033, -   ,11.058835,CTYLAK,FORLAK,T07AVO,R07AVO,C03532,E14046,H09127,,,F12GRL,L08GRA,,,,,,,,,,,,,,,,,
07034,"21,744,640",10.977223,CTYLAK,FORLAK,T07AVO,R07AVO,C03532,E14046,H09127,,,F11GRA,L08GRA,,,,,,,,,,,,,,,,,
07035,"958,637",10.242908,CTYLAK,FORLAK,T07AVO,R07AVO,C03532,E15050,H09127,,,F11GRA,L08GRA,,,,,,,,,,,,,B08050,,,,
07036,"422,286",11.76504,CTYLAK,FORLAK,T07AVO,R07AVO,C03532,E14046,H09127,,M43RLB,F12GRL,L08GRA,,,,,,WTRCLC,,,,,,,B16CLC,,,,
07037,"52,241",11.636628,CTYLAK,FORLAK,T07AVO,R07AVO,C03532,E14046,H09127,,M15HAI,F12GRL,L08GRA,,,,,,,,,,,,,,,,,
07038,"103,921",9.130789,CTYLAK,FORLAK,T07AVO,R07AVO,C03532,,,U03116,,F12GRL,L08GRA,P17RLA,,,,,,,,,,,,,,,,
07039,"3,136,042",11.69375,CTYLAK,FORLAK,T07AVO,R07AVO,C03532,E14046,H09127,,,F12GRL,L08GRA,P17RLA,,,,,,,,,,,,,,,,
07040,"172,877",9.670828,CTYLAK,FORLAK,T07AVO,R07AVO,C03532,E13041,H06124,,M44RLH,F12GRL,L11RLA,P17RLA,,,,,WTRCLC,,,,,,,B11124,B16CLC,,,
07041,"816,425",9.498918,CTYLAK,FORLAK,T07AVO,R07AVO,C03532,,,U03116,M44RLH,F12GRL,L11RLA,P17RLA,S03LRE,,,,WTRCLC,,,,,,,B16CLC,,,,
07042,"341,322",12.271543,CTYLAK,FORLAK,T07AVO,R07AVO,C03532,E14046,H09127,,M15HAI,F12GRL,L08GRA,P17RLA,,,,,,,,,,,,,,,,
07043,"4,652",11.532836,CTYLAK,FORLAK,T07AVO,R07AVO,C03532,E14046,H09127,,,F12GRL,L08GRA,P08GRA,,,,,,,,,,,,,,,,
07044,"1,101,502",11.451224,CTYLAK,FORLAK,T07AVO,R07AVO,C03532,E14046,H09127,,,F11GRA,L08GRA,P08GRA,,,,,,,,,,,,,,,,
07045,,10.146269,CTYLAK,FORLAK,T07AVO,R07AVO,C03532,E14046,H09127,,,,L08GRA,,,,,,,,,,,,,,,,,
07048,"616,462",10.716909,CTYLAK,FORLAK,T07AVO,R07AVO,C03532,E15050,H09127,,,F11GRA,L08GRA,P08GRA,,,,,,,,,,,,B08050,,,,
07049,"39,827,510",12.110629,CTYLAK,FORLAK,T07AVO,R07AVO,C03532,E14046,H09127,,M15HAI,F12GRL,L08GRA,P08GRA,,,,,,,,,,,,,,,,
07050,,10.849001,CTYLAK,FORLAK,T07AVO,R07AVO,C03532,E15050,H09127,,M46THL,F11GRA,L08GRA,P08GRA,,,,,,,,,,,,B08050,,,,
07051,"318,521",11.109315,CTYLAK,FORLAK,T07AVO,R07AVO,C03532,E14046,H09127,,M46THL,F11GRA,L08GRA,,,,,,,,,,,,,,,,,
07052,"21,633,757",9.93764,CTYLAK,FORLAK,T07AVO,R07AVO,C03532,,,U03116,M43RLB,F12GRL,L11RLA,P17RLA,S03LRE,,,,WTRCLC,,,,,,,B16CLC,,,,
07053,,9.498833,CTYLAK,FORLAK,T07AVO,R07AVO,C03532,,,U03116,M44RLH,F12GRL,L11RLA,P17RLA,S07RLA,,,,WTRCLC,,,,,,,B16CLC,,,,
07054,"12,543",11.683428,CTYLAK,FORLAK,T07AVO,R07AVO,C03532,E14046,H09127,,M43RLB,F11GRA,L08GRA,,,,,,WTRCLC,,,,,,,B16CLC,,,,
07055,"7,968,495",12.399955,CTYLAK,FORLAK,T07AVO,R07AVO,C03532,E14046,H09127,,M43RLB,F12GRL,L08GRA,P17RLA,,,,,WTRCLC,,,,,,,B16CLC,,,,
07056,"10,681,381",10.375,CTYLAK,FORLAK,T07AVO,R07AVO,C03532,E15050,H09127,,M46THL,F11GRA,L08GRA,,,,,,,,,,,,,B08050,,,,
07057,"307,463",9.403345,CTYLAK,FORLAK,T07AVO,R07AVO,C03532,E13041,H06124,,,F12GRL,L11RLA,P17RLA,,,,,,,,,,,,B11124,,,,
07058,"15,598,719",9.231435,CTYLAK,FORLAK,T07AVO,R07AVO,C03532,,,U03116,,F12GRL,L11RLA,P17RLA,S03LRE,,,,,,,,,,,,,,,
07059,"178,786",11.693835,CTYLAK,FORLAK,T07AVO,R07AVO,C03532,E14046,H09127,,,F12GRL,L08GRA,P17RLA,S03LRE,,,,,,,,,,,,,,,
07060,"111,784,723",11.254386,CTYLAK,FORLAK,T07AVO,R07AVO,C03532,E15050,H09127,,M12GRA,F11GRA,L08GRA,P08GRA,,,,,WTRCLC,,,,,,,B08050,B16CLC,,,
07061,"23,994,961",12.784719,CTYLAK,FORLAK,T07AVO,R07AVO,C03532,E14046,H09127,,M42RLA,F12GRL,L08GRA,P17RLA,,,,,WTRCLC,,,,,,,B16CLC,,,,
07062,,9.302725,CTYLAK,FORLAK,T07AVO,R07AVO,C03532,,,U03116,M43RLB,F12GRL,L11RLA,,S03LRE,,,,WTRCLC,,,,,,,B16CLC,,,,
07063,"19,425,775",12.318343,CTYLAK,FORLAK,T07AVO,R07AVO,C03532,E14046,H09127,,M43RLB,F11GRA,L08GRA,P17RLA,,,,,WTRCLC,,,,,,,B16CLC,,,,
07064,,12.813383,CTYLAK,FORLAK,T07AVO,R07AVO,C03532,E14046,H09127,,M45RLP,F11GRA,L08GRA,P08GRA,,,,,WTRCLC,,,,,,,B16CLC,,,,
07065,,12.079068,CTYLAK,FORLAK,T07AVO,R07AVO,C03532,E15050,H09127,,M45RLP,F11GRA,L08GRA,P08GRA,,,,,WTRCLC,,,,,,,B08050,B16CLC,,,
07066,"215,065",11.5147,CTYLAK,FORLAK,T07AVO,R07AVO,C03532,E14046,H09127,,M12GRA,F11GRA,L08GRA,,,,,,WTRCLC,,,,,,,B16CLC,,,,
07067,,9.231435,CTYLAK,FORLAK,T07AVO,R07AVO,C03532,,,U03116,,F12GRL,L11RLA,P17RLA,S03LRE,S07RLA,,,,,,,,,,,,,,
07068,,12.784804,CTYLAK,FORLAK,T07AVO,R07AVO,C03532,E14046,H09127,,M42RLA,F12GRL,L08GRA,P17RLA,S03LRE,,,,WTRCLC,,,,,,,B16CLC,,,,
07069,,12.500516,CTYLAK,FORLAK,T07AVO,R07AVO,C03532,E14046,H09127,,M43RLB,F12GRL,L11RLA,P17RLA,S07RLA,,,,WTRCLC,X37TIF,,,,,,B16CLC,,,,
07070,,12.500516,CTYLAK,FORLAK,T07AVO,R07AVO,C03532,E14046,H09127,,M43RLB,F12GRL,L11RLA,P17RLA,,,,,WTRCLC,X37TIF,,,,,,B16CLC,,,,
07071,,11.76504,CTYLAK,FORLAK,T07AVO,R07AVO,C03532,E14046,H09127,,M43RLB,F12GRL,L08GRA,,,,,,WTRCLC,X37TIF,,,,,,B16CLC,,,,
07072,,12.399955,CTYLAK,FORLAK,T07AVO,R07AVO,C03532,E14046,H09127,,M43RLB,F12GRL,L08GRA,P17RLA,,,,,WTRCLC,X37TIF,,,,,,B16CLC,,,,
07073,,11.683428,CTYLAK,FORLAK,T07AVO,R07AVO,C03532,E14046,H09127,,M43RLB,F11GRA,L08GRA,,,,,,WTRCLC,X37TIF,,,,,,B16CLC,,,,
07075,,10.322404,CTYLAK,FORLAK,T07AVO,R07AVO,C03532,,,U03116,M42RLA,F12GRL,L11RLA,P17RLA,S03LRE,S07RLA,,,WTRCLC,,,,,,,B16CLC,,,,
07076, -   ,10.780385,CTYLAK,FORLAK,T07AVO,R07AVO,C03532,E15050,H09127,,M12GRA,F11GRA,L08GRA,,,,,,WTRCLC,,,,,,,B08050,B16CLC,,,
07077,,11.058835,CTYLAK,FORLAK,T07AVO,R07AVO,C03532,E14046,H09127,,,F12GRL,L08GRA,,S07RLA,,,,,,,,,,,,,,,
07078,,12.318343,CTYLAK,FORLAK,T07AVO,R07AVO,C03532,E14046,H09127,,M43RLB,F11GRA,L08GRA,P17RLA,S07RLA,,,,WTRCLC,,,,,,,B16CLC,,,,
07079, -   ,11.612138,CTYLAK,FORLAK,T07AVO,R07AVO,C03532,E14046,H09127,,,F11GRA,L08GRA,P17RLA,,,,,,,,,,,,,,,,
07080,,11.612138,CTYLAK,FORLAK,T07AVO,R07AVO,C03532,E14046,H09127,,,F11GRA,L08GRA,P17RLA,S07RLA,,,,,,,,,,,,,,,
07081,,12.318343,CTYLAK,FORLAK,T07AVO,R07AVO,C03532,E14046,H09127,,M43RLB,F11GRA,L08GRA,P17RLA,S07RLA,,,,WTRCLC,X37TIF,,,,,,B16CLC,,,,
07082,,11.683428,CTYLAK,FORLAK,T07AVO,R07AVO,C03532,E14046,H09127,,M43RLB,F11GRA,L08GRA,,S07RLA,,,,WTRCLC,X37TIF,,,,,,B16CLC,,,,
07083, -   ,12.157429,CTYLAK,FORLAK,T07AVO,R07AVO,C03532,E14046,H09127,,M43RLB,F11GRA,L08GRA,P08GRA,,,,,WTRCLC,,,,,,,B16CLC,,,,
07084,,12.318343,CTYLAK,FORLAK,T07AVO,R07AVO,C03532,E14046,H09127,,M43RLB,F11GRA,L08GRA,P17RLA,,,,,WTRCLC,X37TIF,,,,,,B16CLC,,,,
07085, -   ,10.977223,CTYLAK,FORLAK,T07AVO,R07AVO,C03532,E14046,H09127,,,F11GRA,L08GRA,,,,,,WTRCLC,,,,,,,B16CLC,,,,
07086,"1,083",10.716909,CTYLAK,FORLAK,T07AVO,R07AVO,C03532,E15050,H09127,,,F11GRA,L08GRA,P08GRA,,,,,WTRCLC,,,,,,,B08050,B16CLC,,,
07087,"24,290,872",11.109315,CTYLAK,FORLAK,T07AVO,R07AVO,C03532,E14046,H09127,,M46THL,F11GRA,L08GRA,,,,,,WTRCLC,,,,,,,B16CLC,,,,
07088, -   ,10.849001,CTYLAK,FORLAK,T07AVO,R07AVO,C03532,E15050,H09127,,M46THL,F11GRA,L08GRA,P08GRA,,,,,WTRCLC,,,,,,,B08050,B16CLC,,,
07089,,9.670913,CTYLAK,FORLAK,T07AVO,R07AVO,C03532,E13041,H06124,,M44RLH,F12GRL,L11RLA,P17RLA,S03LRE,,,,WTRCLC,,,,,,,B11124,B16CLC,,,
07090,"1,186,671",12.070313,CTYLAK,FORLAK,T07AVO,R07AVO,C03532,E14046,H09127,,M12GRA,F12GRL,L08GRA,P08GRA,,,,,WTRCLC,,,,,,,B16CLC,,,,
07091,"10,363,434",12.029017,CTYLAK,FORLAK,T07AVO,R07AVO,C03532,E14046,H09127,,M15HAI,F11GRA,L08GRA,P08GRA,,,,,,,,,,,,,,,,
07092,,9.937555,CTYLAK,FORLAK,T07AVO,R07AVO,C03532,,,U03116,M43RLB,F12GRL,L11RLA,P17RLA,S07RLA,,,,WTRCLC,,,345SSA,,,,B16CLC,,,,
07093, -   ,11.555016,CTYLAK,FORLAK,T07AVO,R07AVO,C03532,E14046,H09127,,M15HAI,F11GRA,L08GRA,,,,,,,,,,,,,,,,,
07094,,10.221758,CTYLAK,FORLAK,T07AVO,R07AVO,C03532,,,U03116,M42RLA,F12GRL,L08GRA,P17RLA,S07RLA,,,,WTRCLC,,,,,,,B16CLC,,,,
07095,,12.784719,CTYLAK,FORLAK,T07AVO,R07AVO,C03532,E14046,H09127,,M42RLA,F12GRL,L08GRA,P17RLA,S07RLA,,,,WTRCLC,,,,,,,B16CLC,,,,
07096,"1,320,730",12.149615,CTYLAK,FORLAK,T07AVO,R07AVO,C03532,E14046,H09127,,M12GRA,F11GRA,L08GRA,P17RLA,,,,,WTRCLC,,,,,,,B16CLC,,,,
07097,,9.93764,CTYLAK,FORLAK,T07AVO,R07AVO,C03532,,,U03116,M43RLB,F12GRL,L11RLA,P17RLA,S03LRE,S07RLA,,,WTRCLC,,,,,,,B16CLC,,,,
07098,,9.937555,CTYLAK,FORLAK,T07AVO,R07AVO,C03532,,,U03116,M43RLB,F12GRL,L11RLA,P17RLA,S07RLA,,,,WTRCLC,X34TIF,,,,,,B16CLC,,,,
07099,,12.500516,CTYLAK,FORLAK,T07AVO,R07AVO,C03532,E14046,H09127,,M43RLB,F12GRL,L11RLA,P17RLA,S07RLA,,,,WTRCLC,X34TIF,,,,,,B16CLC,,,,
07100,,12.271543,CTYLAK,FORLAK,T07AVO,R07AVO,C03532,E14046,H09127,,M15HAI,F12GRL,L08GRA,P17RLA,S07RLA,,,,,,,,,,,,,,,
07101,,12.110629,CTYLAK,FORLAK,T07AVO,R07AVO,C03532,E14046,H09127,,M15HAI,F12GRL,L08GRA,P08GRA,S07RLA,,,,,,,,,,,,,,,
07102,,12.372104,CTYLAK,FORLAK,T07AVO,R07AVO,C03532,E14046,H09127,,M15HAI,F12GRL,L11RLA,P17RLA,S07RLA,,,,,,,,,,,,,,,
07103,,9.93764,CTYLAK,FORLAK,T07AVO,R07AVO,C03532,,,U03116,M43RLB,F12GRL,L11RLA,P17RLA,S03LRE,S07RLA,,,WTRCLC,,,,,,,B16CLC,,,,
07104,,9.937555,CTYLAK,FORLAK,T07AVO,R07AVO,C03532,,,U03116,M43RLB,F12GRL,L11RLA,P17RLA,S07RLA,,,,WTRCLC,X35TIF,,,,,,B16CLC,,,,
07105,,9.937555,CTYLAK,FORLAK,T07AVO,R07AVO,C03532,,,U03116,M43RLB,F12GRL,L11RLA,P17RLA,,,,,WTRCLC,X35TIF,,,,,,B16CLC,,,,
07106,,9.708582,CTYLAK,FORLAK,T07AVO,R07AVO,C03532,,,U03116,M15HAI,F12GRL,L08GRA,P17RLA,S07RLA,,,,,,,,,,,,,,,
07107,,9.802501,CTYLAK,FORLAK,T07AVO,R07AVO,C03532,,,U03116,M15HAI,F12GRL,L08GRA,P17RLA,S07RLA,,,,,,,184SSA,,,,,,,,
07108,,9.903062,CTYLAK,FORLAK,T07AVO,R07AVO,C03532,,,U03116,M15HAI,F12GRL,L11RLA,P17RLA,S07RLA,,,,,,,184SSA,,,,,,,,
07109,,10.687428,CTYLAK,FORLAK,T07AVO,R07AVO,C03532,,,U03116,M45RLP,F12GRL,L11RLA,P17RLA,S07RLA,,,,WTRCLC,,,184SSA,,,,B16CLC,,,,
07110, -   ,10.687428,CTYLAK,FORLAK,T07AVO,R07AVO,C03532,,,U03116,M45RLP,F12GRL,L11RLA,P17RLA,,,,,WTRCLC,,,184SSA,,,,B16CLC,,,,
07111,"736,718",9.802501,CTYLAK,FORLAK,T07AVO,R07AVO,C03532,,,U03116,M15HAI,F12GRL,L08GRA,P17RLA,,,,,,,,184SSA,,,,,,,,
07112,"26,094,915",9.903062,CTYLAK,FORLAK,T07AVO,R07AVO,C03532,,,U03116,M15HAI,F12GRL,L11RLA,P17RLA,,,,,,,,184SSA,,,,,,,,
07113, -   ,12.365462,CTYLAK,FORLAK,T07AVO,R07AVO,C03532,E14046,H09127,,M15HAI,F12GRL,L08GRA,P17RLA,,,,,,,,184SSA,,,,,,,,
07114,,12.365462,CTYLAK,FORLAK,T07AVO,R07AVO,C03532,E14046,H09127,,M15HAI,F12GRL,L08GRA,P17RLA,S07RLA,,,,,,,184SSA,,,,,,,,
07115,,10.221758,CTYLAK,FORLAK,T07AVO,R07AVO,C03532,,,U03116,M42RLA,F12GRL,L08GRA,P17RLA,S07RLA,,,,WTRCLC,,,,,,,B16CLC,,,,
07116,,10.221758,CTYLAK,FORLAK,T07AVO,R07AVO,C03532,,,U03116,M42RLA,F12GRL,L08GRA,P17RLA,S07RLA,,,,WTRCLC,,,,,,,B16CLC,,,,
07117,,12.784719,CTYLAK,FORLAK,T07AVO,R07AVO,C03532,E14046,H09127,,M42RLA,F12GRL,L08GRA,P17RLA,S07RLA,,,,WTRCLC,,,348SSA,,,,B16CLC,,,,
07118,,10.322319,CTYLAK,FORLAK,T07AVO,R07AVO,C03532,,,U03116,M42RLA,F12GRL,L11RLA,P17RLA,S07RLA,,,,WTRCLC,,,349SSA,,,,B16CLC,,,,
07119,,10.221758,CTYLAK,FORLAK,T07AVO,R07AVO,C03532,,,U03116,M42RLA,F12GRL,L08GRA,P17RLA,S07RLA,,,,WTRCLC,,,349SSA,,,,B16CLC,,,,
07120,,13.055909,CTYLAK,FORLAK,T07AVO,R07AVO,C03532,E14046,H09127,,M45RLP,F12GRL,L08GRA,P17RLA,S07RLA,,,,WTRCLC,,,,,,,B16CLC,,,,
07121,,11.69375,CTYLAK,FORLAK,T07AVO,R07AVO,C03532,E14046,H09127,,,F12GRL,L08GRA,P17RLA,S07RLA,,,,,,,,,,,,,,,
07122,,10.328888,CTYLAK,FORLAK,T07AVO,R07AVO,C03532,E12038,H06124,,M42RLA,F12GRL,L11RLA,P17RLA,S07RLA,,,,WTRCLC,,,,,,,B07038,B11124,B16CLC,,
07123,,10.492948,CTYLAK,FORLAK,T07AVO,R07AVO,C03532,,,U03116,M45RLP,F12GRL,L08GRA,P17RLA,S07RLA,,,,WTRCLC,,,,,,,B16CLC,,,,
07124,,12.399955,CTYLAK,FORLAK,T07AVO,R07AVO,C03532,E14046,H09127,,M43RLB,F12GRL,L08GRA,P17RLA,S07RLA,,,,WTRCLC,X37TIF,,,,,,B16CLC,,,,
07125,,9.937555,CTYLAK,FORLAK,T07AVO,R07AVO,C03532,,,U03116,M43RLB,F12GRL,L11RLA,P17RLA,S07RLA,,,,WTRCLC,X36TIF,,,,,,B16CLC,,,,
07126,,12.339382,CTYLAK,FORLAK,T07AVO,R07AVO,C03532,E14046,H09127,,M45RLP,F11GRA,L08GRA,,S07RLA,,,,WTRCLC,,,,,,,B16CLC,,,,
07127,,9.937555,CTYLAK,FORLAK,T07AVO,R07AVO,C03532,,,U03116,M43RLB,F12GRL,L11RLA,P17RLA,S07RLA,,,,WTRCLC,X36TIF,,345SSA,,,,B16CLC,,,,
07128,,9.937555,CTYLAK,FORLAK,T07AVO,R07AVO,C03532,,,U03116,M43RLB,F12GRL,L11RLA,P17RLA,S07RLA,,,,WTRCLC,X34TIF,X36TIF,,,,,B16CLC,,,,
07129,"1,038,547",9.937555,CTYLAK,FORLAK,T07AVO,R07AVO,C03532,,,U03116,M43RLB,F12GRL,L11RLA,P17RLA,,,,,WTRCLC,X36TIF,,,,,,B16CLC,,,,
07130,,10.574251,CTYLAK,FORLAK,T07AVO,R07AVO,C03532,E15050,H09127,,M30LND,F11GRA,L08GRA,,,,,,WTRCLC,,,,,,,B08050,B16CLC,,,
07131,,10.623068,CTYLAK,FORLAK,T07AVO,R07AVO,C03532,E15050,H09127,,M30LND,F11GRA,L08GRA,,S04LND,,,,WTRCLC,,,,,,,B08050,B16CLC,,,
07132,"228,829",11.05482,CTYLAK,FORLAK,T07AVO,R07AVO,C03532,E15050,H09127,,M30LND,F11GRA,L08GRA,P13LND,S04LND,,,,WTRCLC,,,,,,,B08050,B16CLC,,,
07133,,12.399955,CTYLAK,FORLAK,T07AVO,R07AVO,C03532,E14046,H09127,,M43RLB,F12GRL,L08GRA,P17RLA,,,,,WTRCLC,,,,,,,B16CLC,,,,
07134,"17,188,682",9.498833,CTYLAK,FORLAK,T07AVO,R07AVO,C03532,,,U03116,M44RLH,F12GRL,L11RLA,P17RLA,,,,,WTRCLC,,,,,,,B16CLC,,,,
07135,,9.937555,CTYLAK,FORLAK,T07AVO,R07AVO,C03532,,,U03116,M43RLB,F12GRL,L11RLA,P17RLA,,,,,WTRCLC,,,345SSA,,,,B16CLC,,,,
07136,"48,244,829",12.784719,CTYLAK,FORLAK,T07AVO,R07AVO,C03532,E14046,H09127,,M42RLA,F12GRL,L08GRA,P17RLA,,,,,WTRCLC,,,348SSA,,,,B16CLC,,,,
07137,"11,250,225",10.322319,CTYLAK,FORLAK,T07AVO,R07AVO,C03532,,,U03116,M42RLA,F12GRL,L11RLA,P17RLA,,,,,WTRCLC,,,349SSA,,,,B16CLC,,,,
07138,"7,106,306",10.221758,CTYLAK,FORLAK,T07AVO,R07AVO,C03532,,,U03116,M42RLA,F12GRL,L08GRA,P17RLA,,,,,WTRCLC,,,349SSA,,,,B16CLC,,,,
07139,"2,213,043",10.328888,CTYLAK,FORLAK,T07AVO,R07AVO,C03532,E12038,H06124,,M42RLA,F12GRL,L11RLA,P17RLA,,,,,WTRCLC,,,,,,,B07038,B11124,B16CLC,,
07140,"24,676,856",9.937555,CTYLAK,FORLAK,T07AVO,R07AVO,C03532,,,U03116,M43RLB,F12GRL,L11RLA,P17RLA,,,,,WTRCLC,X36TIF,,,,,,B16CLC,,,,
07141,,9.937555,CTYLAK,FORLAK,T07AVO,R07AVO,C03532,,,U03116,M43RLB,F12GRL,L11RLA,P17RLA,,,,,WTRCLC,X36TIF,,345SSA,,,,B16CLC,,,,
07142,,10.322319,CTYLAK,FORLAK,T07AVO,R07AVO,C03532,,,U03116,M42RLA,F12GRL,L11RLA,P17RLA,,,,,,,,,,,,,,,,
07143,"12,401,067",10.322319,CTYLAK,FORLAK,T07AVO,R07AVO,C03532,,,U03116,M42RLA,F12GRL,L11RLA,P17RLA,,,,,WTRCLC,X70TIF,,,,,,B16CLC,,,,
07144,,10.322319,CTYLAK,FORLAK,T07AVO,R07AVO,C03532,,,U03116,M42RLA,F12GRL,L11RLA,P17RLA,,,,,,,,,,,,,,,,
08001,"298,316,807",10.049265,CTYLAK,FORLAK,T08WAR,R08WAR,C03532,E16056,H05121,,M14GUR,,L13WNE,P09GUR,S05NSH,,,,WTRCLC,,,,,,,B10121,B14GUR,B16CLC,,
08002, -   ,10.060273,CTYLAK,FORLAK,T08WAR,R08WAR,C03532,E15050,H05121,,M46THL,F21WWA,L13WNE,,,,,,,,,,,,,B08050,B10121,,,
08003,"2,167,539",11.359126,CTYLAK,FORLAK,T08WAR,R08WAR,C03532,E15050,H05121,,M52WAK,,,,,,,PORWAK,,,,,,,,B08050,B10121,,,
08004,"714,602",10.434959,CTYLAK,FORLAK,T08WAR,R08WAR,C03532,E15050,H05121,,,F21WWA,L13WNE,P09GUR,,,,,,,,,,,,B08050,B10121,,,
08005,"39,005",12.258648,CTYLAK,FORLAK,T08WAR,R08WAR,C03532,E06024,H05121,,,F21WWA,L13WNE,,,,,,,,,,,,,B10121,,,,
08006,"62,878,869",9.928181,CTYLAK,FORLAK,T08WAR,R08WAR,C03532,E15050,H05121,,,F21WWA,L13WNE,,,,,,,,,,,,,B08050,B10121,,,
08007,"386,924",10.0704,CTYLAK,FORLAK,T08WAR,R08WAR,C03532,E16056,H05121,,,F21WWA,L13WNE,,,,,,,,,,,,,B10121,,,,
08008,,9.240549,CTYLAK,FORLAK,T08WAR,R08WAR,C03532,E15050,H05121,,,,L13WNE,,,,,,,,,,,,,B08050,B10121,,,
08009,"1,395,236",10.071503,CTYLAK,FORLAK,T08WAR,R08WAR,C03532,E15050,H05121,,,F11GRA,L13WNE,,,,,,,,,,,,,B08050,B10121,,,
08010,"11,602,587",9.941779,CTYLAK,FORLAK,T08WAR,R08WAR,C03532,E15050,H05121,,M50WAD,F21WWA,L13WNE,,,,,,,,,,,,,B08050,B10121,,,
08011, -   ,9.776897,CTYLAK,FORLAK,T08WAR,R08WAR,C03532,E15050,H05121,,,F21WWA,,,S05NSH,,,,,,,,,,,B08050,B10121,,,
08012,"373,061",10.736897,CTYLAK,FORLAK,T08WAR,R08WAR,C03532,E16056,H05121,,,F21WWA,L13WNE,P09GUR,S05NSH,,,,,,,,,,,B10121,,,,
08013,"30,243,583",11.192159,CTYLAK,FORLAK,T08WAR,R08WAR,C03532,E15050,H05121,,M39PCI,F21WWA,L13WNE,,S05NSH,,,,,,,,,,,B08050,B10121,,,
08014,"650,853",11.03244,CTYLAK,FORLAK,T08WAR,R08WAR,C03532,E15050,H05121,,M39PCI,F21WWA,L13WNE,,,,,,,,,,,,,B08050,B10121,,,
08015,"12,073",10.230119,CTYLAK,FORLAK,T08WAR,R08WAR,C03532,E16056,H05121,,,F21WWA,L13WNE,,S05NSH,,,,,,,,,,,B10121,,,,
08016,"29,399",11.501345,CTYLAK,FORLAK,T08WAR,R08WAR,C03532,E16056,H05121,,M52WAK,,,,,,,PORWAK,,,,,,,,B10121,,,,
08019,"69,123",12.008123,CTYLAK,FORLAK,T08WAR,R08WAR,C03532,E16056,H05121,,M52WAK,,,P09GUR,,,,PORWAK,,,,,,,,B10121,,,,
08020,,9.759397,CTYLAK,FORLAK,T08WAR,R08WAR,C03532,E16056,H05121,,,F21WWA,,,,,,,,,,,,,,B10121,,,,
08021,"12,980,831",12.18254,CTYLAK,FORLAK,T08WAR,R08WAR,C03532,E15050,H05121,,M52WAK,,,P20WAK,,,,PORWAK,,,,,,,,B08050,B10121,,,
08022,"140,737,742",12.342259,CTYLAK,FORLAK,T08WAR,R08WAR,C03532,E15050,H05121,,M52WAK,,,P20WAK,S05NSH,,,PORWAK,,,,,,,,B08050,B10121,,,
08024,"115,940,600",12.484478,CTYLAK,FORLAK,T08WAR,R08WAR,C03532,E16056,H05121,,M52WAK,,,P20WAK,S05NSH,,,PORWAK,,,,,,,,B10121,,,,
08025, -   ,10.45723,CTYLAK,FORLAK,T08WAR,R08WAR,C03532,E15050,H05121,,,F21WWA,L13WNE,P07GPA,,,,,,,,,,,,B08050,B10121,,,
08026, -   ,11.476548,CTYLAK,FORLAK,T08WAR,R08WAR,C03532,E14046,H09127,,M46THL,F11GRA,L13WNE,,,,,,,,,,,,,,,,,
08027,"4,633,597",10.577178,CTYLAK,FORLAK,T08WAR,R08WAR,C03532,E16056,H05121,,,F21WWA,L13WNE,P09GUR,,,,,,,,,,,,B10121,,,,
08028,"320,021",10.232917,CTYLAK,FORLAK,T08WAR,R08WAR,C03532,E15050,H05121,,M37OMC,F21WWA,L13WNE,,,,,,,,,,,,,B08050,B10121,,,
08029,"630,278,098",9.747327,CTYLAK,FORLAK,T08WAR,R08WAR,C03532,E15050,H05121,,M14GUR,,L13WNE,P09GUR,,,,,WTRCLC,,,,,,,B08050,B10121,B14GUR,B16CLC,
08030,"7,248,462",9.889546,CTYLAK,FORLAK,T08WAR,R08WAR,C03532,E16056,H05121,,M14GUR,,L13WNE,P09GUR,,,,,WTRCLC,,,,,,,B10121,B14GUR,B16CLC,,
08032,"253,959",9.240549,CTYLAK,FORLAK,T08WAR,R08WAR,C03532,E15050,H05121,,M14GUR,,L13WNE,,,,,,WTRCLC,,,,,,,B08050,B10121,B14GUR,B16CLC,
08033,,9.382768,CTYLAK,FORLAK,T08WAR,R08WAR,C03532,E16056,H05121,,M14GUR,,L13WNE,,,,,,WTRCLC,,,,,,,B10121,B14GUR,B16CLC,,
08034,,12.324759,CTYLAK,FORLAK,T08WAR,R08WAR,C03532,E16056,H05121,,M52WAK,,,P20WAK,,,,,,,,,,,,B10121,,,,
08035,"11,922",9.617178,CTYLAK,FORLAK,T08WAR,R08WAR,C03532,E15050,H05121,,,F21WWA,,,,,,,,,,,,,,B08050,B10121,,,
08036,"451,458",10.0879,CTYLAK,FORLAK,T08WAR,R08WAR,C03532,E15050,H05121,,,F21WWA,L13WNE,,S05NSH,,,,,,,,,,,B08050,B10121,,,
08037, -   ,10.881156,CTYLAK,FORLAK,T08WAR,R08WAR,C03532,E15050,H05121,,M39PCI,F21WWA,,,S05NSH,,,,,,,,,,,B08050,B10121,,,
08038, -   ,10.083998,CTYLAK,FORLAK,T08WAR,R08WAR,C03532,E16056,H05121,,M50WAD,F21WWA,L13WNE,,,,,,,,,,,,,B10121,,,,
08039,,12.167842,CTYLAK,FORLAK,T08WAR,R08WAR,C03532,E16056,H05121,,M52WAK,,,P09GUR,S05NSH,,,,,,,,,,,B10121,,,,
08040, -   ,11.661064,CTYLAK,FORLAK,T08WAR,R08WAR,C03532,E16056,H05121,,M52WAK,,,,S05NSH,,,PORWAK,,,,,,,,B10121,,,,
08041,"299,220",11.518845,CTYLAK,FORLAK,T08WAR,R08WAR,C03532,E15050,H05121,,M52WAK,,,,S05NSH,,,PORWAK,,,,,,,,B08050,B10121,,,
08042,"265,924,202",9.907046,CTYLAK,FORLAK,T08WAR,R08WAR,C03532,E15050,H05121,,M14GUR,,L13WNE,P09GUR,S05NSH,,,,WTRCLC,,,,,,,B08050,B10121,B14GUR,B16CLC,
08043, -   ,11.334378,CTYLAK,FORLAK,T08WAR,R08WAR,C03532,E16056,H05121,,M39PCI,F21WWA,L13WNE,,S05NSH,,,,,,,,,,,B10121,,,,
08044,,10.367457,CTYLAK,FORLAK,T08WAR,R08WAR,C03532,E15050,H05121,,,F21WWA,L13WNE,P22WIL,,,,,,,,,,,,B08050,B10121,,,
08047,,13.899931,CTYLAK,FORLAK,T08WAR,R08WAR,C03532,E15050,H05121,,M35NCH,,,,S05NSH,,,,,,,,,,,B04NCH,B08050,B10121,,
08048,,9.400268,CTYLAK,FORLAK,T08WAR,R08WAR,C03532,E15050,H05121,,M14GUR,,L13WNE,,S05NSH,,,,WTRCLC,,,,,,,B08050,B10121,B14GUR,B16CLC,
08049,,10.594678,CTYLAK,FORLAK,T08WAR,R08WAR,C03532,E15050,H05121,,,F21WWA,L13WNE,P09GUR,S05NSH,,,,,,,,,,,B08050,B10121,,,
08050,,10.600311,CTYLAK,FORLAK,T08WAR,R08WAR,C03532,E15050,H05121,,,F21WWA,,P20WAK,S05NSH,,,,,,,,,,,B08050,B10121,,,
08051,,14.723345,CTYLAK,FORLAK,T08WAR,R08WAR,C03532,E15050,H05121,,M35NCH,,,P20WAK,S05NSH,,,,,,,,,,,B04NCH,B08050,B10121,,
08053, -   ,10.60898,CTYLAK,FORLAK,T08WAR,R08WAR,C03532,E15050,H05121,,M12GRA,F11GRA,L13WNE,,,,,,WTRCLC,,,,,,,B08050,B10121,B16CLC,,
08054,"661,789",10.893814,CTYLAK,FORLAK,T08WAR,R08WAR,C03532,E16056,H05121,,,F21WWA,L13WNE,P20WAK,,,,,,,,,,,,B10121,,,,
08055,,11.433662,CTYLAK,FORLAK,T08WAR,R08WAR,C03532,E15050,H05121,,M45RLP,F11GRA,L13WNE,,,,,,WTRCLC,,,,,,,B08050,B10121,B16CLC,,
08056,,10.751595,CTYLAK,FORLAK,T08WAR,R08WAR,C03532,E15050,H05121,,,F21WWA,L13WNE,P20WAK,,,,,,,,,,,,B08050,B10121,,,
08057,,12.563384,CTYLAK,FORLAK,T08WAR,R08WAR,C03532,E06024,H05121,,M37OMC,F21WWA,L13WNE,,,,,,,,,,,,,B10121,,,,
08058,,10.063963,CTYLAK,FORLAK,T08WAR,R08WAR,C03532,E15050,H05121,,,,L13WNE,P20WAK,,,,,,,,,,,,B08050,B10121,,,
08059,"748,200",10.440592,CTYLAK,FORLAK,T08WAR,R08WAR,C03532,E15050,H05121,,,F21WWA,,P20WAK,,,,,,,,,,,,B08050,B10121,,,
08060, -   ,11.681437,CTYLAK,FORLAK,T08WAR,R08WAR,C03532,E16056,H05121,,M39PCI,F21WWA,L13WNE,P09GUR,,,,,,,,,,,,B10121,,,,
08061,,10.510779,CTYLAK,FORLAK,T08WAR,R08WAR,C03532,E15050,H05121,,,F11GRA,L13WNE,P22WIL,,,,,,,,,,,,B08050,B10121,,,
08062,"15,401,011",11.048256,CTYLAK,FORLAK,T08WAR,R08WAR,C03532,E15050,H05121,,M12GRA,F11GRA,L13WNE,P22WIL,,,,,WTRCLC,,,,,,,B08050,B10121,B16CLC,,
08063,,10.907412,CTYLAK,FORLAK,T08WAR,R08WAR,C03532,E16056,H05121,,M50WAD,F21WWA,L13WNE,P20WAK,,,,,,,,,,,,B10121,,,,
08064,"9,022,914",11.082981,CTYLAK,FORLAK,T08WAR,R08WAR,C03532,E15050,H05121,,M12GRA,F11GRA,L13WNE,P08GRA,,,,,WTRCLC,,,,,,,B08050,B10121,B16CLC,,
08065,"140,064,281",9.928181,CTYLAK,FORLAK,T08WAR,R08WAR,C03532,E15050,H05121,,,F21WWA,L13WNE,,,,,,WTRCLC,,,,,,,B08050,B10121,B16CLC,,
08066,"54,967,620",10.071503,CTYLAK,FORLAK,T08WAR,R08WAR,C03532,E15050,H05121,,,F11GRA,L13WNE,,,,,,WTRCLC,,,,,,,B08050,B10121,B16CLC,,
08067,"6,583,588",11.476548,CTYLAK,FORLAK,T08WAR,R08WAR,C03532,E14046,H09127,,M46THL,F11GRA,L13WNE,,,,,,WTRCLC,,,,,,,B16CLC,,,,
08068,"30,808,030",10.367457,CTYLAK,FORLAK,T08WAR,R08WAR,C03532,E15050,H05121,,,F21WWA,L13WNE,P22WIL,,,,,WTRCLC,,,,,,,B08050,B10121,B16CLC,,
08069,"73,339,253",10.510779,CTYLAK,FORLAK,T08WAR,R08WAR,C03532,E15050,H05121,,,F11GRA,L13WNE,P22WIL,,,,,WTRCLC,,,,,,,B08050,B10121,B16CLC,,
08070,"7,163,702",10.060273,CTYLAK,FORLAK,T08WAR,R08WAR,C03532,E15050,H05121,,M46THL,F21WWA,L13WNE,,,,,,WTRCLC,,,,,,,B08050,B10121,B16CLC,,
08071,"127,469",10.0704,CTYLAK,FORLAK,T08WAR,R08WAR,C03532,E16056,H05121,,M06BPA,F21WWA,L13WNE,,,,,PORWAK,,,,,,,,B10121,,,,
08072,,10.894917,CTYLAK,FORLAK,T08WAR,R08WAR,C03532,E15050,H05121,,,F11GRA,L13WNE,P20WAK,,,,,,,,,,,,B08050,B10121,,,
08073,,10.578281,CTYLAK,FORLAK,T08WAR,R08WAR,C03532,E15050,H05121,,,F11GRA,L13WNE,P09GUR,,,,,,,,,,,,B08050,B10121,,,
08074,,10.578281,CTYLAK,FORLAK,T08WAR,R08WAR,C03532,E15050,H05121,,,F11GRA,L13WNE,P09GUR,,,,,WTRCLC,,,,,,,B08050,B10121,B16CLC,,
08075,"23,329,659",10.063963,CTYLAK,FORLAK,T08WAR,R08WAR,C03532,E15050,H05121,,M14GUR,,L13WNE,P20WAK,,,,,WTRCLC,,,,,,,B08050,B10121,B14GUR,B16CLC,
08076,,10.567051,CTYLAK,FORLAK,T08WAR,R08WAR,C03532,E15050,H05121,,M46THL,F21WWA,L13WNE,P09GUR,,,,,,,,,,,,B08050,B10121,,,
08077, -   ,10.567051,CTYLAK,FORLAK,T08WAR,R08WAR,C03532,E15050,H05121,,M46THL,F21WWA,L13WNE,P09GUR,,,,,WTRCLC,,,,,,,B08050,B10121,B16CLC,,
08078,,9.769598,CTYLAK,FORLAK,T08WAR,R08WAR,C03532,E15050,H05121,,M14GUR,,L13WNE,P07GPA,,,,,WTRCLC,,,,,,,B08050,B10121,B14GUR,B16CLC,
08079,,12.18254,CTYLAK,FORLAK,T08WAR,R08WAR,C03532,E15050,H05121,,M52WAK,,,P20WAK,,,,,,,,404SSA,,,,B08050,B10121,,,
08080,,10.765193,CTYLAK,FORLAK,T08WAR,R08WAR,C03532,E15050,H05121,,M50WAD,F21WWA,L13WNE,P20WAK,,,,,,,,,,,,B08050,B10121,,,
08081,,10.924912,CTYLAK,FORLAK,T08WAR,R08WAR,C03532,E15050,H05121,,M50WAD,F21WWA,L13WNE,P20WAK,S05NSH,,,,,,,,,,,B08050,B10121,,,
08082,,11.067131,CTYLAK,FORLAK,T08WAR,R08WAR,C03532,E16056,H05121,,M50WAD,F21WWA,L13WNE,P20WAK,S05NSH,,,PORWAK,,,,,,,,B10121,,,,
08083, -   ,11.865904,CTYLAK,FORLAK,T08WAR,R08WAR,C03532,E15050,H05121,,M52WAK,,,P09GUR,,,,PORWAK,,,,,,,,B08050,B10121,,,
08084,,10.761966,CTYLAK,FORLAK,T08WAR,R08WAR,C03532,E15050,H05121,,M37OMC,F21WWA,L13WNE,P07GPA,,,,,,,,,,,,B08050,B10121,,,
08085,"7,530,418",10.434959,CTYLAK,FORLAK,T08WAR,R08WAR,C03532,E15050,H05121,,,F21WWA,L13WNE,P09GUR,,,,,WTRCLC,,,,,,,B08050,B10121,B16CLC,,
08086, -   ,12.025623,CTYLAK,FORLAK,T08WAR,R08WAR,C03532,E15050,H05121,,M52WAK,,,P09GUR,S05NSH,,,PORWAK,,,,,,,,B08050,B10121,,,
08087,,12.258648,CTYLAK,FORLAK,T08WAR,R08WAR,C03532,E06024,H05121,,,F21WWA,L13WNE,,,,,,,,,342SSA,,,,B10121,,,,
08088, -   ,9.928181,CTYLAK,FORLAK,T08WAR,R08WAR,C03532,E15050,H05121,,,F21WWA,L13WNE,,,,,,,,,342SSA,,,,B08050,B10121,,,
08089,"627,922",10.232917,CTYLAK,FORLAK,T08WAR,R08WAR,C03532,E15050,H05121,,M37OMC,F21WWA,L13WNE,,,,,,,,,342SSA,,,,B08050,B10121,,,
08090,"606,897",12.563384,CTYLAK,FORLAK,T08WAR,R08WAR,C03532,E06024,H05121,,M37OMC,F21WWA,L13WNE,,,,,,,,,342SSA,,,,B10121,,,,
08091,,10.465658,CTYLAK,FORLAK,T08WAR,R08WAR,C03532,E15050,H05121,,M12GRA,F21WWA,L13WNE,,,,,,WTRCLC,,,,,,,B08050,B10121,B16CLC,,
08092,,13.021743,CTYLAK,FORLAK,T08WAR,R08WAR,C03532,E06024,H05121,,M30LND,F21WWA,L13WNE,P13LND,,,,,WTRCLC,,,342SSA,,,,B10121,B16CLC,,,
08093,,13.021743,CTYLAK,FORLAK,T08WAR,R08WAR,C03532,E06024,H05121,,M30LND,F21WWA,L13WNE,P13LND,,,,,WTRCLC,,,,,,,B10121,B16CLC,,,
08094,,12.995136,CTYLAK,FORLAK,T08WAR,R08WAR,C03532,E06024,H05121,,M37OMC,F21WWA,L13WNE,P13LND,,,,,,,,342SSA,,,,B10121,,,,
08095, -   ,12.995136,CTYLAK,FORLAK,T08WAR,R08WAR,C03532,E06024,H05121,,M37OMC,F21WWA,L13WNE,P13LND,,,,,,,,,,,,B10121,,,,
08096, -   ,10.939659,CTYLAK,FORLAK,T08WAR,R08WAR,C03532,E15050,H05121,,M12GRA,F21WWA,L13WNE,P08GRA,,,,,WTRCLC,,,,,,,B08050,B10121,B16CLC,,
08097,,10.74253,CTYLAK,FORLAK,T08WAR,R08WAR,C03532,E16056,H05121,,,F21WWA,,P20WAK,S05NSH,,,,,,,,,,,B10121,,,,
08098,"25,407",11.846789,CTYLAK,FORLAK,T08WAR,R08WAR,C03532,E16056,H05121,,M39PCI,F21WWA,,P20WAK,S05NSH,,,PORWAK,,,,,,,,B10121,,,,
08099,"217,000",11.841156,CTYLAK,FORLAK,T08WAR,R08WAR,C03532,E16056,H05121,,M39PCI,F21WWA,L13WNE,P09GUR,S05NSH,,,PORWAK,,,,,,,,B10121,,,,
08100,,12.589991,CTYLAK,FORLAK,T08WAR,R08WAR,C03532,E06024,H05121,,M30LND,F21WWA,L13WNE,,,,,,WTRCLC,,,,,,,B10121,B16CLC,,,
08101,,12.18254,CTYLAK,FORLAK,T08WAR,R08WAR,C03532,E15050,H05121,,M52WAK,,,P20WAK,,,,,,X47TIF,,,,,,B08050,B10121,,,
08102,,12.342259,CTYLAK,FORLAK,T08WAR,R08WAR,C03532,E15050,H05121,,M52WAK,,,P20WAK,S05NSH,,,,,X47TIF,,,,,,B08050,B10121,,,
08103,,10.45723,CTYLAK,FORLAK,T08WAR,R08WAR,C03532,E15050,H05121,,,F21WWA,L13WNE,P07GPA,,,,,,,,342SSA,,,,B08050,B10121,,,
08104,"1,892,536",9.747327,CTYLAK,FORLAK,T08WAR,R08WAR,C03532,E15050,H05121,,M14GUR,,L13WNE,P09GUR,,,,,WTRCLC,,,169SSA,,,,B08050,B10121,B14GUR,B16CLC,
08105,,12.995136,CTYLAK,FORLAK,T08WAR,R08WAR,C03532,E06024,H05121,,M37OMC,F21WWA,L13WNE,P13LND,,,,,,,,342SSA,,,,B10121,,,,
08106,"15,993",10.893814,CTYLAK,FORLAK,T08WAR,R08WAR,C03532,E16056,H05121,,M06BPA,F21WWA,L13WNE,P20WAK,,,,PORWAK,,,,,,,,B10121,,,,
08107,,13.043953,CTYLAK,FORLAK,T08WAR,R08WAR,C03532,E06024,H05121,,M37OMC,F21WWA,L13WNE,P13LND,S04LND,,,,,,,342SSA,,,,B10121,,,,
08108, -   ,12.612201,CTYLAK,FORLAK,T08WAR,R08WAR,C03532,E06024,H05121,,M37OMC,F21WWA,L13WNE,,S04LND,,,,,,,342SSA,,,,B10121,,,,
08109,,13.07056,CTYLAK,FORLAK,T08WAR,R08WAR,C03532,E06024,H05121,,M30LND,F21WWA,L13WNE,P13LND,S04LND,,,,WTRCLC,,,342SSA,,,,B10121,B16CLC,,,
08110,,13.07056,CTYLAK,FORLAK,T08WAR,R08WAR,C03532,E06024,H05121,,M30LND,F21WWA,L13WNE,P13LND,S04LND,,,,WTRCLC,,,,,,,B10121,B16CLC,,,
08111,,11.082981,CTYLAK,FORLAK,T08WAR,R08WAR,C03532,E15050,H05121,,M12GRA,F11GRA,L13WNE,P08GRA,,,,,WTRCLC,,,,,,,B08050,B10121,B16CLC,,
08112,,13.043953,CTYLAK,FORLAK,T08WAR,R08WAR,C03532,E06024,H05121,,M37OMC,F21WWA,L13WNE,P13LND,S04LND,,,,,,,,,,,B10121,,,,
08113,,12.046758,CTYLAK,FORLAK,T08WAR,R08WAR,C03532,E15050,H05121,,M52WAK,F21WWA,,,,,,,,,,,,,,B08050,B10121,,,
08114,,12.870172,CTYLAK,FORLAK,T08WAR,R08WAR,C03532,E15050,H05121,,M52WAK,F21WWA,,P20WAK,,,,,,,,,,,,B08050,B10121,,,
08115,,9.928181,CTYLAK,FORLAK,T08WAR,R08WAR,C03532,E15050,H05121,,M14GUR,F21WWA,L13WNE,,,,,,WTRCLC,,,,,,,B08050,B10121,B14GUR,B16CLC,
08116,,12.589991,CTYLAK,FORLAK,T08WAR,R08WAR,C03532,E06024,H05121,,M30LND,F21WWA,L13WNE,,,,,,WTRCLC,,,342SSA,,,,B10121,B16CLC,,,
08117,,10.259524,CTYLAK,FORLAK,T08WAR,R08WAR,C03532,E15050,H05121,,M30LND,F21WWA,L13WNE,,,,,,WTRCLC,,,,,,,B08050,B10121,B16CLC,,
08118,,10.691276,CTYLAK,FORLAK,T08WAR,R08WAR,C03532,E15050,H05121,,M30LND,F21WWA,L13WNE,P13LND,,,,,WTRCLC,,,,,,,B08050,B10121,B16CLC,,
08119,,10.740093,CTYLAK,FORLAK,T08WAR,R08WAR,C03532,E15050,H05121,,M30LND,F21WWA,L13WNE,P13LND,S04LND,,,,WTRCLC,,,,,,,B08050,B10121,B16CLC,,
08120,,13.012391,CTYLAK,FORLAK,T08WAR,R08WAR,C03532,E16056,H05121,,M52WAK,F21WWA,L13WNE,P20WAK,,,,,,,,,,,,B10121,,,,
08121,,10.434959,CTYLAK,FORLAK,T08WAR,R08WAR,C03532,E15050,H05121,,M14GUR,F21WWA,L13WNE,P09GUR,,,,,WTRCLC,,,,,,,B08050,B10121,B14GUR,B16CLC,
08122,"312,416",10.203595,CTYLAK,FORLAK,T08WAR,R08WAR,C03532,E15050,H05121,,M46THL,F11GRA,L13WNE,,,,,,WTRCLC,,,,,,,B08050,B10121,B16CLC,,
08123,,10.45723,CTYLAK,FORLAK,T08WAR,R08WAR,C03532,E15050,H05121,,M14GUR,F21WWA,L13WNE,P07GPA,,,,,WTRCLC,,,342SSA,,,,B08050,B10121,B14GUR,B16CLC,
08124,,10.45723,CTYLAK,FORLAK,T08WAR,R08WAR,C03532,E15050,H05121,,M14GUR,F21WWA,L13WNE,P07GPA,,,,,WTRCLC,,,,,,,B08050,B10121,B14GUR,B16CLC,
08125,,10.736897,CTYLAK,FORLAK,T08WAR,R08WAR,C03532,E16056,H05121,,M14GUR,F21WWA,L13WNE,P09GUR,S05NSH,,,,WTRCLC,,,,,,,B10121,B14GUR,B16CLC,,
08126,,10.594678,CTYLAK,FORLAK,T08WAR,R08WAR,C03532,E15050,H05121,,M14GUR,F21WWA,L13WNE,P09GUR,S05NSH,,,,WTRCLC,,,,,,,B08050,B10121,B14GUR,B16CLC,
08127,,10.577178,CTYLAK,FORLAK,T08WAR,R08WAR,C03532,E16056,H05121,,M14GUR,F21WWA,L13WNE,P09GUR,,,,,WTRCLC,,,,,,,B10121,B14GUR,B16CLC,,
08128,,9.769598,CTYLAK,FORLAK,T08WAR,R08WAR,C03532,E15050,H05121,,M14GUR,,L13WNE,P07GPA,,,,,WTRCLC,,,342SSA,,,,B08050,B10121,B14GUR,B16CLC,
08129,,12.484478,CTYLAK,FORLAK,T08WAR,R08WAR,C03532,E16056,H05121,,M52WAK,,,P20WAK,S05NSH,,,,,X48TIF,,,,,,B10121,,,,
08130,,12.324759,CTYLAK,FORLAK,T08WAR,R08WAR,C03532,E16056,H05121,,M52WAK,,,P20WAK,,,,,,X48TIF,,,,,,B10121,,,,
08131,,12.167842,CTYLAK,FORLAK,T08WAR,R08WAR,C03532,E16056,H05121,,M52WAK,,,P09GUR,S05NSH,,,,,X48TIF,,,,,,B10121,,,,
08132,,11.661064,CTYLAK,FORLAK,T08WAR,R08WAR,C03532,E16056,H05121,,M52WAK,,,,S05NSH,,,,,X48TIF,,,,,,B10121,,,,
08133,"59,405,180",10.237137,CTYLAK,FORLAK,T08WAR,R08WAR,C03532,E15050,H05121,,,F21WWA,L13WNE,,,,,,WTRCLC,,,154SSA,,,,B08050,B10121,B16CLC,,
08134,"44,830,747",10.766186,CTYLAK,FORLAK,T08WAR,R08WAR,C03532,E15050,H05121,,,F21WWA,L13WNE,P07GPA,,,,,WTRCLC,,,154SSA,,,,B08050,B10121,B16CLC,,
08135,"2,793,989",10.056283,CTYLAK,FORLAK,T08WAR,R08WAR,C03532,E15050,H05121,,M14GUR,,L13WNE,P09GUR,,,,,WTRCLC,,,154SSA,,,,B08050,B10121,B14GUR,B16CLC,
08136,"701,194",9.549505,CTYLAK,FORLAK,T08WAR,R08WAR,C03532,E15050,H05121,,M14GUR,,L13WNE,,,,,,WTRCLC,,,154SSA,,,,B08050,B10121,B14GUR,B16CLC,
08137,"929,216",10.078554,CTYLAK,FORLAK,T08WAR,R08WAR,C03532,E15050,H05121,,M14GUR,,L13WNE,P07GPA,,,,,WTRCLC,,,154SSA,,,,B08050,B10121,B14GUR,B16CLC,
08138,,11.070922,CTYLAK,FORLAK,T08WAR,R08WAR,C03532,E15050,H05121,,M37OMC,F21WWA,L13WNE,P07GPA,,,,,WTRCLC,,,154SSA,,,,B08050,B10121,B16CLC,,
08139,"44,343,108",12.567604,CTYLAK,FORLAK,T08WAR,R08WAR,C03532,E06024,H05121,,,F21WWA,L13WNE,,,,,,WTRCLC,,,154SSA,342SSA,,,B10121,B16CLC,,,
08140,"261,253",10.237137,CTYLAK,FORLAK,T08WAR,R08WAR,C03532,E15050,H05121,,,F21WWA,L13WNE,,,,,,WTRCLC,,,154SSA,342SSA,,,B08050,B10121,B16CLC,,
08141,"11,290,748",10.766186,CTYLAK,FORLAK,T08WAR,R08WAR,C03532,E15050,H05121,,,F21WWA,L13WNE,P07GPA,,,,,WTRCLC,,,154SSA,342SSA,,,B08050,B10121,B16CLC,,
08142,,13.379516,CTYLAK,FORLAK,T08WAR,R08WAR,C03532,E06024,H05121,,M30LND,F21WWA,L13WNE,P13LND,S04LND,,,,WTRCLC,,,154SSA,342SSA,,,B10121,B16CLC,,,
08143,"1,630,510",13.379516,CTYLAK,FORLAK,T08WAR,R08WAR,C03532,E06024,H05121,,M30LND,F21WWA,L13WNE,P13LND,S04LND,,,,WTRCLC,,,154SSA,,,,B10121,B16CLC,,,
08144,,10.078554,CTYLAK,FORLAK,T08WAR,R08WAR,C03532,E15050,H05121,,M14GUR,,L13WNE,P07GPA,,,,,WTRCLC,,,154SSA,342SSA,,,B08050,B10121,B14GUR,B16CLC,
08145,,11.049049,CTYLAK,FORLAK,T08WAR,R08WAR,C03532,E15050,H05121,,M30LND,F21WWA,L13WNE,P13LND,S04LND,,,,WTRCLC,,,154SSA,,,,B08050,B10121,B16CLC,,
08146,,10.761966,CTYLAK,FORLAK,T08WAR,R08WAR,C03532,E15050,H05121,,M37OMC,F21WWA,L13WNE,P07GPA,,,,,,,,342SSA,,,,B08050,B10121,,,
08147,,12.206477,CTYLAK,FORLAK,T08WAR,R08WAR,C03532,E15050,H05121,,M52WAK,F21WWA,,,S05NSH,,,,,,,,,,,B08050,B10121,,,
08148,,12.206477,CTYLAK,FORLAK,T08WAR,R08WAR,C03532,E15050,H05121,,M52WAK,F21WWA,,,S05NSH,,,,,X52TIF,,,,,,B08050,B10121,,,
08149,,11.518845,CTYLAK,FORLAK,T08WAR,R08WAR,C03532,E15050,H05121,,M52WAK,,,,S05NSH,,,,,X52TIF,,,,,,B08050,B10121,,,
08150,,10.640041,CTYLAK,FORLAK,T08WAR,R08WAR,C03532,E19068,H10128,,M52WAK,,,P20WAK,,,,,,,,,,,,,,,,
08151,,10.79976,CTYLAK,FORLAK,T08WAR,R08WAR,C03532,E19068,H10128,,M52WAK,,,P20WAK,S05NSH,,,,,,,,,,,,,,,
08152,,10.788573,CTYLAK,FORLAK,T08WAR,R08WAR,C03532,E15050,H05121,,M30LND,F21WWA,L13WNE,P07GPA,,,,,WTRCLC,,,342SSA,,,,B08050,B10121,B16CLC,,
08153,"12,562,589",12.342259,CTYLAK,FORLAK,T08WAR,R08WAR,C03532,E15050,H05121,,M52WAK,,,P20WAK,S05NSH,,,PORWAK,,X52TIF,,,,,,B08050,B10121,,,
08154, -   ,10.308341,CTYLAK,FORLAK,T08WAR,R08WAR,C03532,E15050,H05121,,M30LND,F21WWA,L13WNE,,S04LND,,,,WTRCLC,,,,,,,B08050,B10121,B16CLC,,
08155,,10.83739,CTYLAK,FORLAK,T08WAR,R08WAR,C03532,E15050,H05121,,M30LND,F21WWA,L13WNE,P07GPA,S04LND,,,,WTRCLC,,,342SSA,,,,B08050,B10121,B16CLC,,
08156,"879,997",10.594678,CTYLAK,FORLAK,T08WAR,R08WAR,C03532,E15050,H05121,,,F21WWA,L13WNE,P09GUR,S05NSH,,,,,,,,,,,B08050,B10121,B14GUR,B16CLC,
08157,"264,340",10.748582,CTYLAK,FORLAK,T08WAR,R08WAR,C03532,E19068,H10128,,M52WAK,,,P20WAK,,,,PORWAK,,,,,,,,B08050,B10121,,,
08158,"11,189,061",10.908301,CTYLAK,FORLAK,T08WAR,R08WAR,C03532,E19068,H10128,,M52WAK,,,P20WAK,S05NSH,,,PORWAK,,,,,,,,B08050,B10121,,,
08159,,10.766186,CTYLAK,FORLAK,T08WAR,R08WAR,C03532,E15050,H05121,,M14GUR,F21WWA,L13WNE,P07GPA,,,,,WTRCLC,,,154SSA,,,,B08050,B10121,B16CLC,,
08160,,10.237137,CTYLAK,FORLAK,T08WAR,R08WAR,C03532,E15050,H05121,,M14GUR,F21WWA,L13WNE,,,,,,WTRCLC,,,154SSA,,,,B08050,B10121,B16CLC,,
08161, -   ,13.323394,CTYLAK,FORLAK,T08WAR,R08WAR,C03532,E16056,H05121,,M52WAK,F21WWA,L13WNE,P20WAK,,,,PORWAK,,,,,,,,B10121,,,,
08162,,10.743915,CTYLAK,FORLAK,T08WAR,R08WAR,C03532,E15050,H05121,,M14GUR,F21WWA,L13WNE,P09GUR,,,,,WTRCLC,,,154SSA,,,,B08050,B10121,B16CLC,,
08163,"9,244,791",10.0704,CTYLAK,FORLAK,T08WAR,R08WAR,C03532,E16056,H05121,,,F21WWA,L13WNE,,,,,PORWAK,,,,,,,,B10121,,,,
08164,,9.776897,CTYLAK,FORLAK,T08WAR,R08WAR,C03532,E15050,H05121,,,F21WWA,,,S05NSH,,,PORWAK,,,,,,,,B08050,B10121,,,
08165,"8,040,449",11.192159,CTYLAK,FORLAK,T08WAR,R08WAR,C03532,E15050,H05121,,M39PCI,F21WWA,L13WNE,,S05NSH,,,PORWAK,,,,,,,,B08050,B10121,,,
08166,"55,930",10.230119,CTYLAK,FORLAK,T08WAR,R08WAR,C03532,E16056,H05121,,,F21WWA,L13WNE,,S05NSH,,,PORWAK,,,,,,,,B10121,,,,
08167,"544,114",10.577178,CTYLAK,FORLAK,T08WAR,R08WAR,C03532,E16056,H05121,,,F21WWA,L13WNE,P09GUR,,,,PORWAK,,,,,,,,B10121,,,,
08168,"26,500",9.889546,CTYLAK,FORLAK,T08WAR,R08WAR,C03532,E16056,H05121,,M14GUR,,L13WNE,P09GUR,,,,PORWAK,WTRCLC,,,,,,,B10121,B14GUR,B16CLC,,
08169,"4,165,208",12.324759,CTYLAK,FORLAK,T08WAR,R08WAR,C03532,E16056,H05121,,M52WAK,,,P20WAK,,,,PORWAK,,,,,,,,B10121,,,,
08170,"21,945,350",12.167842,CTYLAK,FORLAK,T08WAR,R08WAR,C03532,E16056,H05121,,M52WAK,,,P09GUR,S05NSH,,,PORWAK,,,,,,,,B10121,,,,
08171,"2,611,515",11.334378,CTYLAK,FORLAK,T08WAR,R08WAR,C03532,E16056,H05121,,M39PCI,F21WWA,L13WNE,,S05NSH,,,PORWAK,,,,,,,,B10121,,,,
08172,,10.440592,CTYLAK,FORLAK,T08WAR,R08WAR,C03532,E15050,H05121,,,F21WWA,,P20WAK,,,,PORWAK,,,,,,,,B08050,B10121,,,
08173,"45,969,890",10.049265,CTYLAK,FORLAK,T08WAR,R08WAR,C03532,E16056,H05121,,M14GUR,,L13WNE,P09GUR,S05NSH,,,PORWAK,WTRCLC,,,,,,,B10121,B14GUR,B16CLC,,
08174, -   ,10.893814,CTYLAK,FORLAK,T08WAR,R08WAR,C03532,E16056,H05121,,,F21WWA,L13WNE,P20WAK,,,,PORWAK,,,,,,,,B10121,,,,
08175,"22,124",12.18254,CTYLAK,FORLAK,T08WAR,R08WAR,C03532,E15050,H05121,,M52WAK,,,P20WAK,,,,PORWAK,,X69TIF,,,,,,B08050,B10121,,,
08176,"18,075,824",12.342259,CTYLAK,FORLAK,T08WAR,R08WAR,C03532,E15050,H05121,,M52WAK,,,P20WAK,S05NSH,,,PORWAK,,X69TIF,,,,,,B08050,B10121,,,
08177,"121,437",9.747327,CTYLAK,FORLAK,T08WAR,R08WAR,C03532,E15050,H05121,,M14GUR,,L13WNE,P09GUR,,,,,WTRCLC,,,,,,,B08050,B10121,B14GUR,B16CLC,
08178,"3,283,139",11.192159,CTYLAK,FORLAK,T08WAR,R08WAR,C03532,E15050,H05121,,M39PCI,F21WWA,L13WNE,,S05NSH,,,,,X71TIF,,,,,,B08050,B10121,,,
08179,"195,276",10.881156,CTYLAK,FORLAK,T08WAR,R08WAR,C03532,E15050,H05121,,M39PCI,F21WWA,,,S05NSH,,,,,X71TIF,,,,,,B08050,B10121,,,
08180,"765,521",11.334378,CTYLAK,FORLAK,T08WAR,R08WAR,C03532,E16056,H05121,,M39PCI,F21WWA,L13WNE,,S05NSH,,,,,X71TIF,,,,,,B10121,,,,
08181,,9.75296,CTYLAK,FORLAK,T08WAR,R08WAR,C03532,E15050,H05121,,,,,P20WAK,,,,PORWAK,,,,,,,,B08050,B10121,,,
09002,"57,111,882",14.129473,CTYLAK,FORLAK,T09WAK,R09WAK,C03532,,,U05187,M35NCH,,,P06FOS,S05NSH,,,,,,,,,,,B04NCH,,,,
09004,,7.445652,CTYLAK,FORLAK,T09WAK,R09WAK,C03532,,,U01060,,F05BPA,,,S05NSH,,,,,,,,,,,,,,,
09005,,8.269066,CTYLAK,FORLAK,T09WAK,R09WAK,C03532,,,U01060,,F05BPA,,P20WAK,S05NSH,,,,,,,,,,,,,,,
09006,"16,456,577",7.521665,CTYLAK,FORLAK,T09WAK,R09WAK,C03532,,,U01060,,F21WWA,L13WNE,,S05NSH,,,PORWAK,,,,,,,,,,,,
09007,,7.756655,CTYLAK,FORLAK,T09WAK,R09WAK,C03532,,,U01060,,F05BPA,L13WNE,,S05NSH,,,,,,,,,,,,,,,
09008,"692,900",8.95261,CTYLAK,FORLAK,T09WAK,R09WAK,C03532,,,U01060,M52WAK,,,,S05NSH,,,PORWAK,,,,,,,,,,,,
09009,"478,824",8.269066,CTYLAK,FORLAK,T09WAK,R09WAK,C03532,,,U01060,,F05BPA,,P20WAK,S05NSH,,,PORWAK,,,,,,,,,,,,
09011,,9.318807,CTYLAK,FORLAK,T09WAK,R09WAK,C03532,,,U05187,,,,P06FOS,S05NSH,,,,,,,,,,,,,,,
09012,"981,748,229",9.776024,CTYLAK,FORLAK,T09WAK,R09WAK,C03532,,,U01060,M52WAK,,,P20WAK,S05NSH,,,PORWAK,,,,,,,,,,,,
09013,,6.834033,CTYLAK,FORLAK,T09WAK,R09WAK,C03532,,,U01060,M14GUR,,L13WNE,,S05NSH,,,PORWAK,WTRCLC,,,,,,,B14GUR,B16CLC,,,
09014,"581,935",7.210662,CTYLAK,FORLAK,T09WAK,R09WAK,C03532,,,U01060,,F21WWA,,,S05NSH,,,PORWAK,,,,,,,,,,,,
09015,,7.340811,CTYLAK,FORLAK,T09WAK,R09WAK,C03532,,,U01060,M14GUR,,L13WNE,P09GUR,S05NSH,,,,WTRCLC,,,,,,,B14GUR,B16CLC,,,
09016,"25,871,557",9.644608,CTYLAK,FORLAK,T09WAK,R09WAK,C03532,,,U01060,M52WAK,,,P06FOS,S05NSH,,,PORWAK,,,,,,,,,,,,
09017,"11,771,774",8.625924,CTYLAK,FORLAK,T09WAK,R09WAK,C03532,,,U01060,M39PCI,F21WWA,L13WNE,,S05NSH,,,PORWAK,,,,,,,,,,,,
09018,"1,845,194",8.034076,CTYLAK,FORLAK,T09WAK,R09WAK,C03532,,,U01060,,F21WWA,,P20WAK,S05NSH,,,PORWAK,,,,,,,,,,,,
09020,,9.776024,CTYLAK,FORLAK,T09WAK,R09WAK,C03532,,,U01060,M52WAK,,,P20WAK,S05NSH,,,,,,,,,,,,,,,
09021,"476,838",9.449338,CTYLAK,FORLAK,T09WAK,R09WAK,C03532,,,U01060,M39PCI,F21WWA,L13WNE,P20WAK,S05NSH,,,PORWAK,,,,,,,,,,,,
09022,"2,492,530",8.345079,CTYLAK,FORLAK,T09WAK,R09WAK,C03532,,,U01060,,F21WWA,L13WNE,P20WAK,S05NSH,,,PORWAK,,,,,,,,,,,,
09023, -   ,9.776024,CTYLAK,FORLAK,T09WAK,R09WAK,C03532,,,U01060,M52WAK,,,P20WAK,S05NSH,,,,,X43TIF,,,,,,,,,,
09024,"3,167,653",14.129473,CTYLAK,FORLAK,T09WAK,R09WAK,C03532,,,U05187,M35NCH,,,P06FOS,S05NSH,,,,,X33TIF,,,,,,B04NCH,,,,
09025,"6,842,566",11.748387,CTYLAK,FORLAK,T09WAK,R09WAK,C03532,,,U05187,M52WAK,,,P06FOS,S05NSH,,,PORWAK,,,,,,,,,,,,
09026,"9,274",7.445652,CTYLAK,FORLAK,T09WAK,R09WAK,C03532,,,U01060,M06BPA,F05BPA,,,S05NSH,,,PORWAK,,,,,,,,,,,,
09027,,8.269066,CTYLAK,FORLAK,T09WAK,R09WAK,C03532,,,U01060,M06BPA,F05BPA,,P20WAK,S05NSH,,,PORWAK,,,,,,,,,,,,
09028,"21,042,661",7.756655,CTYLAK,FORLAK,T09WAK,R09WAK,C03532,,,U01060,M06BPA,F05BPA,L13WNE,,S05NSH,,,PORWAK,,,,,,,,,,,,
09029,,8.269066,CTYLAK,FORLAK,T09WAK,R09WAK,C03532,,,U01060,M06BPA,F05BPA,,P20WAK,S05NSH,,,,,,,,,,,,,,,
09030,,7.521665,CTYLAK,FORLAK,T09WAK,R09WAK,C03532,,,U01060,M06BPA,F21WWA,L13WNE,,S05NSH,,,PORWAK,,,,,,,,,,,,
09031,,7.210662,CTYLAK,FORLAK,T09WAK,R09WAK,C03532,,,U01060,M06BPA,F21WWA,,,S05NSH,,,PORWAK,,,,,,,,,,,,
09032,,11.410881,CTYLAK,FORLAK,T09WAK,R09WAK,C03532,E03003,H08126,,M06BPA,F05BPA,,P20WAK,S05NSH,,,,,,,,,,,B06003,B12126,,,
09033,,9.776024,CTYLAK,FORLAK,T09WAK,R09WAK,C03532,,,U01060,M52WAK,,,P20WAK,S05NSH,,,,,X44TIF,,,,,,,,,,
09034,,8.610131,CTYLAK,FORLAK,T09WAK,R09WAK,C03532,,,U01060,M06BPA,F05BPA,L15ZBE,P20WAK,S05NSH,,,,,,,,,,,,,,,
09035,"29,582,867",8.610131,CTYLAK,FORLAK,T09WAK,R09WAK,C03532,,,U01060,M06BPA,F05BPA,L15ZBE,P20WAK,S05NSH,,,PORWAK,,,,,,,,,,,,
09036,,11.751946,CTYLAK,FORLAK,T09WAK,R09WAK,C03532,E03003,H08126,,M06BPA,F05BPA,L15ZBE,P20WAK,S05NSH,,,,,,,,,,,B06003,B12126,,,
09037,,8.610131,CTYLAK,FORLAK,T09WAK,R09WAK,C03532,,,U01060,,F05BPA,L15ZBE,P20WAK,S05NSH,,,,,,,,,,,,,,,
09038,,9.776024,CTYLAK,FORLAK,T09WAK,R09WAK,C03532,,,U01060,M52WAK,,,P20WAK,S05NSH,,,,,,,405SSA,,,,,,,,
09039,,7.210662,CTYLAK,FORLAK,T09WAK,R09WAK,C03532,,,U01060,,F21WWA,,,S05NSH,,,,,,,405SSA,,,,,,,,
09040,,8.95261,CTYLAK,FORLAK,T09WAK,R09WAK,C03532,,,U01060,M52WAK,,,,S05NSH,,,,,,,405SSA,,,,,,,,
09041,,9.776024,CTYLAK,FORLAK,T09WAK,R09WAK,C03532,,,U01060,M52WAK,,,P20WAK,S05NSH,,,,,X45TIF,,,,,,,,,,
09042,,8.028443,CTYLAK,FORLAK,T09WAK,R09WAK,C03532,,,U01060,,F21WWA,L13WNE,P09GUR,S05NSH,,,,,,,,,,,,,,,
09043,"228,601",9.459388,CTYLAK,FORLAK,T09WAK,R09WAK,C03532,,,U01060,M52WAK,,,P09GUR,S05NSH,,,PORWAK,,,,,,,,,,,,
09044,"284,991",7.657447,CTYLAK,FORLAK,T09WAK,R09WAK,C03532,,,U01060,M14GUR,,L13WNE,P20WAK,S05NSH,,,PORWAK,WTRCLC,,,,,,,B14GUR,B16CLC,,,
09045, -   ,9.776024,CTYLAK,FORLAK,T09WAK,R09WAK,C03532,,,U01060,M52WAK,,,P20WAK,S05NSH,,,,,X46TIF,,,,,,,,,,
09046,,9.776024,CTYLAK,FORLAK,T09WAK,R09WAK,C03532,,,U01060,M52WAK,,,P20WAK,S05NSH,,,,,X43TIF,X46TIF,,,,,,,,,
09047,,8.610131,CTYLAK,FORLAK,T09WAK,R09WAK,C03532,,,U01060,M06BPA,F05BPA,L15ZBE,P20WAK,S05NSH,,,,,X04TIF,,,,,,,,,,
09048,"1,571,723",8.610131,CTYLAK,FORLAK,T09WAK,R09WAK,C03532,,,U01060,M06BPA,F05BPA,L15ZBE,P20WAK,S05NSH,,,PORWAK,,X04TIF,,,,,,,,,,
09049,,11.751946,CTYLAK,FORLAK,T09WAK,R09WAK,C03532,E03003,H08126,,M06BPA,F05BPA,L15ZBE,P20WAK,S05NSH,,,PORWAK,,,,,,,,B06003,B12126,,,
09051,,10.463656,CTYLAK,FORLAK,T09WAK,R09WAK,C03532,,,U01060,M52WAK,F21WWA,,P20WAK,S05NSH,,,,,,,,,,,,,,,
09052,,8.345079,CTYLAK,FORLAK,T09WAK,R09WAK,C03532,,,U01060,M14GUR,F21WWA,L13WNE,P20WAK,S05NSH,,,,WTRCLC,,,,,,,B14GUR,B16CLC,,,
09053,"51,190",11.751946,CTYLAK,FORLAK,T09WAK,R09WAK,C03532,E03003,H08126,,M06BPA,F05BPA,L15ZBE,P20WAK,S05NSH,,,PORWAK,,,,,,,,B06003,B12126,,,
09054,,7.521665,CTYLAK,FORLAK,T09WAK,R09WAK,C03532,,,U01060,M14GUR,F21WWA,L13WNE,,S05NSH,,,,WTRCLC,,,,,,,B14GUR,B16CLC,,,
09055,"803,300",8.610131,CTYLAK,FORLAK,T09WAK,R09WAK,C03532,,,U01060,M06BPA,F05BPA,L15ZBE,P20WAK,S05NSH,,,PORWAK,,X05TIF,,,,,,,,,,
09056,"1,971,106",7.756655,CTYLAK,FORLAK,T09WAK,R09WAK,C03532,,,U01060,M06BPA,F05BPA,L13WNE,,S05NSH,,,PORWAK,,X07TIF,,,,,,,,,,
09057, -   ,7.445652,CTYLAK,FORLAK,T09WAK,R09WAK,C03532,,,U01060,M06BPA,F05BPA,,,S05NSH,,,PORWAK,,X07TIF,,,,,,,,,,
09058,,7.521665,CTYLAK,FORLAK,T09WAK,R09WAK,C03532,,,U01060,,F21WWA,L13WNE,,S05NSH,,,,,X07TIF,,,,,,,,,,
09059,"404,898",7.521665,CTYLAK,FORLAK,T09WAK,R09WAK,C03532,,,U01060,M06BPA,F21WWA,L13WNE,,S05NSH,,,PORWAK,,X07TIF,,,,,,,,,,
09060,,7.210662,CTYLAK,FORLAK,T09WAK,R09WAK,C03532,,,U01060,M06BPA,F21WWA,,,S05NSH,,,PORWAK,,X07TIF,,,,,,,,,,
09061,"3,699,554",9.776024,CTYLAK,FORLAK,T09WAK,R09WAK,C03532,,,U01060,M52WAK,,,P20WAK,S05NSH,,,PORWAK,,X51TIF,,,,,,,,,,
09062,"13,244,488",9.776024,CTYLAK,FORLAK,T09WAK,R09WAK,C03532,,,U01060,M52WAK,,,P20WAK,S05NSH,,,PORWAK,,X50TIF,,,,,,,,,,
09063,"3,311,331",9.776024,CTYLAK,FORLAK,T09WAK,R09WAK,C03532,,,U01060,M52WAK,,,P20WAK,S05NSH,,,PORWAK,,X49TIF,,,,,,,,,,
09064,,10.463656,CTYLAK,FORLAK,T09WAK,R09WAK,C03532,,,U01060,M52WAK,F21WWA,,P20WAK,S05NSH,,,,WTRCLC,,,,,,,,,,,
09065,,9.951245,CTYLAK,FORLAK,T09WAK,R09WAK,C03532,,,U01060,M52WAK,F21WWA,L13WNE,,S05NSH,,,,,,,,,,,,,,,
09066,"32,993,563",14.129473,CTYLAK,FORLAK,T09WAK,R09WAK,C03532,,,U05187,M35NCH,,,P06FOS,S05NSH,,,PORWAK,,,,,,,,B04NCH,,,,
09067,"200,155",7.340811,CTYLAK,FORLAK,T09WAK,R09WAK,C03532,,,U01060,M14GUR,,L13WNE,P09GUR,S05NSH,,,PORWAK,WTRCLC,,,,,,,B14GUR,B16CLC,,,
09068,"692,209",14.129473,CTYLAK,FORLAK,T09WAK,R09WAK,C03532,,,U05187,M35NCH,,,P06FOS,S05NSH,,,PORWAK,,X33TIF,,,,,,B04NCH,,,,
10001,"7,267",9.714237,CTYLAK,FORLAK,T10SHI,R10SHI,C03532,,,U05187,,F20ROC,,P06FOS,S05NSH,,,,,,,,,,,,,,,
10003,"14,513",8.917805,CTYLAK,FORLAK,T10SHI,R10SHI,C03532,,,U05187,,,,P12LBL,S05NSH,,,,,,,,,,,,,,,
10004,,6.038098,CTYLAK,FORLAK,T10SHI,R10SHI,C03532,E18067,H02115,,M24LFO,,,,S05NSH,,,,,,,242SSA,,,,,,,,
10005,"29,382",9.089999,CTYLAK,FORLAK,T10SHI,R10SHI,C03532,,,U05187,,,,P06FOS,S05NSH,,,,,,,,,,,,,,,
10006,"1,122,205",6.244727,CTYLAK,FORLAK,T10SHI,R10SHI,C03532,E17065,H02115,,,,,P12LBL,S05NSH,,Q01LBL,,,,,,,,,,,,,
10007,"4,966,829",6.868965,CTYLAK,FORLAK,T10SHI,R10SHI,C03532,E17065,H02115,,,F20ROC,,P12LBL,S05NSH,,Q01LBL,,,,,,,,,,,,,
10008,"4,883,899",6.416921,CTYLAK,FORLAK,T10SHI,R10SHI,C03532,E17065,H02115,,,,,P06FOS,S05NSH,,Q01LBL,,,,,,,,,,,,,
10009,"63,997,456",13.900665,CTYLAK,FORLAK,T10SHI,R10SHI,C03532,,,U05187,M35NCH,,,P06FOS,S05NSH,,,,,,,,,,,B04NCH,,,,
10010,"11,203,132",7.246308,CTYLAK,FORLAK,T10SHI,R10SHI,C03532,E17065,H02115,,M23LBL,,,P06FOS,S05NSH,,Q01LBL,,WTRCLC,,,,,,,B05LBL,B16CLC,,,
10011,"544,664,503",7.074114,CTYLAK,FORLAK,T10SHI,R10SHI,C03532,E17065,H02115,,M23LBL,,,P12LBL,S05NSH,,Q01LBL,,WTRCLC,,,,,,,B05LBL,B16CLC,,,
10012, -   ,9.919386,CTYLAK,FORLAK,T10SHI,R10SHI,C03532,,,U05187,M23LBL,,,P06FOS,S05NSH,,Q01LBL,,WTRCLC,,,,,,,B05LBL,B16CLC,,,
10013,,6.557902,CTYLAK,FORLAK,T10SHI,R10SHI,C03532,E18067,H02115,,M24LFO,,,P12LBL,S05NSH,,,,,,,,,,,,,,,
10014,"1,059,487,194",6.038098,CTYLAK,FORLAK,T10SHI,R10SHI,C03532,E18067,H02115,,M24LFO,,,,S05NSH,,,,,,,,,,,,,,,
10015,"1,524,667",5.878379,CTYLAK,FORLAK,T10SHI,R10SHI,C03532,E18067,H02115,,M24LFO,,,,,,,,,,,,,,,,,,,
10016, -   ,13.728471,CTYLAK,FORLAK,T10SHI,R10SHI,C03532,,,U05187,M35NCH,,,P12LBL,S05NSH,,,,,,,,,,,B04NCH,,,,
10017, -   ,11.055393,CTYLAK,FORLAK,T10SHI,R10SHI,C03532,E17065,H02115,,M35NCH,,,P12LBL,S05NSH,,Q01LBL,,,,,,,,,B04NCH,,,,
10018, -   ,9.089999,CTYLAK,FORLAK,T10SHI,R10SHI,C03532,,,U05187,,,,P06FOS,S05NSH,,Q01LBL,,,,,,,,,,,,,
10019, -   ,9.542043,CTYLAK,FORLAK,T10SHI,R10SHI,C03532,,,U05187,,F20ROC,,P12LBL,S05NSH,,Q01LBL,,,,,,,,,,,,,
10020, -   ,13.900665,CTYLAK,FORLAK,T10SHI,R10SHI,C03532,,,U05187,M35NCH,,,P06FOS,S05NSH,,Q01LBL,,,,,,,,,B04NCH,,,,
10021,"5,850,720",13.728471,CTYLAK,FORLAK,T10SHI,R10SHI,C03532,,,U05187,M35NCH,,,P12LBL,S05NSH,,Q01LBL,,,,,,,,,B04NCH,,,,
10022, -   ,13.728471,CTYLAK,FORLAK,T10SHI,R10SHI,C03532,,,U05187,M35NCH,,,P12LBL,S05NSH,,Q01LBL,,,,,,,,,B04NCH,,,,
10023,"107,896",9.747192,CTYLAK,FORLAK,T10SHI,R10SHI,C03532,,,U05187,M23LBL,,,P12LBL,S05NSH,,Q01LBL,,WTRCLC,,,,,,,B05LBL,B16CLC,,,
10024,,5.878379,CTYLAK,FORLAK,T10SHI,R10SHI,C03532,E18067,H02115,,M24LFO,,,,,,,,,,,243SSA,,,,,,,,
10025,,6.038098,CTYLAK,FORLAK,T10SHI,R10SHI,C03532,E18067,H02115,,M24LFO,,,,S05NSH,,,,,,,243SSA,,,,,,,,
10026,"8,992,689",11.519579,CTYLAK,FORLAK,T10SHI,R10SHI,C03532,,,U05187,M52WAK,,,P06FOS,S05NSH,,,PORWAK,,,,,,,,,,,,
10027,,6.038098,CTYLAK,FORLAK,T10SHI,R10SHI,C03532,E18067,H02115,,M24LFO,,,,S05NSH,,,,,,,244SSA,,,,,,,,
10028,"6,422,885",13.900665,CTYLAK,FORLAK,T10SHI,R10SHI,C03532,,,U05187,M35NCH,,,P06FOS,S05NSH,,,,,X33TIF,,,,,,B04NCH,,,,
10029,"65,987,815",6.868965,CTYLAK,FORLAK,T10SHI,R10SHI,C03532,E17065,H02115,,,F20ROC,,P12LBL,S05NSH,,Q01LBL,,WTRCLC,,,,,,,B16CLC,,,,
10030,,13.728471,CTYLAK,FORLAK,T10SHI,R10SHI,C03532,,,U05187,M35NCH,,,P12LBL,S05NSH,,Q01LBL,,WTRCLC,,,,,,,B04NCH,B16CLC,,,
10031,,11.055393,CTYLAK,FORLAK,T10SHI,R10SHI,C03532,E17065,H02115,,M35NCH,,,P12LBL,S05NSH,,Q01LBL,,WTRCLC,,,,,,,B04NCH,B16CLC,,,
10032,,6.244727,CTYLAK,FORLAK,T10SHI,R10SHI,C03532,E17065,H02115,,,,,P12LBL,S05NSH,,Q01LBL,,WTRCLC,,,,,,,B16CLC,,,,
10033,,7.074114,CTYLAK,FORLAK,T10SHI,R10SHI,C03532,E17065,H02115,,M23LBL,,,P12LBL,S05NSH,,Q01LBL,,WTRCLC,,,229SSA,,,,B05LBL,B16CLC,,,
10034,"141,579",6.972671,CTYLAK,FORLAK,T10SHI,R10SHI,C03532,E17065,H02115,,M13GOA,F20ROC,,P12LBL,S05NSH,,Q01LBL,,WTRCLC,,,,,,,B16CLC,,,,
10035,,6.972671,CTYLAK,FORLAK,T10SHI,R10SHI,C03532,E17065,H02115,,M13GOA,F20ROC,,P12LBL,S05NSH,,Q01LBL,,,,,,,,,,,,,
10036,"5,589,778",6.434603,CTYLAK,FORLAK,T10SHI,R10SHI,C03532,E17065,H02115,,,F02ASN,,P12LBL,S05NSH,,Q01LBL,,,,,,,,,,,,,
10037,"8,753,594",6.404644,CTYLAK,FORLAK,T10SHI,R10SHI,C03532,E17065,H02115,,,F03ASS,,P12LBL,S05NSH,,Q01LBL,,,,,,,,,,,,,
10038, -   ,7.803684,CTYLAK,FORLAK,T10SHI,R10SHI,C03532,E17065,H02115,,M24LFO,,,P12LBL,S05NSH,,Q01LBL,,,,,,,,,,,,,
10039,,7.803684,CTYLAK,FORLAK,T10SHI,R10SHI,C03532,E17065,H02115,,M24LFO,,,P12LBL,S05NSH,,Q01LBL,,WTRCLC,,,,,,,B16CLC,,,,
10040,"23,071,241",7.637385,CTYLAK,FORLAK,T10SHI,R10SHI,C03532,E17065,H02115,,M23LBL,F20ROC,,P12LBL,S05NSH,,Q01LBL,,,,,,,,,,,,,
10041,"47,941",7.637385,CTYLAK,FORLAK,T10SHI,R10SHI,C03532,E17065,H02115,,M23LBL,F20ROC,,P12LBL,S05NSH,,Q01LBL,,WTRCLC,,,,,,,B16CLC,,,,
10042,,6.038098,CTYLAK,FORLAK,T10SHI,R10SHI,C03532,E18067,H02115,,M24LFO,,,,S05NSH,,,,,,,231SSA,,,,,,,,
10043,,6.038098,CTYLAK,FORLAK,T10SHI,R10SHI,C03532,E18067,H02115,,M24LFO,,,,S05NSH,,,,,,,230SSA,,,,,,,,
10044,"10,313,653",6.038098,CTYLAK,FORLAK,T10SHI,R10SHI,C03532,E18067,H02115,,M24LFO,,,,S05NSH,,,,,,,233SSA,,,,,,,,
10045,"2,303,601",6.038098,CTYLAK,FORLAK,T10SHI,R10SHI,C03532,E18067,H02115,,M24LFO,,,,S05NSH,,,,,,,234SSA,,,,,,,,
10046,,6.038098,CTYLAK,FORLAK,T10SHI,R10SHI,C03532,E18067,H02115,,M24LFO,,,,S05NSH,,,,,,,242SSA,246SSA,,,,,,,
10047,,6.038098,CTYLAK,FORLAK,T10SHI,R10SHI,C03532,E18067,H02115,,M24LFO,,,,S05NSH,,,,,,,232SSA,,,,,,,,
10048,"18,628,909",9.397393,CTYLAK,FORLAK,T10SHI,R10SHI,C03532,,,U05187,,,,P06FOS,S05NSH,,,,,,,,,,,B04NCH,,,,
10049,,9.225199,CTYLAK,FORLAK,T10SHI,R10SHI,C03532,,,U05187,,,,P12LBL,S05NSH,,,,,,,,,,,B04NCH,,,,
10050,,6.038098,CTYLAK,FORLAK,T10SHI,R10SHI,C03532,E18067,H02115,,M24LFO,,,,S05NSH,,,,,,,238SSA,,,,,,,,
10052,,7.803684,CTYLAK,FORLAK,T10SHI,R10SHI,C03532,E17065,H02115,,M24LFO,,,P12LBL,S05NSH,,Q01LBL,,WTRCLC,,,238SSA,,,,B16CLC,,,,
10053,,13.900665,CTYLAK,FORLAK,T10SHI,R10SHI,C03532,,,U05187,M35NCH,,,P06FOS,S05NSH,,,,,X31TIF,X33TIF,,,,,B04NCH,,,,
10054,,11.679631,CTYLAK,FORLAK,T10SHI,R10SHI,C03532,E17065,H02115,,M35NCH,F20ROC,,P12LBL,S05NSH,,Q01LBL,,,,,,,,,B04NCH,,,,
10055, -   ,13.900665,CTYLAK,FORLAK,T10SHI,R10SHI,C03532,,,U05187,M35NCH,,,P06FOS,S05NSH,,,,,X31TIF,,,,,,B04NCH,,,,
10056,"1,964,626",6.038098,CTYLAK,FORLAK,T10SHI,R10SHI,C03532,E18067,H02115,,M24LFO,,,,S05NSH,,,,,,,239SSA,,,,,,,,
10057,,14.524903,CTYLAK,FORLAK,T10SHI,R10SHI,C03532,,,U05187,M35NCH,F20ROC,,P06FOS,S05NSH,,,,,,,,,,,B04NCH,,,,
10058,,14.352709,CTYLAK,FORLAK,T10SHI,R10SHI,C03532,,,U05187,M35NCH,F20ROC,,P12LBL,S05NSH,,Q01LBL,,,,,,,,,B04NCH,,,,
10059,,6.038098,CTYLAK,FORLAK,T10SHI,R10SHI,C03532,E18067,H02115,,M24LFO,,,,S05NSH,,,,,,,246SSA,,,,,,,,
10060,"772,937",6.038098,CTYLAK,FORLAK,T10SHI,R10SHI,C03532,E18067,H02115,,M24LFO,,,,S05NSH,,,,,,,240SSA,,,,,,,,
10061,"90,630",6.038098,CTYLAK,FORLAK,T10SHI,R10SHI,C03532,E18067,H02115,,M24LFO,,,,S05NSH,,,,,X20TIF,,,,,,,,,,
10062,"4,788,785",6.038098,CTYLAK,FORLAK,T10SHI,R10SHI,C03532,E18067,H02115,,M24LFO,,,,S05NSH,,,,,,,241SSA,,,,,,,,
10063,"13,221,890",13.900665,CTYLAK,FORLAK,T10SHI,R10SHI,C03532,,,U05187,M35NCH,,,P06FOS,S05NSH,,,,,X32TIF,,,,,,B04NCH,,,,
10064,"1,814,395",11.055393,CTYLAK,FORLAK,T10SHI,R10SHI,C03532,E17065,H02115,,M35NCH,,,P12LBL,S05NSH,,Q01LBL,,,X32TIF,,,,,,B04NCH,,,,
10065,"2,614,068",13.728471,CTYLAK,FORLAK,T10SHI,R10SHI,C03532,,,U05187,M35NCH,,,P12LBL,S05NSH,,Q01LBL,,,X32TIF,,,,,,B04NCH,,,,
10066,,13.728471,CTYLAK,FORLAK,T10SHI,R10SHI,C03532,,,U05187,M35NCH,,,P12LBL,S05NSH,,Q01LBL,,WTRCLC,X32TIF,,,,,,B04NCH,B16CLC,,,
10067,,11.055393,CTYLAK,FORLAK,T10SHI,R10SHI,C03532,E17065,H02115,,M35NCH,,,P12LBL,S05NSH,,Q01LBL,,WTRCLC,X32TIF,,,,,,B04NCH,B16CLC,,,
11002,,9.483548,CTYLAK,FORLAK,T11LIB,R11LIB,C03532,E22073,H04120,,M33MUN,,L04CME,,,,,,WTRCLC,,,,,,,B16CLC,B17MU2,,,
11003,"122,505,514",9.956087,CTYLAK,FORLAK,T11LIB,R11LIB,C03532,E22073,H04120,,M33MUN,,L04CME,P15MUN,,,,,WTRCLC,,,,,,,B15MUN,B16CLC,B17MU2,,
11004,,10.574087,CTYLAK,FORLAK,T11LIB,R11LIB,C03532,E23075,H04120,,M33MUN,,L04CME,P15MUN,,,,,WTRCLC,,,,,,,B15MUN,B16CLC,B17MU2,,
11005,"61,181,963",10.676006,CTYLAK,FORLAK,T11LIB,R11LIB,C03532,E24076,H04120,,M33MUN,,L04CME,P15MUN,,,,,WTRCLC,,,,,,,B15MUN,B16CLC,B17MU2,,
11007,"529,210",6.675016,CTYLAK,FORLAK,T11LIB,R11LIB,C03532,E21072,H10128,,,F15LIB,L04CME,,S05NSH,,,,,,,,,,,,,,,
11008, -   ,6.768672,CTYLAK,FORLAK,T11LIB,R11LIB,C03532,E21072,H10128,,M32MET,F15LIB,L04CME,,S05NSH,,,,,,,,,,,,,,,
11009,,9.116766,CTYLAK,FORLAK,T11LIB,R11LIB,C03532,E22073,H04120,,,F07COU,L04CME,P15MUN,,,,,,,,,,,,B09COU,B15MUN,,,
11010,,6.551382,CTYLAK,FORLAK,T11LIB,R11LIB,C03532,E17065,H02115,,,F15LIB,L04CME,,S05NSH,,Q01LBL,,,,,,,,,,,,,
11011, -   ,9.185243,CTYLAK,FORLAK,T11LIB,R11LIB,C03532,E22073,H10128,,M49VHI,F15LIB,L04CME,P18VHI,,,,,WTRCLC,,,,,,,B16CLC,,,,
11012,"481,973,871",9.33464,CTYLAK,FORLAK,T11LIB,R11LIB,C03532,E22073,H10128,,M49VHI,F07COU,L04CME,P18VHI,,,,,WTRCLC,,,,,,,B09COU,B16CLC,,,
11013,,9.33464,CTYLAK,FORLAK,T11LIB,R11LIB,C03532,E22073,H10128,,,F07COU,L04CME,P18VHI,,,,,,,,,,,,B09COU,,,,
11014,,6.675016,CTYLAK,FORLAK,T11LIB,R11LIB,C03532,E21072,H10128,,,F15LIB,L04CME,,S05NSH,,Q01LBL,,,,,,,,,,,,,
11017,,8.644227,CTYLAK,FORLAK,T11LIB,R11LIB,C03532,E22073,H04120,,,F07COU,L04CME,,,,,,,,,,,,,B09COU,,,,
11018,"965,464",10.27084,CTYLAK,FORLAK,T11LIB,R11LIB,C03532,E20070,H10128,,M52WAK,,,P20WAK,,,,PORWAK,,,,,,,,,,,,
11020,"6,148,193",9.836685,CTYLAK,FORLAK,T11LIB,R11LIB,C03532,E24076,H04120,,,F07COU,L04CME,P15MUN,,,,,,,,,,,,B09COU,B15MUN,,,
11024,"663,357",9.019769,CTYLAK,FORLAK,T11LIB,R11LIB,C03532,E20070,H04120,,M33MUN,,L04CME,P15MUN,,,,,WTRCLC,,,,,,,B15MUN,B16CLC,B17MU2,,
11033,,6.391663,CTYLAK,FORLAK,T11LIB,R11LIB,C03532,E17065,H02115,,,F15LIB,L04CME,,,,Q01LBL,,,,,,,,,,,,,
11037,"40,635,868",10.150589,CTYLAK,FORLAK,T11LIB,R11LIB,C03532,E19068,H10128,,M52WAK,,,P20WAK,,,,PORWAK,,,,,,,,,,,,
11038,"1,057,357,347",7.997664,CTYLAK,FORLAK,T11LIB,R11LIB,C03532,E20070,H10128,,M28LIB,,L04CME,,,,,,WTRCLC,,,,,,,B16CLC,,,,
11039,"116,650,500",7.828675,CTYLAK,FORLAK,T11LIB,R11LIB,C03532,E19068,H10128,,,F15LIB,L04CME,,S05NSH,,,,,,,,,,,,,,,
11040,"11,476,045",7.668956,CTYLAK,FORLAK,T11LIB,R11LIB,C03532,E19068,H10128,,,F15LIB,L04CME,,,,,,,,,,,,,,,,,
11041,"69,428,243",7.789207,CTYLAK,FORLAK,T11LIB,R11LIB,C03532,E20070,H10128,,,F15LIB,L04CME,,,,,,,,,,,,,,,,,
11042,"871,609",7.882863,CTYLAK,FORLAK,T11LIB,R11LIB,C03532,E20070,H10128,,M32MET,F15LIB,L04CME,,,,,,,,,,,,,,,,,
11043,"115,206",6.515297,CTYLAK,FORLAK,T11LIB,R11LIB,C03532,E21072,H10128,,,F15LIB,L04CME,,,,,,,,,,,,,,,,,
11044, -   ,8.725525,CTYLAK,FORLAK,T11LIB,R11LIB,C03532,E22073,H10128,,,F15LIB,L04CME,,,,,,,,,,,,,,,,,
11045,"11,018,040",8.819181,CTYLAK,FORLAK,T11LIB,R11LIB,C03532,E22073,H10128,,M32MET,F15LIB,L04CME,,,,,,,,,,,,,,,,,
11046,"5,267,017",6.608953,CTYLAK,FORLAK,T11LIB,R11LIB,C03532,E21072,H10128,,M32MET,F15LIB,L04CME,,,,,,,,,,,,,,,,,
11047, -   ,8.874922,CTYLAK,FORLAK,T11LIB,R11LIB,C03532,E22073,H10128,,,F07COU,L04CME,,,,,,,,,,,,,B09COU,,,,
11048,"741,619",7.892913,CTYLAK,FORLAK,T11LIB,R11LIB,C03532,E20070,H10128,,M13GOA,F15LIB,L04CME,,,,,,,,,,,,,,,,,
11049,,7.969565,CTYLAK,FORLAK,T11LIB,R11LIB,C03532,E19068,H10128,,,F20ROC,L04CME,,S05NSH,,Q01LBL,,,,,,,,,,,,,
11050,"50,258,882",10.186782,CTYLAK,FORLAK,T11LIB,R11LIB,C03532,E22073,H10128,,M33MUN,,L04CME,P15MUN,,,,,WTRCLC,,,,,,,B15MUN,B16CLC,B17MU2,,
11051,"159,138,964",7.772662,CTYLAK,FORLAK,T11LIB,R11LIB,C03532,E19068,H10128,,M13GOA,F15LIB,L04CME,,,,,,,,,,,,,,,,,
11052,,6.515297,CTYLAK,FORLAK,T11LIB,R11LIB,C03532,E21072,H10128,,,F15LIB,L04CME,,,,Q01LBL,,,,,,,,,,,,,
11053, -   ,7.668956,CTYLAK,FORLAK,T11LIB,R11LIB,C03532,E19068,H10128,,,F15LIB,L04CME,,,,Q01LBL,,,,,,,,,,,,,
11054,"40,756,187",7.828675,CTYLAK,FORLAK,T11LIB,R11LIB,C03532,E19068,H10128,,,F15LIB,L04CME,,S05NSH,,Q01LBL,,,,,,,,,,,,,
11055,"193,396,244",8.933982,CTYLAK,FORLAK,T11LIB,R11LIB,C03532,E22073,H10128,,M28LIB,,L04CME,,,,,,WTRCLC,,,,,,,B16CLC,,,,
11056,"4,392,802",6.619003,CTYLAK,FORLAK,T11LIB,R11LIB,C03532,E21072,H10128,,M13GOA,F15LIB,L04CME,,,,,,,,,,,,,,,,,
11057,"31,791,703",7.766969,CTYLAK,FORLAK,T11LIB,R11LIB,C03532,E20070,H04120,,M28LIB,,L04CME,,,,,,WTRCLC,,,,,,,B16CLC,,,,
11058, -   ,11.86798,CTYLAK,FORLAK,T11LIB,R11LIB,C03532,E19068,H10128,,M35NCH,,,,S05NSH,,,,,,,,,,,B04NCH,,,,
11059,,11.708261,CTYLAK,FORLAK,T11LIB,R11LIB,C03532,E19068,H10128,,M35NCH,,,,,,,,,,,,,,,B04NCH,,,,
11060,"1,146,786",11.86798,CTYLAK,FORLAK,T11LIB,R11LIB,C03532,E19068,H10128,,M35NCH,,,,S05NSH,,Q01LBL,,,,,,,,,B04NCH,,,,
11061,,6.551382,CTYLAK,FORLAK,T11LIB,R11LIB,C03532,E17065,H02115,,,F15LIB,L04CME,,S05NSH,,Q01LBL,,,,,,,,,,,,,
11062,,7.772662,CTYLAK,FORLAK,T11LIB,R11LIB,C03532,E19068,H10128,,M13GOA,F15LIB,L04CME,,,,,,,,,170SSA,,,,,,,,
11063,,8.652089,CTYLAK,FORLAK,T11LIB,R11LIB,C03532,E19068,H10128,,,F15LIB,L04CME,P20WAK,S05NSH,,,,,,,,,,,,,,,
11064,,8.49237,CTYLAK,FORLAK,T11LIB,R11LIB,C03532,E19068,H10128,,,F15LIB,L04CME,P20WAK,,,,,,,,,,,,,,,,
11065,,10.676006,CTYLAK,FORLAK,T11LIB,R11LIB,C03532,E24076,H04120,,M33MUN,,L04CME,P15MUN,,,,,WTRCLC,,,,,,,B15MUN,B16CLC,B17MU2,,
11066,,6.692272,CTYLAK,FORLAK,T11LIB,R11LIB,C03532,E17065,H02115,,,F20ROC,L04CME,,S05NSH,,Q01LBL,,,,,,,,,,,,,
11067,"174,929",9.327175,CTYLAK,FORLAK,T11LIB,R11LIB,C03532,E19068,H10128,,M52WAK,,,,,,,PORWAK,,,,,,,,,,,,
11068,,9.151366,CTYLAK,FORLAK,T11LIB,R11LIB,C03532,E20070,H10128,,M45RLP,F15LIB,L04CME,,,,,,WTRCLC,,,,,,,B16CLC,,,,
11069,"62,226,346",10.643671,CTYLAK,FORLAK,T11LIB,R11LIB,C03532,E23075,H04120,,M33MUN,,L07FRE,P15MUN,,,,,WTRCLC,,,,,,,B15MUN,B16CLC,B17MU2,,
11070,"29,597,276",10.74559,CTYLAK,FORLAK,T11LIB,R11LIB,C03532,E24076,H04120,,M33MUN,,L07FRE,P15MUN,,,,,WTRCLC,,,,,,,B15MUN,B16CLC,B17MU2,,
11071,,8.777925,CTYLAK,FORLAK,T11LIB,R11LIB,C03532,E20070,H10128,,M33MUN,,L04CME,,,,,,WTRCLC,,,,,,,B16CLC,B17MU2,,,
11072,,8.54723,CTYLAK,FORLAK,T11LIB,R11LIB,C03532,E20070,H04120,,M33MUN,,L04CME,,,,,,WTRCLC,,,,,,,B16CLC,B17MU2,,,
11073,,9.447426,CTYLAK,FORLAK,T11LIB,R11LIB,C03532,E20070,H10128,,M52WAK,,,,,,,,,,,,,,,,,,,
11074,"77,832,444",10.310308,CTYLAK,FORLAK,T11LIB,R11LIB,C03532,E19068,H10128,,M52WAK,,,P20WAK,S05NSH,,,PORWAK,,,,,,,,,,,,
11075,,7.997664,CTYLAK,FORLAK,T11LIB,R11LIB,C03532,E20070,H10128,,M28LIB,,L04CME,,,,,,WTRCLC,X18TIF,,,,,,B16CLC,,,,
11076,,8.596076,CTYLAK,FORLAK,T11LIB,R11LIB,C03532,E19068,H10128,,M13GOA,F15LIB,L04CME,P20WAK,,,,,,,,,,,,,,,,
11077, -   ,9.714243,CTYLAK,FORLAK,T11LIB,R11LIB,C03532,E22073,H10128,,M33MUN,,L04CME,,,,,,WTRCLC,,,,,,,B16CLC,B17MU2,,,
11078,,7.932381,CTYLAK,FORLAK,T11LIB,R11LIB,C03532,E19068,H10128,,M13GOA,F15LIB,L04CME,,S05NSH,,,,,,,,,,,,,,,
11079, -   ,6.778722,CTYLAK,FORLAK,T11LIB,R11LIB,C03532,E21072,H10128,,M13GOA,F15LIB,L04CME,,S05NSH,,,,,,,,,,,,,,,
11080,"7,425",8.874922,CTYLAK,FORLAK,T11LIB,R11LIB,C03532,E22073,H10128,,M49VHI,F07COU,L04CME,,,,,,WTRCLC,,,,,,,B09COU,B16CLC,,,
11081,,8.725525,CTYLAK,FORLAK,T11LIB,R11LIB,C03532,E22073,H10128,,M49VHI,F15LIB,L04CME,,,,,,WTRCLC,,,,,,,B16CLC,,,,
11082,,8.644227,CTYLAK,FORLAK,T11LIB,R11LIB,C03532,E22073,H04120,,M49VHI,F07COU,L04CME,,,,,,WTRCLC,,,,,,,B09COU,B16CLC,,,
11083,"386,153",7.302893,CTYLAK,FORLAK,T11LIB,R11LIB,C03532,E21072,H10128,,M24LFO,,,,,,,,,,,,,,,,,,,
11084,"32,976,180",6.675016,CTYLAK,FORLAK,T11LIB,R11LIB,C03532,E21072,H10128,,,F15LIB,L04CME,,S05NSH,,,,WTRCLC,,,,,,,B16CLC,,,,
11085,"131,717",6.768672,CTYLAK,FORLAK,T11LIB,R11LIB,C03532,E21072,H10128,,M32MET,F15LIB,L04CME,,S05NSH,,,,WTRCLC,,,,,,,B16CLC,,,,
11086, -   ,6.675016,CTYLAK,FORLAK,T11LIB,R11LIB,C03532,E21072,H10128,,,F15LIB,L04CME,,S05NSH,,Q01LBL,,WTRCLC,,,,,,,B16CLC,,,,
11087,"21,980",6.391663,CTYLAK,FORLAK,T11LIB,R11LIB,C03532,E17065,H02115,,,F15LIB,L04CME,,,,Q01LBL,,WTRCLC,,,,,,,B16CLC,,,,
11088,,7.828675,CTYLAK,FORLAK,T11LIB,R11LIB,C03532,E19068,H10128,,,F15LIB,L04CME,,S05NSH,,,,WTRCLC,,,,,,,B16CLC,,,,
11089,"46,234,693",7.668956,CTYLAK,FORLAK,T11LIB,R11LIB,C03532,E19068,H10128,,,F15LIB,L04CME,,,,,,WTRCLC,,,,,,,B16CLC,,,,
11090,"25,322,206",6.515297,CTYLAK,FORLAK,T11LIB,R11LIB,C03532,E21072,H10128,,,F15LIB,L04CME,,,,,,WTRCLC,,,,,,,B16CLC,,,,
11091,"25,884,193",6.608953,CTYLAK,FORLAK,T11LIB,R11LIB,C03532,E21072,H10128,,M32MET,F15LIB,L04CME,,,,,,WTRCLC,,,,,,,B16CLC,,,,
11092,,7.969565,CTYLAK,FORLAK,T11LIB,R11LIB,C03532,E19068,H10128,,,F20ROC,L04CME,,S05NSH,,Q01LBL,,WTRCLC,,,,,,,B16CLC,,,,
11093,"9,130,027",7.772662,CTYLAK,FORLAK,T11LIB,R11LIB,C03532,E19068,H10128,,M13GOA,F15LIB,L04CME,,,,,,WTRCLC,,,,,,,B16CLC,,,,
11094,,6.515297,CTYLAK,FORLAK,T11LIB,R11LIB,C03532,E21072,H10128,,,F15LIB,L04CME,,,,Q01LBL,,WTRCLC,,,,,,,B16CLC,,,,
11095,"751,164",7.828675,CTYLAK,FORLAK,T11LIB,R11LIB,C03532,E19068,H10128,,,F15LIB,L04CME,,S05NSH,,Q01LBL,,WTRCLC,,,,,,,B16CLC,,,,
11096,"14,124,426",6.619003,CTYLAK,FORLAK,T11LIB,R11LIB,C03532,E21072,H10128,,M13GOA,F15LIB,L04CME,,,,,,WTRCLC,,,,,,,B16CLC,,,,
11097,"578,072",6.551382,CTYLAK,FORLAK,T11LIB,R11LIB,C03532,E17065,H02115,,,F15LIB,L04CME,,S05NSH,,Q01LBL,,WTRCLC,,,,,,,B16CLC,,,,
11098, -   ,7.932381,CTYLAK,FORLAK,T11LIB,R11LIB,C03532,E19068,H10128,,M13GOA,F15LIB,L04CME,,S05NSH,,,,WTRCLC,,,,,,,B16CLC,,,,
11099,"37,021,226",6.778722,CTYLAK,FORLAK,T11LIB,R11LIB,C03532,E21072,H10128,,M13GOA,F15LIB,L04CME,,S05NSH,,,,WTRCLC,,,,,,,B16CLC,,,,
11100,"6,991,086",6.692272,CTYLAK,FORLAK,T11LIB,R11LIB,C03532,E17065,H02115,,,F20ROC,L04CME,,S05NSH,,Q01LBL,,WTRCLC,,,,,,,B16CLC,,,,
11101,"15,609,612",7.789207,CTYLAK,FORLAK,T11LIB,R11LIB,C03532,E20070,H10128,,,F15LIB,L04CME,,,,,,WTRCLC,,,,,,,B16CLC,,,,
11102,"907,278",9.103945,CTYLAK,FORLAK,T11LIB,R11LIB,C03532,E22073,H04120,,M49VHI,F07COU,L04CME,P18VHI,,,,,WTRCLC,,,,,,,B09COU,B16CLC,,,
11103,"13,100,004",12.559978,CTYLAK,FORLAK,T11LIB,R11LIB,C03532,E19068,H10128,,M35NCH,,,P06FOS,S05NSH,,,,,,,,,,,B04NCH,,,,
11104,"26,885,539",12.559978,CTYLAK,FORLAK,T11LIB,R11LIB,C03532,E19068,H10128,,M35NCH,,,P06FOS,S05NSH,,Q01LBL,,,,,,,,,B04NCH,,,,
11105,,6.619003,CTYLAK,FORLAK,T11LIB,R11LIB,C03532,E21072,H10128,,M13GOA,F15LIB,L04CME,,,,,,,,,171SSA,,,,,,,,
11106,,6.619003,CTYLAK,FORLAK,T11LIB,R11LIB,C03532,E21072,H10128,,M13GOA,F15LIB,L04CME,,,,,,WTRCLC,,,171SSA,,,,B16CLC,,,,
11107,,7.892913,CTYLAK,FORLAK,T11LIB,R11LIB,C03532,E20070,H10128,,M13GOA,F15LIB,L04CME,,,,,,,,,171SSA,,,,,,,,
11108,,11.86798,CTYLAK,FORLAK,T11LIB,R11LIB,C03532,E19068,H10128,,M35NCH,,,,S05NSH,,Q01LBL,,WTRCLC,,,,,,,B04NCH,B16CLC,,,
11109,,8.612621,CTYLAK,FORLAK,T11LIB,R11LIB,C03532,E20070,H10128,,,F15LIB,L04CME,P20WAK,,,,,,,,,,,,,,,,
11110,,6.778722,CTYLAK,FORLAK,T11LIB,R11LIB,C03532,E21072,H10128,,M13GOA,F15LIB,L04CME,,S05NSH,,Q01LBL,,WTRCLC,,,,,,,B16CLC,,,,
11111,,6.778722,CTYLAK,FORLAK,T11LIB,R11LIB,C03532,E21072,H10128,,M13GOA,F15LIB,L04CME,,S05NSH,,Q01LBL,,,,,,,,,,,,,
11112,,7.932381,CTYLAK,FORLAK,T11LIB,R11LIB,C03532,E19068,H10128,,M13GOA,F15LIB,L04CME,,S05NSH,,Q01LBL,,WTRCLC,,,,,,,B16CLC,,,,
11113,,6.723754,CTYLAK,FORLAK,T11LIB,R11LIB,C03532,E21072,H10128,,M28LIB,,L04CME,,,,,,WTRCLC,,,,,,,B16CLC,,,,
11114,,9.33464,CTYLAK,FORLAK,T11LIB,R11LIB,C03532,E22073,H10128,,M49VHI,F07COU,L04CME,P18VHI,,,,,WTRCLC,,,385SSA,,,,B09COU,B16CLC,,,
11115,,9.33464,CTYLAK,FORLAK,T11LIB,R11LIB,C03532,E22073,H10128,,M49VHI,F07COU,L04CME,P18VHI,,,,,WTRCLC,,,386SSA,,,,B09COU,B16CLC,,,
11116,,9.33464,CTYLAK,FORLAK,T11LIB,R11LIB,C03532,E22073,H10128,,M49VHI,F07COU,L04CME,P18VHI,,,,,WTRCLC,,,387SSA,,,,B09COU,B16CLC,,,
11117,,9.33464,CTYLAK,FORLAK,T11LIB,R11LIB,C03532,E22073,H10128,,M49VHI,F07COU,L04CME,P18VHI,,,,,WTRCLC,,,388SSA,,,,B09COU,B16CLC,,,
11118,,10.150589,CTYLAK,FORLAK,T11LIB,R11LIB,C03532,E19068,H10128,,M52WAK,,,P20WAK,,,,,,,,407SSA,,,,,,,,
11119,,7.772662,CTYLAK,FORLAK,T11LIB,R11LIB,C03532,E19068,H10128,,M13GOA,F15LIB,L04CME,,,,,,,,,172SSA,,,,,,,,
11120,,10.150589,CTYLAK,FORLAK,T11LIB,R11LIB,C03532,E19068,H10128,,M52WAK,,,P20WAK,,,,,,,,406SSA,,,,,,,,
11121,,7.772662,CTYLAK,FORLAK,T11LIB,R11LIB,C03532,E19068,H10128,,M13GOA,F15LIB,L04CME,,,,,,,,,173SSA,,,,,,,,
11122,,7.772662,CTYLAK,FORLAK,T11LIB,R11LIB,C03532,E19068,H10128,,M13GOA,F15LIB,L04CME,,,,,,,,,172SSA,173SSA,,,,,,,
11123,,7.772662,CTYLAK,FORLAK,T11LIB,R11LIB,C03532,E19068,H10128,,M13GOA,F15LIB,L04CME,,,,,,,,,170SSA,173SSA,,,,,,,
11124, -   ,8.326684,CTYLAK,FORLAK,T11LIB,R11LIB,C03532,E20070,H10128,,M12GRA,F15LIB,L04CME,,,,,,WTRCLC,,,,,,,B16CLC,,,,
11125, -   ,12.559978,CTYLAK,FORLAK,T11LIB,R11LIB,C03532,E19068,H10128,,M35NCH,,,P06FOS,S05NSH,,Q01LBL,,WTRCLC,,,,,,,B04NCH,B16CLC,,,
11126,"12,508,907",8.166664,CTYLAK,FORLAK,T11LIB,R11LIB,C03532,E20070,H10128,,M28LIB,,L04CME,,,,,,WTRCLC,,,223SSA,,,,B16CLC,,,,
11127,,9.116766,CTYLAK,FORLAK,T11LIB,R11LIB,C03532,E22073,H04120,,M49VHI,F07COU,L04CME,P15MUN,,,,,WTRCLC,,,,,,,B09COU,B15MUN,B16CLC,,
11128,,6.619003,CTYLAK,FORLAK,T11LIB,R11LIB,C03532,E21072,H10128,,M13GOA,F15LIB,L04CME,,,,Q01LBL,,WTRCLC,,,,,,,B16CLC,,,,
11129,"86,513,524",7.462612,CTYLAK,FORLAK,T11LIB,R11LIB,C03532,E21072,H10128,,M24LFO,,,,S05NSH,,,,,,,,,,,,,,,
11130,,7.772662,CTYLAK,FORLAK,T11LIB,R11LIB,C03532,E19068,H10128,,M13GOA,F15LIB,L04CME,,,,,,,,,174SSA,,,,,,,,
11131,"1,941,699",10.025671,CTYLAK,FORLAK,T11LIB,R11LIB,C03532,E22073,H04120,,M33MUN,,L07FRE,P15MUN,,,,,WTRCLC,,,,,,,B15MUN,B16CLC,B17MU2,,
11132,,7.772662,CTYLAK,FORLAK,T11LIB,R11LIB,C03532,E19068,H10128,,M13GOA,F15LIB,L04CME,,,,,,,,,175SSA,,,,,,,,
11133,,6.619003,CTYLAK,FORLAK,T11LIB,R11LIB,C03532,E21072,H10128,,M13GOA,F15LIB,L04CME,,,,,,,,,176SSA,,,,,,,,
11134,"18,481,759",7.997664,CTYLAK,FORLAK,T11LIB,R11LIB,C03532,E20070,H10128,,M28LIB,,L04CME,,,,,,WTRCLC,,,224SSA,,,,B16CLC,,,,
11135, -   ,7.30776,CTYLAK,FORLAK,T11LIB,R11LIB,C03532,E18067,H10128,,M24LFO,,,,S05NSH,,,,,,,,,,,,,,,
11136,,7.148041,CTYLAK,FORLAK,T11LIB,R11LIB,C03532,E18067,H10128,,M24LFO,,,,,,,,,,,,,,,,,,,
11137,"41,372,009",6.093196,CTYLAK,FORLAK,T11LIB,R11LIB,C03532,E18067,H02115,,M24LFO,,,,S05NSH,,,,,,,,,,,,,,,
11138,,6.619003,CTYLAK,FORLAK,T11LIB,R11LIB,C03532,E21072,H10128,,M13GOA,F15LIB,L04CME,,,,,,WTRCLC,,,176SSA,,,,B16CLC,,,,
11139, -   ,9.103945,CTYLAK,FORLAK,T11LIB,R11LIB,C03532,E22073,H04120,,,F07COU,L04CME,P18VHI,,,,,,,,,,,,B09COU,,,,
11140,,9.116766,CTYLAK,FORLAK,T11LIB,R11LIB,C03532,E22073,H04120,,,F07COU,L04CME,P15MUN,,,,,,,,,,,,B09COU,B15MUN,,,
11141, -   ,9.943266,CTYLAK,FORLAK,T11LIB,R11LIB,C03532,E22073,H04120,,M33MUN,,L04CME,P18VHI,,,,,WTRCLC,,,,,,,B16CLC,B17MU2,,,
11142,,6.608953,CTYLAK,FORLAK,T11LIB,R11LIB,C03532,E21072,H10128,,M32MET,F15LIB,L04CME,,,,,,,,,330SSA,,,,,,,,
11143,,6.7991,CTYLAK,FORLAK,T11LIB,R11LIB,C03532,E21072,H10128,,M32MET,F15LIB,L04CME,,,,,,,,,331SSA,,,,,,,,
11144,,6.7991,CTYLAK,FORLAK,T11LIB,R11LIB,C03532,E21072,H10128,,M32MET,F15LIB,L04CME,,,,,,,,,330SSA,331SSA,,,,,,,
11145,,6.91588,CTYLAK,FORLAK,T11LIB,R11LIB,C03532,E21072,H10128,,M32MET,F15LIB,L04CME,,S05NSH,,,,,,,332SSA,,,,,,,,
11146, -   ,6.756161,CTYLAK,FORLAK,T11LIB,R11LIB,C03532,E21072,H10128,,M32MET,F15LIB,L04CME,,,,,,,,,332SSA,,,,,,,,
11147,,7.772662,CTYLAK,FORLAK,T11LIB,R11LIB,C03532,E19068,H10128,,M13GOA,F15LIB,L04CME,,,,,,,,,177SSA,,,,,,,,
11148,,7.997664,CTYLAK,FORLAK,T11LIB,R11LIB,C03532,E20070,H10128,,M28LIB,,L04CME,,,,,,WTRCLC,,,225SSA,,,,B16CLC,,,,
11149,,10.310308,CTYLAK,FORLAK,T11LIB,R11LIB,C03532,E19068,H10128,,M52WAK,,,P20WAK,S05NSH,,,,,,,406SSA,,,,,,,,
11150,,6.91588,CTYLAK,FORLAK,T11LIB,R11LIB,C03532,E21072,H10128,,M32MET,F15LIB,L04CME,,S05NSH,,,,WTRCLC,,,332SSA,,,,B16CLC,,,,
11151,,6.608953,CTYLAK,FORLAK,T11LIB,R11LIB,C03532,E21072,H10128,,M32MET,F15LIB,L04CME,,,,,,WTRCLC,,,330SSA,,,,B16CLC,,,,
11152,,6.7991,CTYLAK,FORLAK,T11LIB,R11LIB,C03532,E21072,H10128,,M32MET,F15LIB,L04CME,,,,,,WTRCLC,,,330SSA,331SSA,,,B16CLC,,,,
11153,"36,708,443",6.7991,CTYLAK,FORLAK,T11LIB,R11LIB,C03532,E21072,H10128,,M32MET,F15LIB,L04CME,,,,,,WTRCLC,,,331SSA,,,,B16CLC,,,,
11154,"6,744,371",6.930708,CTYLAK,FORLAK,T11LIB,R11LIB,C03532,E21072,H10128,,M32MET,F15LIB,L04CME,,S05NSH,,,,WTRCLC,,,332SSA,333SSA,,,B16CLC,,,,
11155,,7.772662,CTYLAK,FORLAK,T11LIB,R11LIB,C03532,E19068,H10128,,M13GOA,F15LIB,L04CME,,,,,,,,,178SSA,,,,,,,,
11156,,7.892913,CTYLAK,FORLAK,T11LIB,R11LIB,C03532,E20070,H10128,,M13GOA,F15LIB,L04CME,,,,,,,,,178SSA,,,,,,,,
11157,,6.619003,CTYLAK,FORLAK,T11LIB,R11LIB,C03532,E21072,H10128,,M13GOA,F15LIB,L04CME,,,,,,,,,178SSA,,,,,,,,
11158,,9.299165,CTYLAK,FORLAK,T11LIB,R11LIB,C03532,E22073,H10128,,M32MET,F15LIB,L04CME,,,,,,WTRCLC,,,281SSA,304SSA,,,B16CLC,,,,
11159,,9.299165,CTYLAK,FORLAK,T11LIB,R11LIB,C03532,E22073,H10128,,M32MET,F15LIB,L04CME,,,,,,WTRCLC,,,281SSA,305SSA,,,B16CLC,,,,
11160,,9.299165,CTYLAK,FORLAK,T11LIB,R11LIB,C03532,E22073,H10128,,M32MET,F15LIB,L04CME,,,,,,WTRCLC,,,281SSA,306SSA,,,B16CLC,,,,
11161,,9.299165,CTYLAK,FORLAK,T11LIB,R11LIB,C03532,E22073,H10128,,M32MET,F15LIB,L04CME,,,,,,WTRCLC,,,281SSA,307SSA,,,B16CLC,,,,
11162,,9.299165,CTYLAK,FORLAK,T11LIB,R11LIB,C03532,E22073,H10128,,M32MET,F15LIB,L04CME,,,,,,WTRCLC,,,281SSA,308SSA,,,B16CLC,,,,
11163,,9.299165,CTYLAK,FORLAK,T11LIB,R11LIB,C03532,E22073,H10128,,M32MET,F15LIB,L04CME,,,,,,WTRCLC,,,281SSA,309SSA,,,B16CLC,,,,
11164,,9.299165,CTYLAK,FORLAK,T11LIB,R11LIB,C03532,E22073,H10128,,M32MET,F15LIB,L04CME,,,,,,WTRCLC,,,281SSA,310SSA,,,B16CLC,,,,
11165,,9.299165,CTYLAK,FORLAK,T11LIB,R11LIB,C03532,E22073,H10128,,M32MET,F15LIB,L04CME,,,,,,WTRCLC,,,281SSA,311SSA,,,B16CLC,,,,
11166,,9.299165,CTYLAK,FORLAK,T11LIB,R11LIB,C03532,E22073,H10128,,M32MET,F15LIB,L04CME,,,,,,WTRCLC,,,281SSA,312SSA,,,B16CLC,,,,
11167,,9.299165,CTYLAK,FORLAK,T11LIB,R11LIB,C03532,E22073,H10128,,M32MET,F15LIB,L04CME,,,,,,WTRCLC,,,281SSA,313SSA,,,B16CLC,,,,
11168,,9.299165,CTYLAK,FORLAK,T11LIB,R11LIB,C03532,E22073,H10128,,M32MET,F15LIB,L04CME,,,,,,WTRCLC,,,281SSA,314SSA,,,B16CLC,,,,
11169,,9.299165,CTYLAK,FORLAK,T11LIB,R11LIB,C03532,E22073,H10128,,M32MET,F15LIB,L04CME,,,,,,WTRCLC,,,281SSA,315SSA,,,B16CLC,,,,
11170,,9.299165,CTYLAK,FORLAK,T11LIB,R11LIB,C03532,E22073,H10128,,M32MET,F15LIB,L04CME,,,,,,WTRCLC,,,281SSA,316SSA,,,B16CLC,,,,
11171,,9.299165,CTYLAK,FORLAK,T11LIB,R11LIB,C03532,E22073,H10128,,M32MET,F15LIB,L04CME,,,,,,WTRCLC,,,281SSA,317SSA,,,B16CLC,,,,
11172,,9.299165,CTYLAK,FORLAK,T11LIB,R11LIB,C03532,E22073,H10128,,M32MET,F15LIB,L04CME,,,,,,WTRCLC,,,281SSA,318SSA,,,B16CLC,,,,
11173,,9.299165,CTYLAK,FORLAK,T11LIB,R11LIB,C03532,E22073,H10128,,M32MET,F15LIB,L04CME,,,,,,WTRCLC,,,281SSA,319SSA,,,B16CLC,,,,
11174,,9.299165,CTYLAK,FORLAK,T11LIB,R11LIB,C03532,E22073,H10128,,M32MET,F15LIB,L04CME,,,,,,WTRCLC,,,281SSA,320SSA,,,B16CLC,,,,
11175,,9.299165,CTYLAK,FORLAK,T11LIB,R11LIB,C03532,E22073,H10128,,M32MET,F15LIB,L04CME,,,,,,WTRCLC,,,281SSA,321SSA,,,B16CLC,,,,
11176,,9.299165,CTYLAK,FORLAK,T11LIB,R11LIB,C03532,E22073,H10128,,M32MET,F15LIB,L04CME,,,,,,WTRCLC,,,281SSA,322SSA,,,B16CLC,,,,
11177,,9.299165,CTYLAK,FORLAK,T11LIB,R11LIB,C03532,E22073,H10128,,M32MET,F15LIB,L04CME,,,,,,WTRCLC,,,281SSA,323SSA,,,B16CLC,,,,
11178,,9.299165,CTYLAK,FORLAK,T11LIB,R11LIB,C03532,E22073,H10128,,M32MET,F15LIB,L04CME,,,,,,WTRCLC,,,281SSA,324SSA,,,B16CLC,,,,
11179,,9.299165,CTYLAK,FORLAK,T11LIB,R11LIB,C03532,E22073,H10128,,M32MET,F15LIB,L04CME,,,,,,WTRCLC,,,281SSA,325SSA,,,B16CLC,,,,
11180,,9.299165,CTYLAK,FORLAK,T11LIB,R11LIB,C03532,E22073,H10128,,M32MET,F15LIB,L04CME,,,,,,WTRCLC,,,281SSA,326SSA,,,B16CLC,,,,
11181,,9.299165,CTYLAK,FORLAK,T11LIB,R11LIB,C03532,E22073,H10128,,M32MET,F15LIB,L04CME,,,,,,WTRCLC,,,281SSA,327SSA,,,B16CLC,,,,
11182,,9.299165,CTYLAK,FORLAK,T11LIB,R11LIB,C03532,E22073,H10128,,M32MET,F15LIB,L04CME,,,,,,WTRCLC,,,281SSA,328SSA,,,B16CLC,,,,
11183,,9.299165,CTYLAK,FORLAK,T11LIB,R11LIB,C03532,E22073,H10128,,M32MET,F15LIB,L04CME,,,,,,WTRCLC,,,281SSA,329SSA,,,B16CLC,,,,
11184,,9.299165,CTYLAK,FORLAK,T11LIB,R11LIB,C03532,E22073,H10128,,M32MET,F15LIB,L04CME,,,,,,WTRCLC,,,266SSA,281SSA,,,B16CLC,,,,
11185,,9.299165,CTYLAK,FORLAK,T11LIB,R11LIB,C03532,E22073,H10128,,M32MET,F15LIB,L04CME,,,,,,WTRCLC,,,267SSA,281SSA,,,B16CLC,,,,
11186,,9.299165,CTYLAK,FORLAK,T11LIB,R11LIB,C03532,E22073,H10128,,M32MET,F15LIB,L04CME,,,,,,WTRCLC,,,268SSA,281SSA,,,B16CLC,,,,
11187,,9.299165,CTYLAK,FORLAK,T11LIB,R11LIB,C03532,E22073,H10128,,M32MET,F15LIB,L04CME,,,,,,WTRCLC,,,269SSA,281SSA,,,B16CLC,,,,
11188,,9.299165,CTYLAK,FORLAK,T11LIB,R11LIB,C03532,E22073,H10128,,M32MET,F15LIB,L04CME,,,,,,WTRCLC,,,270SSA,281SSA,,,B16CLC,,,,
11189,,9.299165,CTYLAK,FORLAK,T11LIB,R11LIB,C03532,E22073,H10128,,M32MET,F15LIB,L04CME,,,,,,WTRCLC,,,271SSA,281SSA,,,B16CLC,,,,
11190,,9.299165,CTYLAK,FORLAK,T11LIB,R11LIB,C03532,E22073,H10128,,M32MET,F15LIB,L04CME,,,,,,WTRCLC,,,272SSA,281SSA,,,B16CLC,,,,
11191,,9.299165,CTYLAK,FORLAK,T11LIB,R11LIB,C03532,E22073,H10128,,M32MET,F15LIB,L04CME,,,,,,WTRCLC,,,273SSA,281SSA,,,B16CLC,,,,
11192,,9.299165,CTYLAK,FORLAK,T11LIB,R11LIB,C03532,E22073,H10128,,M32MET,F15LIB,L04CME,,,,,,WTRCLC,,,274SSA,281SSA,,,B16CLC,,,,
11193,,9.299165,CTYLAK,FORLAK,T11LIB,R11LIB,C03532,E22073,H10128,,M32MET,F15LIB,L04CME,,,,,,WTRCLC,,,275SSA,281SSA,,,B16CLC,,,,
11194,,9.299165,CTYLAK,FORLAK,T11LIB,R11LIB,C03532,E22073,H10128,,M32MET,F15LIB,L04CME,,,,,,WTRCLC,,,276SSA,281SSA,,,B16CLC,,,,
11195,,9.299165,CTYLAK,FORLAK,T11LIB,R11LIB,C03532,E22073,H10128,,M32MET,F15LIB,L04CME,,,,,,WTRCLC,,,277SSA,281SSA,,,B16CLC,,,,
11196,,9.299165,CTYLAK,FORLAK,T11LIB,R11LIB,C03532,E22073,H10128,,M32MET,F15LIB,L04CME,,,,,,WTRCLC,,,278SSA,281SSA,,,B16CLC,,,,
11197,,9.299165,CTYLAK,FORLAK,T11LIB,R11LIB,C03532,E22073,H10128,,M32MET,F15LIB,L04CME,,,,,,WTRCLC,,,279SSA,281SSA,,,B16CLC,,,,
11198,"6,041,874",9.299165,CTYLAK,FORLAK,T11LIB,R11LIB,C03532,E22073,H10128,,M32MET,F15LIB,L04CME,,,,,,WTRCLC,,,281SSA,,,,B16CLC,,,,
11199,,8.819181,CTYLAK,FORLAK,T11LIB,R11LIB,C03532,E22073,H10128,,M32MET,F15LIB,L04CME,,,,,,,,,303SSA,,,,,,,,
11200,,8.819181,CTYLAK,FORLAK,T11LIB,R11LIB,C03532,E22073,H10128,,M32MET,F15LIB,L04CME,,,,,,,,,302SSA,,,,,,,,
11201,,8.819181,CTYLAK,FORLAK,T11LIB,R11LIB,C03532,E22073,H10128,,M32MET,F15LIB,L04CME,,,,,,,,,301SSA,,,,,,,,
11202,,8.819181,CTYLAK,FORLAK,T11LIB,R11LIB,C03532,E22073,H10128,,M32MET,F15LIB,L04CME,,,,,,,,,300SSA,,,,,,,,
11203,,8.819181,CTYLAK,FORLAK,T11LIB,R11LIB,C03532,E22073,H10128,,M32MET,F15LIB,L04CME,,,,,,,,,299SSA,,,,,,,,
11204,,8.819181,CTYLAK,FORLAK,T11LIB,R11LIB,C03532,E22073,H10128,,M32MET,F15LIB,L04CME,,,,,,,,,298SSA,,,,,,,,
11205,,8.819181,CTYLAK,FORLAK,T11LIB,R11LIB,C03532,E22073,H10128,,M32MET,F15LIB,L04CME,,,,,,,,,297SSA,,,,,,,,
11206,"1,507,835",10.643671,CTYLAK,FORLAK,T11LIB,R11LIB,C03532,E23075,H04120,,M33MUN,,L07FRE,P15MUN,,,,,WTRCLC,X29TIF,,,,,,B15MUN,B16CLC,B17MU2,,
11207,,10.74559,CTYLAK,FORLAK,T11LIB,R11LIB,C03532,E24076,H04120,,M33MUN,,L07FRE,P15MUN,,,,,WTRCLC,X29TIF,,,,,,B15MUN,B16CLC,B17MU2,,
11208,,8.933626,CTYLAK,FORLAK,T11LIB,R11LIB,C03532,E22073,H10128,,M32MET,F15LIB,L04CME,,,,,,,,,280SSA,303SSA,,,,,,,
11209,,8.933626,CTYLAK,FORLAK,T11LIB,R11LIB,C03532,E22073,H10128,,M32MET,F15LIB,L04CME,,,,,,,,,280SSA,302SSA,,,,,,,
11210,,8.933626,CTYLAK,FORLAK,T11LIB,R11LIB,C03532,E22073,H10128,,M32MET,F15LIB,L04CME,,,,,,,,,280SSA,301SSA,,,,,,,
11211,,8.933626,CTYLAK,FORLAK,T11LIB,R11LIB,C03532,E22073,H10128,,M32MET,F15LIB,L04CME,,,,,,,,,280SSA,300SSA,,,,,,,
11212,,8.933626,CTYLAK,FORLAK,T11LIB,R11LIB,C03532,E22073,H10128,,M32MET,F15LIB,L04CME,,,,,,,,,280SSA,299SSA,,,,,,,
11213,,8.933626,CTYLAK,FORLAK,T11LIB,R11LIB,C03532,E22073,H10128,,M32MET,F15LIB,L04CME,,,,,,,,,280SSA,298SSA,,,,,,,
11214,,8.933626,CTYLAK,FORLAK,T11LIB,R11LIB,C03532,E22073,H10128,,M32MET,F15LIB,L04CME,,,,,,,,,280SSA,297SSA,,,,,,,
11215, -   ,8.819181,CTYLAK,FORLAK,T11LIB,R11LIB,C03532,E22073,H10128,,M32MET,F15LIB,L04CME,,,,,,WTRCLC,,,,,,,B16CLC,,,,
11216,"1,506,954",7.772662,CTYLAK,FORLAK,T11LIB,R11LIB,C03532,E19068,H10128,,M13GOA,F15LIB,L04CME,,,,,,WTRCLC,,,178SSA,,,,B16CLC,,,,
11217,"4,073,841",7.892913,CTYLAK,FORLAK,T11LIB,R11LIB,C03532,E20070,H10128,,M13GOA,F15LIB,L04CME,,,,,,WTRCLC,,,178SSA,,,,B16CLC,,,,
11218,"1,277,161",6.619003,CTYLAK,FORLAK,T11LIB,R11LIB,C03532,E21072,H10128,,M13GOA,F15LIB,L04CME,,,,,,WTRCLC,,,178SSA,,,,B16CLC,,,,
11219,,11.308751,CTYLAK,FORLAK,T11LIB,R11LIB,C03532,E24076,H04120,,M33MUN,F07COU,L04CME,P15MUN,,,,,WTRCLC,,,,,,,B09COU,B15MUN,B16CLC,B17MU2,
11220,,6.662505,CTYLAK,FORLAK,T11LIB,R11LIB,C03532,E21072,H10128,,,F15LIB,L04CME,,,,,,,,,332SSA,,,,,,,,
11221,,8.221462,CTYLAK,FORLAK,T11LIB,R11LIB,C03532,E21072,H10128,,M24LFO,F15LIB,L04CME,,,,,,,,,332SSA,,,,,,,,
11222,,7.462612,CTYLAK,FORLAK,T11LIB,R11LIB,C03532,E21072,H10128,,M24LFO,,,,S05NSH,,,,,,,236SSA,,,,,,,,
11223,"728,090",7.450101,CTYLAK,FORLAK,T11LIB,R11LIB,C03532,E21072,H10128,,M24LFO,,,,,,,,,,,332SSA,,,,,,,,
11224,"25,124",8.933626,CTYLAK,FORLAK,T11LIB,R11LIB,C03532,E22073,H10128,,M32MET,F15LIB,L04CME,,,,,,,,,280SSA,,,,,,,,
11225, -   ,7.60982,CTYLAK,FORLAK,T11LIB,R11LIB,C03532,E21072,H10128,,M24LFO,,,,S05NSH,,,,,,,332SSA,,,,,,,,
11226,"12,900,170",7.772662,CTYLAK,FORLAK,T11LIB,R11LIB,C03532,E19068,H10128,,M13GOA,F15LIB,L04CME,,,,,,,,,179SSA,,,,,,,,
11227,"860,128",7.789207,CTYLAK,FORLAK,T11LIB,R11LIB,C03532,E20070,H10128,,,F15LIB,L04CME,,,,,,,,,153SSA,,,,,,,,
11228,,7.30776,CTYLAK,FORLAK,T11LIB,R11LIB,C03532,E18067,H10128,,M24LFO,,,,S05NSH,,,,,,,236SSA,,,,,,,,
11229,"2,546,124",6.695359,CTYLAK,FORLAK,T11LIB,R11LIB,C03532,E21072,H10128,,M32MET,F15LIB,L04CME,,,,,,WTRCLC,,,284SSA,285SSA,,,B16CLC,,,,
11230,,6.093196,CTYLAK,FORLAK,T11LIB,R11LIB,C03532,E18067,H02115,,M24LFO,,,,S05NSH,,,,,,,236SSA,,,,,,,,
11231,,8.073271,CTYLAK,FORLAK,T11LIB,R11LIB,C03532,E19068,H10128,,M13GOA,F20ROC,L04CME,,S05NSH,,Q01LBL,,WTRCLC,,,,,,,B16CLC,,,,
11232,,6.795978,CTYLAK,FORLAK,T11LIB,R11LIB,C03532,E17065,H02115,,M13GOA,F20ROC,L04CME,,S05NSH,,Q01LBL,,WTRCLC,,,,,,,B16CLC,,,,
11233,,6.619003,CTYLAK,FORLAK,T11LIB,R11LIB,C03532,E21072,H10128,,M13GOA,F15LIB,L04CME,,,,,,,X13TIF,,,,,,,,,,
11234,"1,297,845",6.619003,CTYLAK,FORLAK,T11LIB,R11LIB,C03532,E21072,H10128,,M13GOA,F15LIB,L04CME,,,,,,WTRCLC,X13TIF,,,,,,B16CLC,,,,
11235,"284,468",7.932381,CTYLAK,FORLAK,T11LIB,R11LIB,C03532,E19068,H10128,,M13GOA,F15LIB,L04CME,,S05NSH,,,,WTRCLC,X13TIF,,,,,,B16CLC,,,,
11236,"21,387,237",6.778722,CTYLAK,FORLAK,T11LIB,R11LIB,C03532,E21072,H10128,,M13GOA,F15LIB,L04CME,,S05NSH,,,,WTRCLC,X13TIF,,,,,,B16CLC,,,,
11237,"9,222,600",6.778722,CTYLAK,FORLAK,T11LIB,R11LIB,C03532,E21072,H10128,,M13GOA,F15LIB,L04CME,,S05NSH,,Q01LBL,,WTRCLC,X13TIF,,,,,,B16CLC,,,,
11238,"1,629",6.778722,CTYLAK,FORLAK,T11LIB,R11LIB,C03532,E21072,H10128,,M13GOA,F15LIB,L04CME,,S05NSH,,Q01LBL,,,X13TIF,,,,,,,,,,
11239,"1,720,529",7.932381,CTYLAK,FORLAK,T11LIB,R11LIB,C03532,E19068,H10128,,M13GOA,F15LIB,L04CME,,S05NSH,,Q01LBL,,WTRCLC,X13TIF,,,,,,B16CLC,,,,
11240,"67,711",6.619003,CTYLAK,FORLAK,T11LIB,R11LIB,C03532,E21072,H10128,,M13GOA,F15LIB,L04CME,,,,Q01LBL,,WTRCLC,X13TIF,,,,,,B16CLC,,,,
11241,,8.073271,CTYLAK,FORLAK,T11LIB,R11LIB,C03532,E19068,H10128,,M13GOA,F20ROC,L04CME,,S05NSH,,Q01LBL,,WTRCLC,X13TIF,,,,,,B16CLC,,,,
11242,,8.23266,CTYLAK,FORLAK,T11LIB,R11LIB,C03532,E19068,H10128,,,F15LIB,,P06FOS,S05NSH,,Q01LBL,,,,,,,,,,,,,
11243,,7.886701,CTYLAK,FORLAK,T11LIB,R11LIB,C03532,E19068,H10128,,M23LBL,,,,S05NSH,,Q01LBL,,WTRCLC,,,,,,,B05LBL,B16CLC,,,
11244,,8.578699,CTYLAK,FORLAK,T11LIB,R11LIB,C03532,E19068,H10128,,M23LBL,,,P06FOS,S05NSH,,Q01LBL,,WTRCLC,,,,,,,B05LBL,B16CLC,,,
11245,,8.510939,CTYLAK,FORLAK,T11LIB,R11LIB,C03532,E19068,H10128,,M23LBL,F20ROC,,,S05NSH,,Q01LBL,,WTRCLC,,,,,,,B05LBL,B16CLC,,,
11246, -   ,9.202937,CTYLAK,FORLAK,T11LIB,R11LIB,C03532,E19068,H10128,,M23LBL,F20ROC,,P06FOS,S05NSH,,Q01LBL,,WTRCLC,,,,,,,B05LBL,B16CLC,,,
11247,"2,723,117",8.819181,CTYLAK,FORLAK,T11LIB,R11LIB,C03532,E22073,H10128,,M32MET,F15LIB,L04CME,,,,,,,,,286SSA,,,,,,,,
11248,"1,000,466",6.608953,CTYLAK,FORLAK,T11LIB,R11LIB,C03532,E21072,H10128,,M32MET,F15LIB,L04CME,,,,,,,,,286SSA,,,,,,,,
11249,,10.643671,CTYLAK,FORLAK,T11LIB,R11LIB,C03532,E23075,H04120,,M33MUN,,L07FRE,P15MUN,,,,,WTRCLC,X29TIF,,,,,,B15MUN,B16CLC,B17MU2,,
11250,"1,109,363",10.74559,CTYLAK,FORLAK,T11LIB,R11LIB,C03532,E24076,H04120,,M33MUN,,L07FRE,P15MUN,,,,,WTRCLC,X29TIF,,,,,,B15MUN,B16CLC,B17MU2,,
11251,"5,289,048",10.643671,CTYLAK,FORLAK,T11LIB,R11LIB,C03532,E23075,H04120,,M33MUN,,L07FRE,P15MUN,,,,,WTRCLC,X30TIF,,,,,,B15MUN,B16CLC,B17MU2,,
11252, -   ,10.74559,CTYLAK,FORLAK,T11LIB,R11LIB,C03532,E24076,H04120,,M33MUN,,L07FRE,P15MUN,,,,,WTRCLC,X30TIF,,,,,,B15MUN,B16CLC,B17MU2,,
11253,794,9.185243,CTYLAK,FORLAK,T11LIB,R11LIB,C03532,E22073,H10128,,M49VHI,F15LIB,L04CME,P18VHI,,,,,WTRCLC,X59TIF,,,,,,B16CLC,,,,
11254,"289,172",9.33464,CTYLAK,FORLAK,T11LIB,R11LIB,C03532,E22073,H10128,,M49VHI,F07COU,L04CME,P18VHI,,,,,WTRCLC,X59TIF,,,,,,B09COU,B16CLC,,,
11255,,7.449033,CTYLAK,FORLAK,T11LIB,R11LIB,C03532,E19068,H10128,,M13GOA,,L04CME,,S05NSH,,Q01LBL,,WTRCLC,X13TIF,,,,,,B16CLC,,,,
11256,,7.668956,CTYLAK,FORLAK,T11LIB,R11LIB,C03532,E19068,H10128,,,F15LIB,L04CME,,,,,PORWAK,,,,,,,,,,,,
11257,"33,527,553",9.33464,CTYLAK,FORLAK,T11LIB,R11LIB,C03532,E22073,H10128,,M49VHI,F07COU,L04CME,P18VHI,,,,,WTRCLC,X68TIF,,,,,,B09COU,B16CLC,,,
11258,"2,872,508",7.772662,CTYLAK,FORLAK,T11LIB,R11LIB,C03532,E19068,H10128,,M13GOA,F15LIB,L04CME,,,,,,,,,420SSA,,,,,,,,
11259,"435,922",10.678676,CTYLAK,FORLAK,T11LIB,R11LIB,C03532,E24076,H04120,,M33MUN,,L04CME,P15MUN,,,,,WTRCLC,,,,,,,B09COU,B15MUN,B16CLC,B17MU2,
12001,"336,589,431",10.757787,CTYLAK,FORLAK,T12FRE,R12FRE,C03532,E23075,H04120,,M33MUN,,L07FRE,P15MUN,,,,,WTRCLC,,,,,,,B15MUN,B16CLC,B17MU2,,
12002,,9.146698,CTYLAK,FORLAK,T12FRE,R12FRE,C03532,E25079,H04120,,M51WAC,,L07FRE,P19WAC,,,,,WTRCLC,,,,,,,B16CLC,,,,
12003,,10.658761,CTYLAK,FORLAK,T12FRE,R12FRE,C03532,E14046,H09127,,,,L07FRE,P08GRA,,,,,,,,,,,,,,,,
12004,,12.181834,CTYLAK,FORLAK,T12FRE,R12FRE,C03532,E14046,H09127,,M45RLP,,L07FRE,P17RLA,,,,,WTRCLC,,,,,,,B16CLC,,,,
12005,"2,436,837",9.017367,CTYLAK,FORLAK,T12FRE,R12FRE,C03532,E25079,H09127,,,F11GRA,L07FRE,,,,,,,,,,,,,,,,,
12006,,10.183487,CTYLAK,FORLAK,T12FRE,R12FRE,C03532,E25079,H09127,,M45RLP,,L07FRE,P17RLA,,,,,WTRCLC,,,,,,,B16CLC,,,,
12007,,8.813182,CTYLAK,FORLAK,T12FRE,R12FRE,C03532,E23075,H04120,,,,L07FRE,,,,,,,,,,,,,,,,,
12008,,10.285248,CTYLAK,FORLAK,T12FRE,R12FRE,C03532,E23075,H04120,,M33MUN,,L07FRE,,,,,,WTRCLC,,,,,,,B16CLC,B17MU2,,,
12009,,7.228886,CTYLAK,FORLAK,T12FRE,R12FRE,C03532,E25079,H04120,,,,L07FRE,,,,,,,,,,,,,,,,,
12010,"40,578,456",7.893927,CTYLAK,FORLAK,T12FRE,R12FRE,C03532,E25079,H04120,,,F22WAC,L07FRE,,,,,,,,,,,,,,,,,
12011,,9.22596,CTYLAK,FORLAK,T12FRE,R12FRE,C03532,E25079,H04120,,M45RLP,,L07FRE,P17RLA,,,,,WTRCLC,,,,,,,B16CLC,,,,
12012,"32,977",9.445927,CTYLAK,FORLAK,T12FRE,R12FRE,C03532,E23075,H04120,,,F07COU,L07FRE,,,,,,,,,,,,,B09COU,,,,
12013, -   ,9.547846,CTYLAK,FORLAK,T12FRE,R12FRE,C03532,E24076,H04120,,,F07COU,L07FRE,,,,,,,,,,,,,B09COU,,,,
12014,"85,405,210",7.861631,CTYLAK,FORLAK,T12FRE,R12FRE,C03532,E25079,H04120,,,F07COU,L07FRE,,,,,,,,,,,,,B09COU,,,,
12015,"8,988,197",11.014441,CTYLAK,FORLAK,T12FRE,R12FRE,C03532,E25079,H09127,,M45RLP,F11GRA,L07FRE,P17RLA,,,,,WTRCLC,,,,,,,B16CLC,,,,
12016,"14,140,470",8.524683,CTYLAK,FORLAK,T12FRE,R12FRE,C03532,E25079,H04120,,M16HWO,F07COU,L07FRE,,,,,,,,,,,,,B09COU,,,,
12017,"49,970,041",10.020385,CTYLAK,FORLAK,T12FRE,R12FRE,C03532,E24076,H04120,,,F07COU,L07FRE,P15MUN,,,,,,,,,,,,B09COU,B15MUN,,,
12018,"2,149,532",7.784324,CTYLAK,FORLAK,T12FRE,R12FRE,C03532,E25079,H04120,,,F14LZU,L07FRE,,,,,,,,,,,,,,,,,
12019,,9.285721,CTYLAK,FORLAK,T12FRE,R12FRE,C03532,E23075,H04120,,,,L07FRE,P15MUN,,,,,,,,,,,,B15MUN,,,,
12020, -   ,9.047345,CTYLAK,FORLAK,T12FRE,R12FRE,C03532,E20070,H09127,,,F11GRA,L07FRE,,,,,,,,,,,,,,,,,
12021,"5,096,226",9.918466,CTYLAK,FORLAK,T12FRE,R12FRE,C03532,E23075,H04120,,,F07COU,L07FRE,P15MUN,,,,,,,,,,,,B09COU,B15MUN,,,
12022,"55,587,545",7.920691,CTYLAK,FORLAK,T12FRE,R12FRE,C03532,E25079,H04120,,M28LIB,,L07FRE,,,,,,WTRCLC,,,,,,,B16CLC,,,,
12023,"255,321,213",9.173491,CTYLAK,FORLAK,T12FRE,R12FRE,C03532,E25079,H04120,,M33MUN,,L07FRE,P15MUN,,,,,WTRCLC,,,,,,,B15MUN,B16CLC,B17MU2,,
12024,"111,457",8.447376,CTYLAK,FORLAK,T12FRE,R12FRE,C03532,E25079,H04120,,M16HWO,F14LZU,L07FRE,,,,,,,,,,,,,,,,,
12025,"343,135",11.015714,CTYLAK,FORLAK,T12FRE,R12FRE,C03532,E14046,H09127,,,F11GRA,L07FRE,,,,,,,,,,,,,,,,,
12026,"1,016,623",9.491368,CTYLAK,FORLAK,T12FRE,R12FRE,C03532,E25079,H09127,,,F11GRA,L07FRE,P08GRA,,,,,,,,,,,,,,,,
12027,,8.533841,CTYLAK,FORLAK,T12FRE,R12FRE,C03532,E25079,H04120,,,F11GRA,L07FRE,P08GRA,,,,,,,,,,,,,,,,
12028,"562,701",11.489715,CTYLAK,FORLAK,T12FRE,R12FRE,C03532,E14046,H09127,,,F11GRA,L07FRE,P08GRA,,,,,,,,,,,,,,,,
12029,"6,952,869",8.05984,CTYLAK,FORLAK,T12FRE,R12FRE,C03532,E25079,H04120,,,F11GRA,L07FRE,,,,,,,,,,,,,,,,,
12030,"10,597,850",10.056914,CTYLAK,FORLAK,T12FRE,R12FRE,C03532,E25079,H04120,,M45RLP,F11GRA,L07FRE,P17RLA,,,,,WTRCLC,,,,,,,B16CLC,,,,
12031,,9.896,CTYLAK,FORLAK,T12FRE,R12FRE,C03532,E25079,H04120,,M45RLP,F11GRA,L07FRE,P08GRA,,,,,WTRCLC,,,,,,,B16CLC,,,,
12032,"32,872,845",10.028845,CTYLAK,FORLAK,T12FRE,R12FRE,C03532,E25079,H09127,,M12GRA,F11GRA,L07FRE,P08GRA,,,,,WTRCLC,,,,,,,B16CLC,,,,
12033,"1,201,926",12.027192,CTYLAK,FORLAK,T12FRE,R12FRE,C03532,E14046,H09127,,M12GRA,F11GRA,L07FRE,P08GRA,,,,,WTRCLC,,,,,,,B16CLC,,,,
12034,"286,893",8.556979,CTYLAK,FORLAK,T12FRE,R12FRE,C03532,E25079,H04120,,M16HWO,F22WAC,L07FRE,,,,,,,,,,,,,,,,,
12035,,8.701266,CTYLAK,FORLAK,T12FRE,R12FRE,C03532,E25079,H04120,,M51WAC,,L07FRE,,,,,,WTRCLC,,,,,,,B16CLC,,,,
12036,"77,951",10.853527,CTYLAK,FORLAK,T12FRE,R12FRE,C03532,E25079,H09127,,M45RLP,F11GRA,L07FRE,P08GRA,,,,,WTRCLC,,,,,,,B16CLC,,,,
12037,,10.379526,CTYLAK,FORLAK,T12FRE,R12FRE,C03532,E25079,H09127,,M45RLP,F11GRA,L07FRE,,,,,,WTRCLC,,,,,,,B16CLC,,,,
12038, -   ,12.851874,CTYLAK,FORLAK,T12FRE,R12FRE,C03532,E14046,H09127,,M45RLP,F11GRA,L07FRE,P08GRA,,,,,WTRCLC,,,,,,,B16CLC,,,,
12039,,12.377873,CTYLAK,FORLAK,T12FRE,R12FRE,C03532,E14046,H09127,,M45RLP,F11GRA,L07FRE,,,,,,WTRCLC,,,,,,,B16CLC,,,,
12040,,8.251843,CTYLAK,FORLAK,T12FRE,R12FRE,C03532,,,U02095,M16HWO,F22WAC,L07FRE,,,,,,,,,,,,,,,,,
12041,"264,780",8.700952,CTYLAK,FORLAK,T12FRE,R12FRE,C03532,E25079,H04120,,M33MUN,,L07FRE,,,,,,WTRCLC,,,,,,,B16CLC,B17MU2,,,
12042,,10.409504,CTYLAK,FORLAK,T12FRE,R12FRE,C03532,E20070,H09127,,M45RLP,F11GRA,L07FRE,,,,,,WTRCLC,,,,,,,B16CLC,,,,
12043,,9.421999,CTYLAK,FORLAK,T12FRE,R12FRE,C03532,E25079,H04120,,M45RLP,F11GRA,L07FRE,,,,,,WTRCLC,,,,,,,B16CLC,,,,
12044,"26,294",11.097326,CTYLAK,FORLAK,T12FRE,R12FRE,C03532,E14046,H09127,,,F12GRL,L07FRE,,,,,,,,,,,,,,,,,
12045,"3,959,094",8.141452,CTYLAK,FORLAK,T12FRE,R12FRE,C03532,E25079,H04120,,,F12GRL,L07FRE,,,,,,,,,,,,,,,,,
12046,"253,146",7.588791,CTYLAK,FORLAK,T12FRE,R12FRE,C03532,,,U02095,,F22WAC,L07FRE,,,,,,,,,,,,,,,,,
12047,,8.251843,CTYLAK,FORLAK,T12FRE,R12FRE,C03532,,,U02095,M16HWO,F22WAC,L07FRE,,,,,,,,,,,,,,,,,
12048,,8.694755,CTYLAK,FORLAK,T12FRE,R12FRE,C03532,E25079,H04120,,,F11GRA,L07FRE,P17RLA,,,,,,,,,,,,,,,,
12049,"1,153,823",9.521346,CTYLAK,FORLAK,T12FRE,R12FRE,C03532,E20070,H09127,,,F11GRA,L07FRE,P08GRA,,,,,,,,,,,,,,,,
12050,,9.547846,CTYLAK,FORLAK,T12FRE,R12FRE,C03532,E24076,H04120,,M31LGR,F07COU,L07FRE,,,,,,,,,,,,,B09COU,,,,
12051,"412,820",8.878218,CTYLAK,FORLAK,T12FRE,R12FRE,C03532,E25079,H09127,,M28LIB,,L07FRE,,,,,,WTRCLC,,,,,,,B16CLC,,,,
12052,"182,733",9.352219,CTYLAK,FORLAK,T12FRE,R12FRE,C03532,E25079,H09127,,M28LIB,,L07FRE,P08GRA,,,,,WTRCLC,,,,,,,B16CLC,,,,
12053,,9.491368,CTYLAK,FORLAK,T12FRE,R12FRE,C03532,E25079,H09127,,,F11GRA,L07FRE,P08GRA,,,,,WTRCLC,,,,,,,B16CLC,,,,
12054,,9.521346,CTYLAK,FORLAK,T12FRE,R12FRE,C03532,E20070,H09127,,,F11GRA,L07FRE,P08GRA,,,,,WTRCLC,,,,,,,B16CLC,,,,
12055, -   ,7.861631,CTYLAK,FORLAK,T12FRE,R12FRE,C03532,E25079,H04120,,M31LGR,F07COU,L07FRE,,,,,,,,,,,,,B09COU,,,,
12056, -   ,10.020385,CTYLAK,FORLAK,T12FRE,R12FRE,C03532,E24076,H04120,,M31LGR,F07COU,L07FRE,P15MUN,,,,,,,,,,,,B09COU,B15MUN,,,
12057,"5,094,515",8.33417,CTYLAK,FORLAK,T12FRE,R12FRE,C03532,E25079,H04120,,M31LGR,F07COU,L07FRE,P15MUN,,,,,,,,,,,,B09COU,B15MUN,,,
12058,"4,444,272",10.859706,CTYLAK,FORLAK,T12FRE,R12FRE,C03532,E24076,H04120,,M33MUN,,L07FRE,P15MUN,,,,,WTRCLC,,,,,,,B15MUN,B16CLC,B17MU2,,
12059,"2,355,666",10.693735,CTYLAK,FORLAK,T12FRE,R12FRE,C03532,E24076,H07125,,,F07COU,L07FRE,P15MUN,,,,,,,,,,,,B09COU,B15MUN,,,
12060,"9,247,138",9.071318,CTYLAK,FORLAK,T12FRE,R12FRE,C03532,E25079,H04120,,M12GRA,F11GRA,L07FRE,P08GRA,,,,,WTRCLC,,,,,,,B16CLC,,,,
12061,"326,395",9.554844,CTYLAK,FORLAK,T12FRE,R12FRE,C03532,E25079,H09127,,M12GRA,F11GRA,L07FRE,,,,,,WTRCLC,,,,,,,B16CLC,,,,
12062,,11.553191,CTYLAK,FORLAK,T12FRE,R12FRE,C03532,E14046,H09127,,M12GRA,F11GRA,L07FRE,,,,,,WTRCLC,,,,,,,B16CLC,,,,
12063,"13,539,820",8.33417,CTYLAK,FORLAK,T12FRE,R12FRE,C03532,E25079,H04120,,,F07COU,L07FRE,P15MUN,,,,,,,,,,,,B09COU,B15MUN,,,
12064,"974,088",10.058823,CTYLAK,FORLAK,T12FRE,R12FRE,C03532,E20070,H09127,,M12GRA,F11GRA,L07FRE,P08GRA,,,,,WTRCLC,,,,,,,B16CLC,,,,
12065,,11.014441,CTYLAK,FORLAK,T12FRE,R12FRE,C03532,E25079,H09127,,M45RLP,F11GRA,L07FRE,P17RLA,,,,,WTRCLC,,,,,,,B16CLC,,,,
12066,,10.056914,CTYLAK,FORLAK,T12FRE,R12FRE,C03532,E25079,H04120,,M45RLP,F11GRA,L07FRE,P17RLA,,,,,WTRCLC,,,,,,,B16CLC,,,,
12067,,9.896,CTYLAK,FORLAK,T12FRE,R12FRE,C03532,E25079,H04120,,M45RLP,F11GRA,L07FRE,P08GRA,,,,,WTRCLC,,,,,,,B16CLC,,,,
12068,,9.22379,CTYLAK,FORLAK,T12FRE,R12FRE,C03532,E25079,H04120,,M45RLP,F07COU,L07FRE,,,,,,WTRCLC,,,,,,,B09COU,B16CLC,,,
12069,,9.22379,CTYLAK,FORLAK,T12FRE,R12FRE,C03532,E25079,H04120,,M45RLP,F07COU,L07FRE,,,,,,WTRCLC,,,,,,,B09COU,B16CLC,,,
12070,"42,778",7.86689,CTYLAK,FORLAK,T12FRE,R12FRE,C03532,,,U02095,M34NBA,F22WAC,L07FRE,,,,,,,,,,,,,,,,,
12071,"90,872",8.597317,CTYLAK,FORLAK,T12FRE,R12FRE,C03532,E25079,H04120,,M12GRA,F11GRA,L07FRE,,,,,,WTRCLC,,,,,,,B16CLC,,,,
12072,"1,657,631",13.012788,CTYLAK,FORLAK,T12FRE,R12FRE,C03532,E14046,H09127,,M45RLP,F11GRA,L07FRE,P17RLA,,,,,WTRCLC,,,,,,,B16CLC,,,,
12073,,9.445927,CTYLAK,FORLAK,T12FRE,R12FRE,C03532,E23075,H04120,,,F07COU,L07FRE,,,,,,,,,150SSA,,,,B09COU,,,,
12074,,10.137732,CTYLAK,FORLAK,T12FRE,R12FRE,C03532,E23075,H04120,,M28LIB,F07COU,L07FRE,,,,,,,,,,,,,B09COU,,,,
12075,"22,533",9.547846,CTYLAK,FORLAK,T12FRE,R12FRE,C03532,E24076,H04120,,M31LGR,F07COU,L07FRE,P14LGR,,,,,,,,,,,,B09COU,,,,
12076, -   ,8.339359,CTYLAK,FORLAK,T12FRE,R12FRE,C03532,E25079,H04120,,,F22WAC,L07FRE,P19WAC,,,,,,,,,,,,,,,,
12077,"51,233,486",9.811739,CTYLAK,FORLAK,T12FRE,R12FRE,C03532,E25079,H04120,,M51WAC,F22WAC,L07FRE,P19WAC,,,,,WTRCLC,,,,,,,B16CLC,,,,
12078,,11.097326,CTYLAK,FORLAK,T12FRE,R12FRE,C03532,E14046,H09127,,,F12GRL,L07FRE,,S07RLA,,,,,,,,,,,,,,,
12079,"472,310",12.188295,CTYLAK,FORLAK,T12FRE,R12FRE,C03532,E14046,H09127,,M42RLA,F12GRL,L07FRE,,,,,,WTRCLC,,,,,,,B16CLC,,,,
12080,,12.188295,CTYLAK,FORLAK,T12FRE,R12FRE,C03532,E14046,H09127,,M42RLA,F12GRL,L07FRE,,S07RLA,,,,WTRCLC,,,,,,,B16CLC,,,,
12081,,11.732241,CTYLAK,FORLAK,T12FRE,R12FRE,C03532,E14046,H09127,,,F12GRL,L07FRE,P17RLA,,,,,,,,,,,,,,,,
12082,,11.014441,CTYLAK,FORLAK,T12FRE,R12FRE,C03532,E25079,H09127,,M45RLP,F11GRA,L07FRE,P17RLA,,,,,WTRCLC,,,,,,,B16CLC,,,,
12083,,10.056914,CTYLAK,FORLAK,T12FRE,R12FRE,C03532,E25079,H04120,,M45RLP,F11GRA,L07FRE,P17RLA,,,,,WTRCLC,,,,,,,B16CLC,,,,
12084, -   ,12.82321,CTYLAK,FORLAK,T12FRE,R12FRE,C03532,E14046,H09127,,M42RLA,F12GRL,L07FRE,P17RLA,,,,,WTRCLC,,,,,,,B16CLC,,,,
12085,,11.732241,CTYLAK,FORLAK,T12FRE,R12FRE,C03532,E14046,H09127,,,F12GRL,L07FRE,P17RLA,S07RLA,,,,,,,,,,,,,,,
12086,,12.82321,CTYLAK,FORLAK,T12FRE,R12FRE,C03532,E14046,H09127,,M42RLA,F12GRL,L07FRE,P17RLA,S07RLA,,,,WTRCLC,,,,,,,B16CLC,,,,
12087,,9.232421,CTYLAK,FORLAK,T12FRE,R12FRE,C03532,E25079,H04120,,M42RLA,F12GRL,L07FRE,,,,,,WTRCLC,,,,,,,B16CLC,,,,
12088,,9.150809,CTYLAK,FORLAK,T12FRE,R12FRE,C03532,E25079,H04120,,M42RLA,F11GRA,L07FRE,,,,,,WTRCLC,,,,,,,B16CLC,,,,
12089,"9,289,864",9.867336,CTYLAK,FORLAK,T12FRE,R12FRE,C03532,E25079,H04120,,M42RLA,F12GRL,L07FRE,P17RLA,,,,,WTRCLC,,,,,,,B16CLC,,,,
12090,"398,489",9.785724,CTYLAK,FORLAK,T12FRE,R12FRE,C03532,E25079,H04120,,M42RLA,F11GRA,L07FRE,P17RLA,,,,,WTRCLC,,,,,,,B16CLC,,,,
12091,,9.867336,CTYLAK,FORLAK,T12FRE,R12FRE,C03532,E25079,H04120,,M42RLA,F12GRL,L07FRE,P17RLA,S07RLA,,,,WTRCLC,,,,,,,B16CLC,,,,
12092,,9.785724,CTYLAK,FORLAK,T12FRE,R12FRE,C03532,E25079,H04120,,M42RLA,F11GRA,L07FRE,P17RLA,S07RLA,,,,WTRCLC,,,,,,,B16CLC,,,,
12093,,12.82321,CTYLAK,FORLAK,T12FRE,R12FRE,C03532,E14046,H09127,,M42RLA,F12GRL,L07FRE,P17RLA,S07RLA,,,,WTRCLC,,,351SSA,,,,B16CLC,,,,
12094,,9.867336,CTYLAK,FORLAK,T12FRE,R12FRE,C03532,E25079,H04120,,M42RLA,F12GRL,L07FRE,P17RLA,S07RLA,,,,WTRCLC,,,351SSA,,,,B16CLC,,,,
12095,,9.785724,CTYLAK,FORLAK,T12FRE,R12FRE,C03532,E25079,H04120,,M42RLA,F11GRA,L07FRE,P17RLA,S07RLA,,,,WTRCLC,,,351SSA,,,,B16CLC,,,,
12096,,12.82321,CTYLAK,FORLAK,T12FRE,R12FRE,C03532,E14046,H09127,,M42RLA,F12GRL,L07FRE,P17RLA,S07RLA,,,,WTRCLC,,,350SSA,,,,B16CLC,,,,
12097,,9.785724,CTYLAK,FORLAK,T12FRE,R12FRE,C03532,E25079,H04120,,M42RLA,F11GRA,L07FRE,P17RLA,S07RLA,,,,WTRCLC,,,350SSA,,,,B16CLC,,,,
12098,,9.867336,CTYLAK,FORLAK,T12FRE,R12FRE,C03532,E25079,H04120,,M42RLA,F12GRL,L07FRE,P17RLA,S07RLA,,,,WTRCLC,,,350SSA,,,,B16CLC,,,,
12099,,12.82321,CTYLAK,FORLAK,T12FRE,R12FRE,C03532,E14046,H09127,,M42RLA,F12GRL,L07FRE,P17RLA,S07RLA,,,,WTRCLC,,,350SSA,351SSA,,,B16CLC,,,,
12100,,9.867336,CTYLAK,FORLAK,T12FRE,R12FRE,C03532,E25079,H04120,,M42RLA,F12GRL,L07FRE,P17RLA,S07RLA,,,,WTRCLC,,,350SSA,351SSA,,,B16CLC,,,,
12101,,9.785724,CTYLAK,FORLAK,T12FRE,R12FRE,C03532,E25079,H04120,,M42RLA,F11GRA,L07FRE,P17RLA,S07RLA,,,,WTRCLC,,,350SSA,351SSA,,,B16CLC,,,,
12102,,12.82321,CTYLAK,FORLAK,T12FRE,R12FRE,C03532,E14046,H09127,,M42RLA,F12GRL,L07FRE,P17RLA,S07RLA,,,,WTRCLC,,,352SSA,,,,B16CLC,,,,
12103,,11.732241,CTYLAK,FORLAK,T12FRE,R12FRE,C03532,E14046,H09127,,,F12GRL,L07FRE,P17RLA,,,,,,,,352SSA,,,,,,,,
12104,,11.732241,CTYLAK,FORLAK,T12FRE,R12FRE,C03532,E14046,H09127,,,F12GRL,L07FRE,P17RLA,S07RLA,,,,,,,352SSA,,,,,,,,
12105,,10.113602,CTYLAK,FORLAK,T12FRE,R12FRE,C03532,,,U04118,M51WAC,,L07FRE,P19WAC,,,,,WTRCLC,,,,,,,B16CLC,,,,
12106,,9.146698,CTYLAK,FORLAK,T12FRE,R12FRE,C03532,E25079,H04120,,M51WAC,,L07FRE,P19WAC,,,,,WTRCLC,,,403SSA,,,,B16CLC,,,,
12107,"11,519,771",8.524683,CTYLAK,FORLAK,T12FRE,R12FRE,C03532,E25079,H04120,,M16HWO,F07COU,L07FRE,,,,,,,,,180SSA,,,,B09COU,,,,
12108,,8.556979,CTYLAK,FORLAK,T12FRE,R12FRE,C03532,E25079,H04120,,M16HWO,F22WAC,L07FRE,,,,,,,,,180SSA,,,,,,,,
12109,"3,636,008",8.251843,CTYLAK,FORLAK,T12FRE,R12FRE,C03532,,,U02095,M16HWO,F22WAC,L07FRE,,,,,,,,,180SSA,,,,,,,,
12110,"45,682,549",8.524683,CTYLAK,FORLAK,T12FRE,R12FRE,C03532,E25079,H04120,,M16HWO,F07COU,L07FRE,,,,,,,,,181SSA,,,,B09COU,,,,
12111,"21,592,401",8.447376,CTYLAK,FORLAK,T12FRE,R12FRE,C03532,E25079,H04120,,M16HWO,F14LZU,L07FRE,,,,,,,,,181SSA,,,,,,,,
12112,"28,715,416",9.811739,CTYLAK,FORLAK,T12FRE,R12FRE,C03532,E25079,H04120,,M51WAC,F22WAC,L07FRE,P19WAC,,,,,WTRCLC,,,403SSA,,,,B16CLC,,,,
12115,,9.652282,CTYLAK,FORLAK,T12FRE,R12FRE,C03532,E25079,H09127,,,F11GRA,L07FRE,P17RLA,,,,,WTRCLC,,,,,,,B16CLC,,,,
12116,,8.694755,CTYLAK,FORLAK,T12FRE,R12FRE,C03532,E25079,H04120,,,F11GRA,L07FRE,P17RLA,,,,,WTRCLC,,,,,,,B16CLC,,,,
12117,,9.867336,CTYLAK,FORLAK,T12FRE,R12FRE,C03532,E25079,H04120,,M42RLA,F12GRL,L07FRE,P17RLA,S07RLA,,,,WTRCLC,,,353SSA,,,,B16CLC,,,,
12118,,9.785724,CTYLAK,FORLAK,T12FRE,R12FRE,C03532,E25079,H04120,,M42RLA,F11GRA,L07FRE,P17RLA,S07RLA,,,,WTRCLC,,,353SSA,,,,B16CLC,,,,
12119,,9.652282,CTYLAK,FORLAK,T12FRE,R12FRE,C03532,E25079,H09127,,,F11GRA,L07FRE,P17RLA,,,,,,,,,,,,,,,,
12120,,9.785724,CTYLAK,FORLAK,T12FRE,R12FRE,C03532,E25079,H04120,,M42RLA,F11GRA,L07FRE,P17RLA,S07RLA,,,,WTRCLC,,,354SSA,,,,B16CLC,,,,
12121,,12.188295,CTYLAK,FORLAK,T12FRE,R12FRE,C03532,E14046,H09127,,M42RLA,F12GRL,L07FRE,,S07RLA,,,,WTRCLC,,,,,,,B16CLC,,,,
12122,"15,036,428",7.861631,CTYLAK,FORLAK,T12FRE,R12FRE,C03532,E25079,H04120,,,F07COU,L07FRE,,,,,,,,,151SSA,,,,B09COU,,,,
12123,,8.776367,CTYLAK,FORLAK,T12FRE,R12FRE,C03532,E25079,H04120,,,F12GRL,L07FRE,P17RLA,,,,,,,,,,,,,,,,
12124,,8.776367,CTYLAK,FORLAK,T12FRE,R12FRE,C03532,E25079,H04120,,,F12GRL,L07FRE,P17RLA,S07RLA,,,,,,,,,,,,,,,
12125,,10.757787,CTYLAK,FORLAK,T12FRE,R12FRE,C03532,E23075,H04120,,M33MUN,,L07FRE,P15MUN,,,,,WTRCLC,X29TIF,,,,,,B15MUN,B16CLC,B17MU2,,
12126,,9.918466,CTYLAK,FORLAK,T12FRE,R12FRE,C03532,E23075,H04120,,,F07COU,L07FRE,P15MUN,,,,,,,,150SSA,,,,B09COU,B15MUN,,,
12127,"902,727",8.997222,CTYLAK,FORLAK,T12FRE,R12FRE,C03532,E25079,H04120,,M16HWO,F07COU,L07FRE,P15MUN,,,,,,,,,,,,B09COU,B15MUN,,,
12128,,8.751645,CTYLAK,FORLAK,T12FRE,R12FRE,C03532,E25079,H04120,,M28LIB,F11GRA,L07FRE,,,,,,WTRCLC,,,,,,,B16CLC,,,,
12129,,9.333697,CTYLAK,FORLAK,T12FRE,R12FRE,C03532,E25079,H04120,,M33MUN,F07COU,L07FRE,,,,,,WTRCLC,,,,,,,B09COU,B16CLC,B17MU2,,
12130,"373,064",9.806236,CTYLAK,FORLAK,T12FRE,R12FRE,C03532,E25079,H04120,,M33MUN,F07COU,L07FRE,P15MUN,,,,,WTRCLC,,,,,,,B09COU,B15MUN,B16CLC,B17MU2,
12131,,9.811739,CTYLAK,FORLAK,T12FRE,R12FRE,C03532,E25079,H04120,,M51WAC,F22WAC,L07FRE,P19WAC,,,,,WTRCLC,,,,,,,B16CLC,,,,
12132,,11.492451,CTYLAK,FORLAK,T12FRE,R12FRE,C03532,E24076,H04120,,M33MUN,F07COU,L07FRE,P15MUN,,,,,WTRCLC,,,,,,,B09COU,B15MUN,B16CLC,B17MU2,
12133,"33,968,769",9.232232,CTYLAK,FORLAK,T12FRE,R12FRE,C03532,E25079,H04120,,M12GRA,F11GRA,L07FRE,P17RLA,,,,,WTRCLC,,,,,,,B16CLC,,,,
12134,"554,297",10.778643,CTYLAK,FORLAK,T12FRE,R12FRE,C03532,,,U04118,M51WAC,F22WAC,L07FRE,P19WAC,,,,,WTRCLC,,,,,,,B16CLC,,,,
12135, -   ,9.366307,CTYLAK,FORLAK,T12FRE,R12FRE,C03532,E25079,H04120,,M51WAC,F22WAC,L07FRE,,,,,,WTRCLC,,,,,,,B16CLC,,,,
12136,,8.399108,CTYLAK,FORLAK,T12FRE,R12FRE,C03532,E25079,H04120,,M12GRA,F07COU,L07FRE,,,,,,WTRCLC,,,,,,,B09COU,B16CLC,,,
12137,"87,690",10.189759,CTYLAK,FORLAK,T12FRE,R12FRE,C03532,E25079,H09127,,M12GRA,F11GRA,L07FRE,P17RLA,,,,,WTRCLC,,,,,,,B16CLC,,,,
12138, -   ,9.504987,CTYLAK,FORLAK,T12FRE,R12FRE,C03532,E23075,H04120,,M28LIB,,L07FRE,,,,,,,,,,,,,,,,,
12139,,8.597317,CTYLAK,FORLAK,T12FRE,R12FRE,C03532,E25079,H04120,,M12GRA,F11GRA,L07FRE,,,,,,,,,,,,,,,,,
12140, -   ,8.394692,CTYLAK,FORLAK,T12FRE,R12FRE,C03532,E25079,H04120,,M28LIB,,L07FRE,P08GRA,,,,,WTRCLC,,,,,,,B16CLC,,,,
12141,"3,134,865",7.861631,CTYLAK,FORLAK,T12FRE,R12FRE,C03532,E25079,H04120,,,F07COU,L07FRE,,,,,,,,,,,,,B09COU,B15MUN,,,
12142,,10.757787,CTYLAK,FORLAK,T12FRE,R12FRE,C03532,E23075,H04120,,M33MUN,,L07FRE,P15MUN,,,,,WTRCLC,X29TIF,,,,,,B15MUN,B16CLC,B17MU2,,
12143,"159,853",10.757787,CTYLAK,FORLAK,T12FRE,R12FRE,C03532,E23075,H04120,,M33MUN,,L07FRE,P15MUN,,,,,WTRCLC,X30TIF,,,,,,B15MUN,B16CLC,B17MU2,,
12144,"17,158,770",7.861631,CTYLAK,FORLAK,T12FRE,R12FRE,C03532,E25079,H04120,,,F07COU,L07FRE,,,,,,,,,155SSA,,,,B09COU,,,,
12145,"5,647,754",8.05984,CTYLAK,FORLAK,T12FRE,R12FRE,C03532,E25079,H04120,,,F11GRA,L07FRE,,,,,,,,,155SSA,,,,,,,,
12146, -   ,12.82321,CTYLAK,FORLAK,T12FRE,R12FRE,C03532,E14046,H09127,,M42RLA,F12GRL,L07FRE,P17RLA,,,,,WTRCLC,,,351SSA,,,,B16CLC,,,,
12147,"717,559",9.867336,CTYLAK,FORLAK,T12FRE,R12FRE,C03532,E25079,H04120,,M42RLA,F12GRL,L07FRE,P17RLA,,,,,WTRCLC,,,351SSA,,,,B16CLC,,,,
12148,,9.785724,CTYLAK,FORLAK,T12FRE,R12FRE,C03532,E25079,H04120,,M42RLA,F11GRA,L07FRE,P17RLA,,,,,WTRCLC,,,351SSA,,,,B16CLC,,,,
12149,"13,519,741",12.82321,CTYLAK,FORLAK,T12FRE,R12FRE,C03532,E14046,H09127,,M42RLA,F12GRL,L07FRE,P17RLA,,,,,WTRCLC,,,350SSA,351SSA,,,B16CLC,,,,
12150,"18,259,112",9.867336,CTYLAK,FORLAK,T12FRE,R12FRE,C03532,E25079,H04120,,M42RLA,F12GRL,L07FRE,P17RLA,,,,,WTRCLC,,,350SSA,351SSA,,,B16CLC,,,,
12151, -   ,9.785724,CTYLAK,FORLAK,T12FRE,R12FRE,C03532,E25079,H04120,,M42RLA,F11GRA,L07FRE,P17RLA,,,,,WTRCLC,,,350SSA,351SSA,,,B16CLC,,,,
12152,"15,090,750",12.82321,CTYLAK,FORLAK,T12FRE,R12FRE,C03532,E14046,H09127,,M42RLA,F12GRL,L07FRE,P17RLA,,,,,WTRCLC,,,352SSA,,,,B16CLC,,,,
12153,"23,112",9.867336,CTYLAK,FORLAK,T12FRE,R12FRE,C03532,E25079,H04120,,M42RLA,F12GRL,L07FRE,P17RLA,,,,,WTRCLC,,,353SSA,,,,B16CLC,,,,
12154,"9,922,751",9.785724,CTYLAK,FORLAK,T12FRE,R12FRE,C03532,E25079,H04120,,M42RLA,F11GRA,L07FRE,P17RLA,,,,,WTRCLC,,,353SSA,,,,B16CLC,,,,
12155,"15,876,094",9.785724,CTYLAK,FORLAK,T12FRE,R12FRE,C03532,E25079,H04120,,M42RLA,F11GRA,L07FRE,P17RLA,,,,,WTRCLC,,,354SSA,,,,B16CLC,,,,
12156,"283,839",10.020385,CTYLAK,FORLAK,T12FRE,R12FRE,C03532,E24076,H04120,,,F07COU,L07FRE,P15MUN,,,,,,,,,,,,B09COU,B15MUN,B17MU2,,
12157,,9.531906,CTYLAK,FORLAK,T12FRE,R12FRE,C03532,E25079,H04120,,M33MUN,F11GRA,L07FRE,,,,,,WTRCLC,,,,,,,B16CLC,B17MU2,,,
12158,"77,128",10.004445,CTYLAK,FORLAK,T12FRE,R12FRE,C03532,E25079,H04120,,M33MUN,F11GRA,L07FRE,P15MUN,,,,,WTRCLC,,,,,,,B16CLC,B17MU2,,,
12159,"6,212,348",9.173491,CTYLAK,FORLAK,T12FRE,R12FRE,C03532,E25079,H04120,,M33MUN,,L07FRE,P15MUN,,,,,WTRCLC,,,419SSA,,,,B15MUN,B16CLC,B17MU2,,
12160,"1,094,795",9.173491,CTYLAK,FORLAK,T12FRE,R12FRE,C03532,E25079,H04120,,M33MUN,,L07FRE,P15MUN,,,,,WTRCLC,,,422SSA,,,,B15MUN,B16CLC,B17MU2,,
13001,,10.24653,CTYLAK,FORLAK,T13WAC,R13WAC,C03532,,,U04118,M51WAC,,L14WAC,P19WAC,,,,,WTRCLC,,,,,,,B16CLC,,,,
13002,"6,362,699",9.663377,CTYLAK,FORLAK,T13WAC,R13WAC,C03532,,,U04118,M20ILA,F22WAC,L14WAC,,,,,,,,,,,,,,,,,
13003,"89,424,431",9.688496,CTYLAK,FORLAK,T13WAC,R13WAC,C03532,,,U04118,M20ILA,F22WAC,L14WAC,,S06NMO,,,,,,,,,,,,,,,
13004,,8.328718,CTYLAK,FORLAK,T13WAC,R13WAC,C03532,,,U04118,,,L14WAC,,,,,,,,,,,,,,,,,
13005,"1,141,226",9.018878,CTYLAK,FORLAK,T13WAC,R13WAC,C03532,,,U04118,,F22WAC,L14WAC,,S06NMO,,,,,,,,,,,,,,,
13006,"122,852,807",8.993759,CTYLAK,FORLAK,T13WAC,R13WAC,C03532,,,U04118,,F22WAC,L14WAC,,,,,,,,,,,,,,,,,
13007,,9.801098,CTYLAK,FORLAK,T13WAC,R13WAC,C03532,,,U04118,M51WAC,,L14WAC,,,,,,WTRCLC,,,,,,,B16CLC,,,,
13008,"11,304,961",9.316222,CTYLAK,FORLAK,T13WAC,R13WAC,C03532,,,U04118,M22LBA,F22WAC,L14WAC,,,,,,,,,,,,,,,,,
13009,"2,427",7.437923,CTYLAK,FORLAK,T13WAC,R13WAC,C03532,,,U06220,M22LBA,F22WAC,L14WAC,,,,,,,,,,,,,,,,,
13010,"368,751",9.315228,CTYLAK,FORLAK,T13WAC,R13WAC,C03532,,,U04118,M40PBA,F22WAC,L14WAC,,,,,,,,,,,,,,,,,
13011,"1,308,752",9.380158,CTYLAK,FORLAK,T13WAC,R13WAC,C03532,,,U04118,M27LAK,F22WAC,L14WAC,,,,,,,,,,,,,,,,,
13012,,9.439191,CTYLAK,FORLAK,T13WAC,R13WAC,C03532,,,U04118,,F22WAC,L14WAC,P19WAC,,,,,,,,,,,,,,,,
13013,"8,146,406",9.581307,CTYLAK,FORLAK,T13WAC,R13WAC,C03532,,,U04118,M48VOL,F22WAC,L14WAC,,,,,,WTRCLC,,,,,,,B16CLC,,,,
13014,,9.688496,CTYLAK,FORLAK,T13WAC,R13WAC,C03532,,,U04118,M20ILA,F22WAC,L14WAC,,S06NMO,,,,,,,207SSA,,,,,,,,
13015,,9.663377,CTYLAK,FORLAK,T13WAC,R13WAC,C03532,,,U04118,M20ILA,F22WAC,L14WAC,,,,,,,,,207SSA,,,,,,,,
13016,"5,551,246",9.340347,CTYLAK,FORLAK,T13WAC,R13WAC,C03532,,,U04118,M40PBA,F22WAC,L14WAC,,S06NMO,,,,,,,,,,,,,,,
13017,,8.993759,CTYLAK,FORLAK,T13WAC,R13WAC,C03532,,,U04118,,F22WAC,L14WAC,,,,,,,,,247SSA,,,,,,,,
13018,,9.380158,CTYLAK,FORLAK,T13WAC,R13WAC,C03532,,,U04118,M27LAK,F22WAC,L14WAC,,,,,,,,,247SSA,,,,,,,,
13019,"4,672,433",9.340347,CTYLAK,FORLAK,T13WAC,R13WAC,C03532,,,U04118,M40PBA,F22WAC,L14WAC,,S06NMO,,,,,,,344SSA,,,,,,,,
13020,,9.279626,CTYLAK,FORLAK,T13WAC,R13WAC,C03532,E25079,H04120,,M51WAC,,L14WAC,P19WAC,,,,,WTRCLC,,,,,,,B16CLC,,,,
13021,,10.24653,CTYLAK,FORLAK,T13WAC,R13WAC,C03532,,,U04118,M51WAC,,L14WAC,P19WAC,,,,,WTRCLC,,,403SSA,,,,B16CLC,,,,
13022,,9.315228,CTYLAK,FORLAK,T13WAC,R13WAC,C03532,,,U04118,M40PBA,F22WAC,L14WAC,,,,,,,,,343SSA,,,,,,,,
13023,"3,024,747",9.340347,CTYLAK,FORLAK,T13WAC,R13WAC,C03532,,,U04118,M40PBA,F22WAC,L14WAC,,S06NMO,,,,,,,343SSA,,,,,,,,
13024,"1,276,548",8.812736,CTYLAK,FORLAK,T13WAC,R13WAC,C03532,E12038,H06124,,M27LAK,F22WAC,L14WAC,,,,,,,,,,,,,B07038,B11124,,,
13025,"23,208,689",9.405277,CTYLAK,FORLAK,T13WAC,R13WAC,C03532,,,U04118,M27LAK,F22WAC,L14WAC,,S06NMO,,,,,,,,,,,,,,,
13026,"66,515",9.405277,CTYLAK,FORLAK,T13WAC,R13WAC,C03532,,,U04118,M27LAK,F22WAC,L14WAC,,S06NMO,,,,,,,247SSA,,,,,,,,
13027,"5,617",9.581307,CTYLAK,FORLAK,T13WAC,R13WAC,C03532,,,U04118,M48VOL,F22WAC,L14WAC,,,,,,WTRCLC,,,397SSA,,,,B16CLC,,,,
13028,,9.581307,CTYLAK,FORLAK,T13WAC,R13WAC,C03532,,,U04118,M48VOL,F22WAC,L14WAC,,,,,,WTRCLC,,,397SSA,398SSA,,,B16CLC,,,,
13029,,9.581307,CTYLAK,FORLAK,T13WAC,R13WAC,C03532,,,U04118,M48VOL,F22WAC,L14WAC,,,,,,WTRCLC,,,400SSA,,,,B16CLC,,,,
13030,,9.581392,CTYLAK,FORLAK,T13WAC,R13WAC,C03532,,,U04118,M48VOL,F22WAC,L14WAC,,S03LRE,,,,WTRCLC,,,400SSA,,,,B16CLC,,,,
13031,"9,307,700",9.581392,CTYLAK,FORLAK,T13WAC,R13WAC,C03532,,,U04118,M48VOL,F22WAC,L14WAC,,S03LRE,,,,WTRCLC,,,,,,,B16CLC,,,,
13032,,9.581392,CTYLAK,FORLAK,T13WAC,R13WAC,C03532,,,U04118,M48VOL,F22WAC,L14WAC,,S03LRE,,,,WTRCLC,,,397SSA,398SSA,,,B16CLC,,,,
13033,"22,138,028",9.581392,CTYLAK,FORLAK,T13WAC,R13WAC,C03532,,,U04118,M48VOL,F22WAC,L14WAC,,S03LRE,,,,WTRCLC,,,400SSA,402SSA,,,B16CLC,,,,
13034,"1,555",9.581392,CTYLAK,FORLAK,T13WAC,R13WAC,C03532,,,U04118,M48VOL,F22WAC,L14WAC,,S03LRE,,,,WTRCLC,,,402SSA,,,,B16CLC,,,,
13035,"5,737,197",9.581392,CTYLAK,FORLAK,T13WAC,R13WAC,C03532,,,U04118,M48VOL,F22WAC,L14WAC,,S03LRE,,,,WTRCLC,,,391SSA,400SSA,,,B16CLC,,,,
13036,"7,040,366",8.993759,CTYLAK,FORLAK,T13WAC,R13WAC,C03532,,,U04118,,F22WAC,L14WAC,,,,,,,,,152SSA,,,,,,,,
13037,,9.581307,CTYLAK,FORLAK,T13WAC,R13WAC,C03532,,,U04118,M48VOL,F22WAC,L14WAC,,,,,,WTRCLC,,,392SSA,,,,B16CLC,,,,
13038,"9,281,610",9.581392,CTYLAK,FORLAK,T13WAC,R13WAC,C03532,,,U04118,M48VOL,F22WAC,L14WAC,,S03LRE,,,,WTRCLC,,,392SSA,,,,B16CLC,,,,
13039,"5,625,566",10.466139,CTYLAK,FORLAK,T13WAC,R13WAC,C03532,,,U04118,M51WAC,F22WAC,L14WAC,,,,,,WTRCLC,,,,,,,B16CLC,,,,
13040,"1,516,810",9.380243,CTYLAK,FORLAK,T13WAC,R13WAC,C03532,,,U04118,M27LAK,F22WAC,L14WAC,,S03LRE,,,,,,,,,,,,,,,
13041,"298,938,197",10.911571,CTYLAK,FORLAK,T13WAC,R13WAC,C03532,,,U04118,M51WAC,F22WAC,L14WAC,P19WAC,,,,,WTRCLC,,,,,,,B16CLC,,,,
13042,,13.731684,CTYLAK,FORLAK,T13WAC,R13WAC,C03532,,,U04118,,F22WAC,L14WAC,,,,,,,,,393SSA,,,,,,,,
13043,"193,733",14.319232,CTYLAK,FORLAK,T13WAC,R13WAC,C03532,,,U04118,M48VOL,F22WAC,L14WAC,,,,,,WTRCLC,,,393SSA,,,,B16CLC,,,,
13044,"393,605",9.944667,CTYLAK,FORLAK,T13WAC,R13WAC,C03532,E25079,H04120,,M51WAC,F22WAC,L14WAC,P19WAC,,,,,WTRCLC,,,,,,,B16CLC,,,,
13045,"49,670,225",10.911571,CTYLAK,FORLAK,T13WAC,R13WAC,C03532,,,U04118,M51WAC,F22WAC,L14WAC,P19WAC,,,,,WTRCLC,,,403SSA,,,,B16CLC,,,,
13046,"2,842,396",14.319317,CTYLAK,FORLAK,T13WAC,R13WAC,C03532,,,U04118,M48VOL,F22WAC,L14WAC,,S03LRE,,,,WTRCLC,,,393SSA,,,,B16CLC,,,,
13047,,13.731769,CTYLAK,FORLAK,T13WAC,R13WAC,C03532,,,U04118,,F22WAC,L14WAC,,S03LRE,,,,,,,393SSA,,,,,,,,
13048,"477,874",14.319317,CTYLAK,FORLAK,T13WAC,R13WAC,C03532,,,U04118,M48VOL,F22WAC,L14WAC,,S03LRE,,,,WTRCLC,,,393SSA,395SSA,,,B16CLC,,,,
13049,"150,316",10.466139,CTYLAK,FORLAK,T13WAC,R13WAC,C03532,,,U04118,M51WAC,F22WAC,L14WAC,,,,,,WTRCLC,X41TIF,,,,,,B16CLC,,,,
13050,"13,341,669",10.911571,CTYLAK,FORLAK,T13WAC,R13WAC,C03532,,,U04118,M51WAC,F22WAC,L14WAC,P19WAC,,,,,WTRCLC,X41TIF,,,,,,B16CLC,,,,
13051,"2,265,374",7.437923,CTYLAK,FORLAK,T13WAC,R13WAC,C03532,,,U06220,M22LBA,F22WAC,L14WAC,,,,,,,,,222SSA,,,,,,,,
13052,"54,305,787",9.581392,CTYLAK,FORLAK,T13WAC,R13WAC,C03532,,,U04118,M48VOL,F22WAC,L14WAC,,S03LRE,,,,WTRCLC,,,397SSA,,,,B16CLC,,,,
13053,"1,551,914",9.380158,CTYLAK,FORLAK,T13WAC,R13WAC,C03532,,,U04118,M27LAK,F22WAC,L14WAC,,,,,,,X21TIF,,,,,,,,,,
13054,"8,900",9.380158,CTYLAK,FORLAK,T13WAC,R13WAC,C03532,,,U04118,M27LAK,F22WAC,L14WAC,,,,,,,X22TIF,,,,,,,,,,
13055,,9.380243,CTYLAK,FORLAK,T13WAC,R13WAC,C03532,,,U04118,M27LAK,F22WAC,L14WAC,,S03LRE,,,,,X22TIF,,,,,,,,,,
13056, -   ,9.405277,CTYLAK,FORLAK,T13WAC,R13WAC,C03532,,,U04118,M27LAK,F22WAC,L14WAC,,S06NMO,,,,,X21TIF,,,,,,,,,,
13057,"14,376",9.405277,CTYLAK,FORLAK,T13WAC,R13WAC,C03532,,,U04118,M27LAK,F22WAC,L14WAC,,S06NMO,,,,,X22TIF,,,,,,,,,,
13058, -   ,9.380243,CTYLAK,FORLAK,T13WAC,R13WAC,C03532,,,U04118,M27LAK,F22WAC,L14WAC,,S03LRE,,,,,X21TIF,,,,,,,,,,
13059,"3,596",9.317793,CTYLAK,FORLAK,T13WAC,R13WAC,C03532,,,U04118,M27LAK,F09FLA,L14WAC,,S06NMO,,,,,,,,,,,,,,,
14001,"157,363,459",7.644172,CTYLAK,FORLAK,T14CUB,R14CUB,C01512,,,U06220,M04BAR,,L02BAR,P02BAR,,,,,,,,,,,,,,,,
14002,"5,157,560",7.644172,CTYLAK,FORLAK,T14CUB,R14CUB,C01512,,,U06220,M04BAR,,L02BAR,P02BAR,,,,,,,,111SSA,,,,,,,,
14003,"88,873,673",6.840662,CTYLAK,FORLAK,T14CUB,R14CUB,C01512,,,U06220,,F04BCO,L02BAR,,,,,,,,,,,,,,,,,
14004,"7,997,093",8.035448,CTYLAK,FORLAK,T14CUB,R14CUB,C01512,,,U06220,M47TOL,F22WAC,L02BAR,,,,,,,,,,,,,,,,,
14005,"15,242,803",7.860668,CTYLAK,FORLAK,T14CUB,R14CUB,C01512,,,U06220,M04BAR,,L02BAR,P02BAR,,,,,,,,112SSA,,,,,,,,
14006,"22,085,074",7.585567,CTYLAK,FORLAK,T14CUB,R14CUB,C01512,,,U06220,,F04BCO,L02BAR,P02BAR,,,,,,,,,,,,,,,,
14007,"319,933",7.744172,CTYLAK,FORLAK,T14CUB,R14CUB,C01512,,,U06220,M04BAR,,L02BAR,P02BAR,,,,,,,,110SSA,,,,,,,,
14008,"1,466,403",7.744172,CTYLAK,FORLAK,T14CUB,R14CUB,C01512,,,U06220,M04BAR,,L02BAR,P02BAR,,,,,,,,110SSA,111SSA,,,,,,,
14009,,7.802063,CTYLAK,FORLAK,T14CUB,R14CUB,C01512,,,U06220,,F04BCO,L02BAR,P02BAR,,,,,,,,112SSA,,,,,,,,
14010,"19,436,189",6.905114,CTYLAK,FORLAK,T14CUB,R14CUB,C01512,,,U06220,,F14LZU,L02BAR,,,,,,,,,,,,,,,,,
14011,"780,221",7.118761,CTYLAK,FORLAK,T14CUB,R14CUB,C01512,,,U06220,M34NBA,F04BCO,L02BAR,,,,,,,,,,,,,,,,,
14012,,7.149758,CTYLAK,FORLAK,T14CUB,R14CUB,C01512,,,U06220,M34NBA,F04BCO,L02BAR,P11LBC,,,,,,,,,,,,,,,,
14013,"148,753",6.887682,CTYLAK,FORLAK,T14CUB,R14CUB,C01512,,,U06220,,F04BCO,L02BAR,P03BHI,,,,,,,,,,,,,,,,
14016,"59,913,528",7.854552,CTYLAK,FORLAK,T14CUB,R14CUB,C01512,,,U06220,M05BHI,F04BCO,L02BAR,P03BHI,,,,,,,,,,,,,,,,
14017,"6,673,262",8.552437,CTYLAK,FORLAK,T14CUB,R14CUB,C01512,,,U06220,M05BHI,F04BCO,L02BAR,P02BAR,,,,,,,,,,,,,,,,
14019,"145,488,597",7.368177,CTYLAK,FORLAK,T14CUB,R14CUB,C01512,,,U06220,M22LBA,F22WAC,L02BAR,P11LBC,,,,,,,,,,,,,,,,
14020,,8.066445,CTYLAK,FORLAK,T14CUB,R14CUB,C01512,,,U06220,M47TOL,F22WAC,L02BAR,P11LBC,,,,,,,,,,,,,,,,
14021,"903,496",7.045714,CTYLAK,FORLAK,T14CUB,R14CUB,C01512,,,U06220,,F22WAC,L02BAR,P11LBC,,,,,,,,,,,,,,,,
14022, -   ,7.323813,CTYLAK,FORLAK,T14CUB,R14CUB,C01512,,,U06220,M34NBA,F22WAC,L02BAR,P11LBC,,,,,,,,,,,,,,,,
14023,"1,992,327",7.21421,CTYLAK,FORLAK,T14CUB,R14CUB,C01512,,,U06220,M34NBA,F14LZU,L02BAR,P11LBC,,,,,,,,,,,,,,,,
14024,"71,493,790",7.194122,CTYLAK,FORLAK,T14CUB,R14CUB,C01512,,,U06220,M22LBA,F04BCO,L02BAR,P11LBC,,,,,,,,,,,,,,,,
14025,"105,855,180",7.183213,CTYLAK,FORLAK,T14CUB,R14CUB,C01512,,,U06220,M34NBA,F14LZU,L02BAR,,,,,,,,,,,,,,,,,
14026,"76,031",6.840662,CTYLAK,FORLAK,T14CUB,R14CUB,C01512,,,U06220,M09DPA,F04BCO,L02BAR,,,,,,,,,,,,,,,,,
14027, -   ,7.585567,CTYLAK,FORLAK,T14CUB,R14CUB,C01512,,,U06220,M09DPA,F04BCO,L02BAR,P02BAR,,,,,,,,,,,,,,,,
14028,"61,909,271",7.014717,CTYLAK,FORLAK,T14CUB,R14CUB,C01512,,,U06220,,F22WAC,L02BAR,,,,,,,,,,,,,,,,,
14029,,6.349676,CTYLAK,FORLAK,T14CUB,R14CUB,C01512,,,U06220,,,L02BAR,,,,,,,,,,,,,,,,,
14030,"9,519,494",7.33718,CTYLAK,FORLAK,T14CUB,R14CUB,C01512,,,U06220,M22LBA,F22WAC,L02BAR,,,,,,,,,,,,,,,,,
14031,,6.672139,CTYLAK,FORLAK,T14CUB,R14CUB,C01512,,,U06220,M22LBA,,L02BAR,,,,,,,,,,,,,,,,,
14032,"5,829,185",7.292816,CTYLAK,FORLAK,T14CUB,R14CUB,C01512,,,U06220,M34NBA,F22WAC,L02BAR,,,,,,,,,,,,,,,,,
14035,,7.897198,CTYLAK,FORLAK,T14CUB,R14CUB,C02528,E07026,H11155,,,F06CAR,,,,,,,,,,,,,,,,,,
14036,,6.936111,CTYLAK,FORLAK,T14CUB,R14CUB,C01512,,,U06220,,F14LZU,L02BAR,P11LBC,,,,,,,,,,,,,,,,
14037,"5,815,089",7.258574,CTYLAK,FORLAK,T14CUB,R14CUB,C01512,,,U06220,M22LBA,F14LZU,L02BAR,P11LBC,,,,,,,,,,,,,,,,
14038,,6.703136,CTYLAK,FORLAK,T14CUB,R14CUB,C01512,,,U06220,M22LBA,,L02BAR,P11LBC,,,,,,,,,,,,,,,,
14039,"13,568,000",6.871659,CTYLAK,FORLAK,T14CUB,R14CUB,C01512,,,U06220,,F04BCO,L02BAR,P11LBC,,,,,,,,,,,,,,,,
14040,"3,296,509",7.163125,CTYLAK,FORLAK,T14CUB,R14CUB,C01512,,,U06220,M22LBA,F04BCO,L02BAR,,,,,,,,,,,,,,,,,
14041,"1,167,528",7.807532,CTYLAK,FORLAK,T14CUB,R14CUB,C01512,,,U06220,M05BHI,F04BCO,L02BAR,,,,,,,,,,,,,,,,,
14042,"1,608,406",7.227577,CTYLAK,FORLAK,T14CUB,R14CUB,C01512,,,U06220,M22LBA,F14LZU,L02BAR,,,,,,,,,,,,,,,,,
14043,"5,313,082",7.368177,CTYLAK,FORLAK,T14CUB,R14CUB,C01512,,,U06220,M22LBA,F22WAC,L02BAR,P11LBC,,,,,,,,211SSA,,,,,,,,
14044,"637,147",7.183213,CTYLAK,FORLAK,T14CUB,R14CUB,C01512,,,U06220,M34NBA,F14LZU,L02BAR,,,,,,,,,335SSA,,,,,,,,
14045,,6.899267,CTYLAK,FORLAK,T14CUB,R14CUB,C01512,,,U06220,M04BAR,,L02BAR,,,,,,,,,,,,,,,,,
14046,"2,606,158",7.183213,CTYLAK,FORLAK,T14CUB,R14CUB,C01512,,,U06220,M34NBA,F14LZU,L02BAR,,,,,,,,,337SSA,,,,,,,,
14047,"8,914,277",7.336186,CTYLAK,FORLAK,T14CUB,R14CUB,C01512,,,U06220,M40PBA,F22WAC,L02BAR,,,,,,,,,,,,,,,,,
14048,"263,825",7.476642,CTYLAK,FORLAK,T14CUB,R14CUB,C01512,,,U06220,M11FRG,F04BCO,L02BAR,,,,,,,,,,,,,,,,,
14049,"2,986,276",7.194122,CTYLAK,FORLAK,T14CUB,R14CUB,C01512,,,U06220,M22LBA,F04BCO,L02BAR,P11LBC,,,,,,,,212SSA,,,,,,,,
14050,,7.673057,CTYLAK,FORLAK,T14CUB,R14CUB,C01512,,,U06220,M11FRG,F10FRG,L02BAR,,,,,,,,,,,,,,,,,
14051,"6,948,500",7.695298,CTYLAK,FORLAK,T14CUB,R14CUB,C01512,,,U06220,M11FRG,F10FRG,L02BAR,,,,,,,,,166SSA,,,,,,,,
14052,"26,003,112",7.194122,CTYLAK,FORLAK,T14CUB,R14CUB,C01512,,,U06220,M22LBA,F04BCO,L02BAR,P11LBC,,,,,,,,213SSA,,,,,,,,
14053,"12,811,816",7.163125,CTYLAK,FORLAK,T14CUB,R14CUB,C01512,,,U06220,M22LBA,F04BCO,L02BAR,,,,,,,,,213SSA,,,,,,,,
14054,,8.035448,CTYLAK,FORLAK,T14CUB,R14CUB,C01512,,,U06220,M47TOL,F22WAC,L02BAR,,,,,,,,,383SSA,,,,,,,,
14055,,8.066445,CTYLAK,FORLAK,T14CUB,R14CUB,C01512,,,U06220,M47TOL,F22WAC,L02BAR,P11LBC,,,,,,,,383SSA,,,,,,,,
14056,"43,718,104",8.137953,CTYLAK,FORLAK,T14CUB,R14CUB,C02528,E07026,H11155,,,F06CAR,L03CAR,,,,,,,,,,,,,,,,,
14057,"2,020,290",7.368177,CTYLAK,FORLAK,T14CUB,R14CUB,C01512,,,U06220,M22LBA,F22WAC,L02BAR,P11LBC,,,,,,,,214SSA,,,,,,,,
14058,"1,189,969",7.368177,CTYLAK,FORLAK,T14CUB,R14CUB,C01512,,,U06220,M22LBA,F22WAC,L02BAR,P11LBC,,,,,,,,215SSA,,,,,,,,
14059,"634,954",7.194122,CTYLAK,FORLAK,T14CUB,R14CUB,C01512,,,U06220,M22LBA,F04BCO,L02BAR,P11LBC,,,,,,,,215SSA,,,,,,,,
14060,"1,228,740",7.33718,CTYLAK,FORLAK,T14CUB,R14CUB,C01512,,,U06220,M22LBA,F22WAC,L02BAR,,,,,,,,,216SSA,,,,,,,,
14061,"9,616,163",7.194122,CTYLAK,FORLAK,T14CUB,R14CUB,C01512,,,U06220,M22LBA,F04BCO,L02BAR,P11LBC,,,,,,,,217SSA,,,,,,,,
14062,,7.644172,CTYLAK,FORLAK,T14CUB,R14CUB,C01512,,,U06220,M04BAR,,L02BAR,P02BAR,,,,,,,,103SSA,,,,,,,,
14063,"14,806,649",7.601586,CTYLAK,FORLAK,T14CUB,R14CUB,C01512,,,U06220,M11FRG,F04BCO,L02BAR,,,,,,,,,167SSA,,,,,,,,
14064,"2,510,361",7.644172,CTYLAK,FORLAK,T14CUB,R14CUB,C01512,,,U06220,M04BAR,,L02BAR,P02BAR,,,,,,X03TIF,,,,,,,,,,
14065,"2,796,923",7.644172,CTYLAK,FORLAK,T14CUB,R14CUB,C01512,,,U06220,M04BAR,,L02BAR,P02BAR,,,,,,X03TIF,,111SSA,,,,,,,,
14066,"3,768,641",7.744172,CTYLAK,FORLAK,T14CUB,R14CUB,C01512,,,U06220,M04BAR,,L02BAR,P02BAR,,,,,,X03TIF,,110SSA,111SSA,,,,,,,
14067,,7.744172,CTYLAK,FORLAK,T14CUB,R14CUB,C01512,,,U06220,M04BAR,,L02BAR,P02BAR,,,,,,X03TIF,,110SSA,,,,,,,,
14068,"8,742,732",7.163125,CTYLAK,FORLAK,T14CUB,R14CUB,C01512,,,U06220,M22LBA,F04BCO,L02BAR,,,,,,,,,218SSA,,,,,,,,
14069,"1,076,226",7.368177,CTYLAK,FORLAK,T14CUB,R14CUB,C01512,,,U06220,M22LBA,F22WAC,L02BAR,P11LBC,,,,,,,,219SSA,,,,,,,,
14070,,7.33718,CTYLAK,FORLAK,T14CUB,R14CUB,C01512,,,U06220,M22LBA,F22WAC,L02BAR,,,,,,,,,219SSA,,,,,,,,
14071,"2,770,211",7.642695,CTYLAK,FORLAK,T14CUB,R14CUB,C01512,,,U06220,M11FRG,F04BCO,L02BAR,,,,,,,,,168SSA,,,,,,,,
14072,"1,570,422",7.183213,CTYLAK,FORLAK,T14CUB,R14CUB,C01512,,,U06220,M34NBA,F14LZU,L02BAR,,,,,,,,,335SSA,338SSA,,,,,,,
14073,"6,681,605",7.163125,CTYLAK,FORLAK,T14CUB,R14CUB,C01512,,,U06220,M22LBA,F04BCO,L02BAR,,,,,,,,,220SSA,,,,,,,,
14074,,7.194122,CTYLAK,FORLAK,T14CUB,R14CUB,C01512,,,U06220,M22LBA,F04BCO,L02BAR,P11LBC,,,,,,,,220SSA,,,,,,,,
14075,"22,415,793",7.644172,CTYLAK,FORLAK,T14CUB,R14CUB,C01512,,,U06220,M04BAR,,L02BAR,P02BAR,,,,,,,,103SSA,105SSA,,,,,,,
14076,,7.644172,CTYLAK,FORLAK,T14CUB,R14CUB,C01512,,,U06220,M04BAR,,L02BAR,P02BAR,,,,,,,,105SSA,,,,,,,,
14077,,7.644172,CTYLAK,FORLAK,T14CUB,R14CUB,C01512,,,U06220,M04BAR,,L02BAR,P02BAR,,,,,,,,103SSA,106SSA,,,,,,,
14078,,7.644172,CTYLAK,FORLAK,T14CUB,R14CUB,C01512,,,U06220,M04BAR,,L02BAR,P02BAR,,,,,,,,106SSA,,,,,,,,
14079,"14,782,229",7.368177,CTYLAK,FORLAK,T14CUB,R14CUB,C01512,,,U06220,M22LBA,F22WAC,L02BAR,P11LBC,,,,,,,,210SSA,,,,,,,,
14080,"529,617",7.194122,CTYLAK,FORLAK,T14CUB,R14CUB,C01512,,,U06220,M22LBA,F04BCO,L02BAR,P11LBC,,,,,,,,209SSA,,,,,,,,
14081,"680,723",7.183213,CTYLAK,FORLAK,T14CUB,R14CUB,C01512,,,U06220,M34NBA,F14LZU,L02BAR,,,,,,,,,340SSA,,,,,,,,
14082,,8.135158,CTYLAK,FORLAK,T14CUB,R14CUB,C01512,,,U06220,M04BAR,F04BCO,L02BAR,P02BAR,,,,,,,,,,,,,,,,
14083,"809,813",8.552437,CTYLAK,FORLAK,T14CUB,R14CUB,C01512,,,U06220,M05BHI,F04BCO,L02BAR,P02BAR,,,,,,,,109SSA,,,,,,,,
14084,,7.644172,CTYLAK,FORLAK,T14CUB,R14CUB,C01512,,,U06220,M04BAR,,L02BAR,P02BAR,,,,,,,,107SSA,,,,,,,,
14085,"1,960,531",7.644172,CTYLAK,FORLAK,T14CUB,R14CUB,C01512,,,U06220,M04BAR,,L02BAR,P02BAR,,,,,,,,104SSA,107SSA,,,,,,,
14086,,7.163125,CTYLAK,FORLAK,T14CUB,R14CUB,C01512,,,U06220,M22LBA,F04BCO,L02BAR,,,,,,,,,221SSA,,,,,,,,
14087,"3,801,613",7.163125,CTYLAK,FORLAK,T14CUB,R14CUB,C01512,,,U06220,M22LBA,F04BCO,L02BAR,,,,,,,,,213SSA,221SSA,,,,,,,
14088,"3,071,527",7.644172,CTYLAK,FORLAK,T14CUB,R14CUB,C01512,,,U06220,M04BAR,,L02BAR,P02BAR,,,,,,,,108SSA,,,,,,,,
14089,,7.292816,CTYLAK,FORLAK,T14CUB,R14CUB,C01512,,,U06220,M34NBA,F22WAC,L02BAR,,,,,,,,,334SSA,,,,,,,,
14090,"2,062,621",7.118761,CTYLAK,FORLAK,T14CUB,R14CUB,C01512,,,U06220,M34NBA,F04BCO,L02BAR,,,,,,,,,341SSA,,,,,,,,
14091,"7,130,065",7.368177,CTYLAK,FORLAK,T14CUB,R14CUB,C01512,,,U06220,M22LBA,F22WAC,L02BAR,P11LBC,,,,,,,,222SSA,,,,,,,,
14092,"55,774,808",8.035448,CTYLAK,FORLAK,T14CUB,R14CUB,C01512,,,U06220,M47TOL,F22WAC,L02BAR,,,,,,,,,384SSA,,,,,,,,
14093,"620,154",8.066445,CTYLAK,FORLAK,T14CUB,R14CUB,C01512,,,U06220,M47TOL,F22WAC,L02BAR,P11LBC,,,,,,,,384SSA,,,,,,,,
14094,"56,008,325",7.292816,CTYLAK,FORLAK,T14CUB,R14CUB,C01512,,,U06220,M34NBA,F22WAC,L02BAR,,,,,,,,,334SSA,413SSA,,,,,,,
15001,"7,061,307",10.096228,CTYLAK,FORLAK,T15ELA,R15ELA,C03532,E24076,H07125,,M31LGR,F07COU,L05ELA,P14LGR,,,,,,,,,,,,B09COU,,,,
15002,"8,274,722",6.761269,CTYLAK,FORLAK,T15ELA,R15ELA,C01512,,,U06220,,F14LZU,L02BAR,,,,,,,,,,,,,,,,,
15003,"198,212",6.696817,CTYLAK,FORLAK,T15ELA,R15ELA,C01512,,,U06220,,F04BCO,L02BAR,,,,,,,,,,,,,,,,,
15004,"78,324",10.096228,CTYLAK,FORLAK,T15ELA,R15ELA,C03532,E24076,H07125,,,F07COU,L05ELA,,,,,,,,,,,,,B09COU,,,,
15005, -   ,6.696817,CTYLAK,FORLAK,T15ELA,R15ELA,C01512,,,U06220,M09DPA,F04BCO,L02BAR,,,,,,,,,,,,,,,,,
15006,"11,886,050",10.568767,CTYLAK,FORLAK,T15ELA,R15ELA,C03532,E24076,H07125,,,F07COU,L05ELA,P15MUN,,,,,,,,,,,,B09COU,B15MUN,,,
15008,,6.755422,CTYLAK,FORLAK,T15ELA,R15ELA,C01512,,,U06220,M04BAR,,L02BAR,,,,,,,,,,,,,,,,,
15009,"89,077,114",7.500327,CTYLAK,FORLAK,T15ELA,R15ELA,C01512,,,U06220,M04BAR,,L02BAR,P02BAR,,,,,,,,,,,,,,,,
15014, -   ,9.741196,CTYLAK,FORLAK,T15ELA,R15ELA,C03532,E26096,H07125,,M31LGR,F17LGR,L12VER,,,,,,,,,,,,,,,,,
15015,,9.497663,CTYLAK,FORLAK,T15ELA,R15ELA,C03532,E26096,H07125,,,F07COU,L05ELA,,,,,,,,,,,,,B09COU,,,,
15016,"5,001,784",9.420356,CTYLAK,FORLAK,T15ELA,R15ELA,C03532,E26096,H07125,,,F14LZU,L05ELA,,,,,,,,,,,,,,,,,
15017,"389,196",9.741196,CTYLAK,FORLAK,T15ELA,R15ELA,C03532,E26096,H07125,,,F17LGR,L12VER,,,,,,,,,,,,,,,,,
15018,"35,206,775",9.751971,CTYLAK,FORLAK,T15ELA,R15ELA,C03532,E26096,H07125,,,F17LGR,L05ELA,,,,,,,,,,,,,,,,,
15019,"1,534,338",9.741196,CTYLAK,FORLAK,T15ELA,R15ELA,C03532,E26096,H07125,,,F17LGR,L12VER,P14LGR,,,,,,,,,,,,,,,,
15020,"100,611",9.751971,CTYLAK,FORLAK,T15ELA,R15ELA,C03532,E26096,H07125,,,F17LGR,L05ELA,P14LGR,,,,,,,,,,,,,,,,
15021,,10.415023,CTYLAK,FORLAK,T15ELA,R15ELA,C03532,E26096,H07125,,M16HWO,F17LGR,L05ELA,,,,,,,,,,,,,,,,,
15022,,10.160715,CTYLAK,FORLAK,T15ELA,R15ELA,C03532,E26096,H07125,,M16HWO,F07COU,L05ELA,,,,,,,,,,,,,B09COU,,,,
15023,"8,615",9.751971,CTYLAK,FORLAK,T15ELA,R15ELA,C03532,E26096,H07125,,M31LGR,F17LGR,L05ELA,,,,,,,,,,,,,,,,,
15025,"104,352,646",9.721522,CTYLAK,FORLAK,T15ELA,R15ELA,C03532,E26096,H07125,,M21KIL,F14LZU,L05ELA,,,,,,,,,,,,,,,,,
15026, -   ,9.420356,CTYLAK,FORLAK,T15ELA,R15ELA,C03532,E26096,H07125,,,F14LZU,L05ELA,,,,,,,,,144SSA,,,,,,,,
15027,"44,621,821",10.053137,CTYLAK,FORLAK,T15ELA,R15ELA,C03532,E26096,H07125,,M21KIL,F17LGR,L05ELA,,,,,,,,,,,,,,,,,
15028,"140,369,045",9.741196,CTYLAK,FORLAK,T15ELA,R15ELA,C03532,E26096,H07125,,M31LGR,F17LGR,L12VER,P14LGR,,,,,,,,,,,,,,,,
15030,"85,819,587",6.761269,CTYLAK,FORLAK,T15ELA,R15ELA,C01512,,,U06220,M09DPA,F14LZU,L02BAR,,,,,,,,,,,,,,,,,
15031,"28,719,242",9.751971,CTYLAK,FORLAK,T15ELA,R15ELA,C03532,E26096,H07125,,M31LGR,F17LGR,L05ELA,P14LGR,,,,,,,,,,,,,,,,
15038,,9.751971,CTYLAK,FORLAK,T15ELA,R15ELA,C03532,E26096,H07125,,,F17LGR,L05ELA,,,,,,,,,144SSA,,,,,,,,
15039,"7,862,102",9.486888,CTYLAK,FORLAK,T15ELA,R15ELA,C03532,E26096,H07125,,M31LGR,F07COU,L12VER,P14LGR,,,,,,,,,,,,B09COU,,,,
15040,"25,530,276",9.944188,CTYLAK,FORLAK,T15ELA,R15ELA,C03532,E26096,H07125,,M26LZU,,L05ELA,,,,,,,,,,,,,,,,,
15042,"9,831,712",10.085453,CTYLAK,FORLAK,T15ELA,R15ELA,C03532,E24076,H07125,,M31LGR,F07COU,L12VER,P14LGR,,,,,,,,,,,,B09COU,,,,
15044,,7.35422,CTYLAK,FORLAK,T15ELA,R15ELA,C03532,,,U02095,,F14LZU,L05ELA,,,,,,,,,144SSA,,,,,,,,
15045,,9.497663,CTYLAK,FORLAK,T15ELA,R15ELA,C03532,E26096,H07125,,M31LGR,F07COU,L05ELA,,,,,,,,,,,,,B09COU,,,,
15047,"917,411",9.073065,CTYLAK,FORLAK,T15ELA,R15ELA,C03532,E25079,H07125,,M16HWO,F07COU,L05ELA,,,,,,,,,,,,,B09COU,,,,
15048,"14,084,436",8.410013,CTYLAK,FORLAK,T15ELA,R15ELA,C03532,E25079,H07125,,,F07COU,L05ELA,,,,,,,,,,,,,B09COU,,,,
15049,"1,782,011",8.399238,CTYLAK,FORLAK,T15ELA,R15ELA,C03532,E25079,H07125,,M31LGR,F07COU,L12VER,P14LGR,,,,,,,,,,,,B09COU,,,,
15053,,8.882552,CTYLAK,FORLAK,T15ELA,R15ELA,C03532,E25079,H07125,,,F07COU,L05ELA,P15MUN,,,,,,,,,,,,B09COU,B15MUN,,,
15054,"110,492,756",7.35422,CTYLAK,FORLAK,T15ELA,R15ELA,C03532,,,U02095,,F14LZU,L05ELA,,,,,,,,,,,,,,,,,
15055,"204,803",8.126875,CTYLAK,FORLAK,T15ELA,R15ELA,C03532,,,U02095,M16HWO,F22WAC,L05ELA,,,,,,,,,,,,,,,,,
15056,"4,866,190",7.431527,CTYLAK,FORLAK,T15ELA,R15ELA,C03532,,,U02095,,F07COU,L05ELA,,,,,,,,,,,,,B09COU,,,,
15057,"14,029,086",7.463823,CTYLAK,FORLAK,T15ELA,R15ELA,C03532,,,U02095,,F22WAC,L05ELA,,,,,,,,,,,,,,,,,
15058,"6,586,434",7.59751,CTYLAK,FORLAK,T15ELA,R15ELA,C03532,,,U02095,,F17LGR,L02BAR,,,,,,,,,,,,,,,,,
15059,"799,162,168",7.878052,CTYLAK,FORLAK,T15ELA,R15ELA,C03532,,,U02095,M26LZU,,L05ELA,,,,,,,,,,,,,,,,,
15060,"9,639,808",7.567061,CTYLAK,FORLAK,T15ELA,R15ELA,C03532,,,U02095,M21KIL,F14LZU,L02BAR,,,,,,,,,,,,,,,,,
15061, -   ,8.094579,CTYLAK,FORLAK,T15ELA,R15ELA,C03532,,,U02095,M16HWO,F07COU,L05ELA,,,,,,,,,,,,,B09COU,,,,
15062,"3,988,187",8.017272,CTYLAK,FORLAK,T15ELA,R15ELA,C03532,,,U02095,M16HWO,F14LZU,L05ELA,,,,,,,,,,,,,,,,,
15063,"144,890,879",7.655386,CTYLAK,FORLAK,T15ELA,R15ELA,C03532,,,U02095,M21KIL,F14LZU,L05ELA,,,,,,,,,,,,,,,,,
15064,"119,590,250",7.265895,CTYLAK,FORLAK,T15ELA,R15ELA,C03532,,,U02095,M09DPA,F14LZU,L02BAR,,,,,,,,,,,,,,,,,
15065,"3,980,707",7.543994,CTYLAK,FORLAK,T15ELA,R15ELA,C03532,,,U02095,M34NBA,F14LZU,L02BAR,,,,,,,,,,,,,,,,,
15066,"1,888",6.710457,CTYLAK,FORLAK,T15ELA,R15ELA,C03532,,,U02095,M09DPA,,L02BAR,,,,,,,,,,,,,,,,,
15067,"117,472",8.348887,CTYLAK,FORLAK,T15ELA,R15ELA,C03532,,,U02095,M16HWO,F17LGR,L05ELA,,,,,,,,,,,,,,,,,
15068,"394,942",7.59751,CTYLAK,FORLAK,T15ELA,R15ELA,C03532,,,U02095,M09DPA,F17LGR,L02BAR,,,,,,,,,,,,,,,,,
15069,"35,368,220",7.987001,CTYLAK,FORLAK,T15ELA,R15ELA,C03532,,,U02095,M21KIL,F17LGR,L05ELA,,,,,,,,,,,,,,,,,
15070,"2,623,309",7.265895,CTYLAK,FORLAK,T15ELA,R15ELA,C03532,,,U02095,,F14LZU,L02BAR,,,,,,,,,,,,,,,,,
15071,,7.023512,CTYLAK,FORLAK,T15ELA,R15ELA,C03532,,,U02095,M09DPA,F14LZU,,,,,,,,,,,,,,,,,,
15072,"678,216",7.685835,CTYLAK,FORLAK,T15ELA,R15ELA,C03532,,,U02095,,F17LGR,L05ELA,,,,,,,,,,,,,,,,,
15073,"43,648,870",7.789727,CTYLAK,FORLAK,T15ELA,R15ELA,C03532,,,U02095,M26LZU,,L02BAR,,,,,,,,,,,,,,,,,
15074, -   ,7.506174,CTYLAK,FORLAK,T15ELA,R15ELA,C01512,,,U06220,M09DPA,F14LZU,L02BAR,P02BAR,,,,,,,,,,,,,,,,
15075,"234,689",7.35422,CTYLAK,FORLAK,T15ELA,R15ELA,C03532,,,U02095,M09DPA,F14LZU,L05ELA,,,,,,,,,,,,,,,,,
15076,"5,800,359",7.741922,CTYLAK,FORLAK,T15ELA,R15ELA,C03532,,,U02095,M34NBA,F22WAC,L05ELA,,,,,,,,,,,,,,,,,
15077,,9.420356,CTYLAK,FORLAK,T15ELA,R15ELA,C03532,E26096,H07125,,M31LGR,F14LZU,L05ELA,,,,,,,,,,,,,,,,,
15078,,10.096228,CTYLAK,FORLAK,T15ELA,R15ELA,C03532,E24076,H07125,,M31LGR,F07COU,L05ELA,,,,,,,,,,,,,B09COU,,,,
15079,,6.659636,CTYLAK,FORLAK,T15ELA,R15ELA,C03532,,,U06220,M09DPA,F14LZU,L02BAR,,,,,,,,,,,,,,,,,
15080, -   ,10.568767,CTYLAK,FORLAK,T15ELA,R15ELA,C03532,E24076,H07125,,M31LGR,F07COU,L05ELA,P15MUN,,,,,,,,,,,,B09COU,B15MUN,,,
15081,,7.878052,CTYLAK,FORLAK,T15ELA,R15ELA,C03532,,,U02095,M26LZU,,L05ELA,,,,,,,,,254SSA,,,,,,,,
15082,"35,484,129",9.497663,CTYLAK,FORLAK,T15ELA,R15ELA,C03532,E26096,H07125,,M31LGR,F07COU,L05ELA,P14LGR,,,,,,,,,,,,B09COU,,,,
15083,,9.420356,CTYLAK,FORLAK,T15ELA,R15ELA,C03532,E26096,H07125,,M31LGR,F14LZU,L05ELA,P14LGR,,,,,,,,,,,,,,,,
15084, -   ,8.410013,CTYLAK,FORLAK,T15ELA,R15ELA,C03532,E25079,H07125,,M31LGR,F07COU,L05ELA,,,,,,,,,,,,,B09COU,,,,
15085,"2,470,911",7.543994,CTYLAK,FORLAK,T15ELA,R15ELA,C03532,,,U02095,M34NBA,F14LZU,L02BAR,,,,,,,,,335SSA,,,,,,,,
15086,"3,607,776",7.543994,CTYLAK,FORLAK,T15ELA,R15ELA,C03532,,,U02095,M34NBA,F14LZU,L02BAR,,,,,,,,,336SSA,,,,,,,,
15087,,8.017272,CTYLAK,FORLAK,T15ELA,R15ELA,C03532,,,U02095,M16HWO,F14LZU,L05ELA,,,,,,,,,144SSA,,,,,,,,
15088,"17,853,602",8.882552,CTYLAK,FORLAK,T15ELA,R15ELA,C03532,E25079,H07125,,M31LGR,F07COU,L05ELA,P15MUN,,,,,,,,,,,,B09COU,B15MUN,,,
15089,,9.944188,CTYLAK,FORLAK,T15ELA,R15ELA,C03532,E26096,H07125,,M26LZU,,L05ELA,,,,,,,,,144SSA,,,,,,,,
15090,,9.721522,CTYLAK,FORLAK,T15ELA,R15ELA,C03532,E26096,H07125,,M21KIL,F14LZU,L05ELA,,,,,,,,,144SSA,,,,,,,,
15091,"3,154,141",7.632319,CTYLAK,FORLAK,T15ELA,R15ELA,C03532,,,U02095,M34NBA,F14LZU,L05ELA,,,,,,,,,,,,,,,,,
15092,,7.265895,CTYLAK,FORLAK,T15ELA,R15ELA,C03532,,,U02095,M09DPA,F14LZU,L02BAR,,,,,,,,,157SSA,,,,,,,,
15093,,7.59751,CTYLAK,FORLAK,T15ELA,R15ELA,C03532,,,U02095,M09DPA,F17LGR,L02BAR,,,,,,,,,157SSA,,,,,,,,
15094,,7.265895,CTYLAK,FORLAK,T15ELA,R15ELA,C03532,,,U02095,,F14LZU,L02BAR,,,,,,,,,157SSA,,,,,,,,
15095,,7.265895,CTYLAK,FORLAK,T15ELA,R15ELA,C03532,,,U02095,,F14LZU,L02BAR,,,,,,,,,159SSA,,,,,,,,
15096,,7.265895,CTYLAK,FORLAK,T15ELA,R15ELA,C03532,,,U02095,M09DPA,F14LZU,L02BAR,,,,,,,,,157SSA,159SSA,,,,,,,
15097, -   ,7.265895,CTYLAK,FORLAK,T15ELA,R15ELA,C03532,,,U02095,M09DPA,F14LZU,L02BAR,,,,,,,,,159SSA,,,,,,,,
15098,,7.265895,CTYLAK,FORLAK,T15ELA,R15ELA,C03532,,,U02095,M09DPA,F14LZU,L02BAR,,,,,,,,,157SSA,158SSA,,,,,,,
15099,"949,905",7.265895,CTYLAK,FORLAK,T15ELA,R15ELA,C03532,,,U02095,M09DPA,F14LZU,L02BAR,,,,,,,,,158SSA,,,,,,,,
15100,,7.265895,CTYLAK,FORLAK,T15ELA,R15ELA,C03532,,,U02095,M09DPA,F14LZU,L02BAR,,,,,,,,,157SSA,160SSA,,,,,,,
15101,"276,363",8.410013,CTYLAK,FORLAK,T15ELA,R15ELA,C03532,E25079,H07125,,M31LGR,F07COU,L05ELA,P14LGR,,,,,,,,,,,,B09COU,,,,
15102,,7.878052,CTYLAK,FORLAK,T15ELA,R15ELA,C03532,,,U02095,M26LZU,,L05ELA,,,,,,,,,255SSA,,,,,,,,
15103,"8,812,221",7.992723,CTYLAK,FORLAK,T15ELA,R15ELA,C03532,,,U02095,M26LZU,,L05ELA,,,,,,,,,256SSA,,,,,,,,
15104,"5,749,717",8.085889,CTYLAK,FORLAK,T15ELA,R15ELA,C03532,,,U02095,M26LZU,,L05ELA,,,,,,,,,257SSA,,,,,,,,
15105,,8.085889,CTYLAK,FORLAK,T15ELA,R15ELA,C03532,,,U02095,M26LZU,,L05ELA,,,,,,,,,254SSA,257SSA,,,,,,,
15106,"2,457,997",7.918736,CTYLAK,FORLAK,T15ELA,R15ELA,C03532,,,U02095,M26LZU,,L05ELA,,,,,,,,,248SSA,,,,,,,,
15107,,7.265895,CTYLAK,FORLAK,T15ELA,R15ELA,C03532,,,U02095,M09DPA,F14LZU,L02BAR,,,,,,,,,157SSA,163SSA,,,,,,,
15108,,7.265895,CTYLAK,FORLAK,T15ELA,R15ELA,C03532,,,U02095,M09DPA,F14LZU,L02BAR,,,,,,,,,157SSA,158SSA,163SSA,,,,,,
15109,,7.265895,CTYLAK,FORLAK,T15ELA,R15ELA,C03532,,,U02095,M09DPA,F14LZU,L02BAR,,,,,,,,,157SSA,160SSA,163SSA,,,,,,
15110,,7.265895,CTYLAK,FORLAK,T15ELA,R15ELA,C03532,,,U02095,M09DPA,F14LZU,L02BAR,,,,,,,,,157SSA,158SSA,161SSA,,,,,,
15111,,7.265895,CTYLAK,FORLAK,T15ELA,R15ELA,C03532,,,U02095,M09DPA,F14LZU,L02BAR,,,,,,,,,157SSA,159SSA,162SSA,,,,,,
15112,,7.265895,CTYLAK,FORLAK,T15ELA,R15ELA,C03532,,,U02095,M09DPA,F14LZU,L02BAR,,,,,,,,,157SSA,158SSA,162SSA,,,,,,
15113,,7.265895,CTYLAK,FORLAK,T15ELA,R15ELA,C03532,,,U02095,M09DPA,F14LZU,L02BAR,,,,,,,,,160SSA,,,,,,,,
15114,,7.265895,CTYLAK,FORLAK,T15ELA,R15ELA,C03532,,,U02095,M09DPA,F14LZU,L02BAR,,,,,,,,,160SSA,163SSA,,,,,,,
15115,"2,770,486",7.878052,CTYLAK,FORLAK,T15ELA,R15ELA,C03532,,,U02095,M26LZU,,L05ELA,,,,,,,X24TIF,,,,,,,,,,
15116,,7.992723,CTYLAK,FORLAK,T15ELA,R15ELA,C03532,,,U02095,M26LZU,,L05ELA,,,,,,,X24TIF,,256SSA,,,,,,,,
15117,,7.265895,CTYLAK,FORLAK,T15ELA,R15ELA,C03532,,,U02095,M09DPA,F14LZU,L02BAR,,,,,,,,,156SSA,157SSA,163SSA,,,,,,
15118,,7.265895,CTYLAK,FORLAK,T15ELA,R15ELA,C03532,,,U02095,M09DPA,F14LZU,L02BAR,,,,,,,,,156SSA,157SSA,158SSA,163SSA,,,,,
15119,,7.265895,CTYLAK,FORLAK,T15ELA,R15ELA,C03532,,,U02095,M09DPA,F14LZU,L02BAR,,,,,,,,,156SSA,157SSA,160SSA,163SSA,,,,,
15120,,7.265895,CTYLAK,FORLAK,T15ELA,R15ELA,C03532,,,U02095,M09DPA,F14LZU,L02BAR,,,,,,,,,157SSA,158SSA,161SSA,164SSA,,,,,
15121,,7.265895,CTYLAK,FORLAK,T15ELA,R15ELA,C03532,,,U02095,M09DPA,F14LZU,L02BAR,,,,,,,,,157SSA,159SSA,162SSA,165SSA,,,,,
15122,,10.053137,CTYLAK,FORLAK,T15ELA,R15ELA,C03532,E26096,H07125,,M21KIL,F17LGR,L05ELA,P14LGR,,,,,,,,,,,,,,,,
15123,"10,580,049",7.265895,CTYLAK,FORLAK,T15ELA,R15ELA,C03532,,,U02095,M09DPA,F14LZU,L02BAR,,,,,,,,,156SSA,160SSA,163SSA,,,,,,
15124,,10.935549,CTYLAK,FORLAK,T15ELA,R15ELA,C03532,E24076,H07125,,M33MUN,,L05ELA,,,,,,WTRCLC,,,,,,,B16CLC,B17MU2,,,
15125,,11.408088,CTYLAK,FORLAK,T15ELA,R15ELA,C03532,E24076,H07125,,M33MUN,,L05ELA,P15MUN,,,,,WTRCLC,,,,,,,B15MUN,B16CLC,B17MU2,,
15126,"93,117,987",8.017272,CTYLAK,FORLAK,T15ELA,R15ELA,C03532,,,U02095,M16HWO,F14LZU,L05ELA,,,,,,,,,180SSA,,,,,,,,
15127,"14,757,316",8.126875,CTYLAK,FORLAK,T15ELA,R15ELA,C03532,,,U02095,M16HWO,F22WAC,L05ELA,,,,,,,,,180SSA,,,,,,,,
15128,"29,060,932",9.073065,CTYLAK,FORLAK,T15ELA,R15ELA,C03532,E25079,H07125,,M16HWO,F07COU,L05ELA,,,,,,,,,181SSA,,,,B09COU,,,,
15129,"5,061,911",8.094579,CTYLAK,FORLAK,T15ELA,R15ELA,C03532,,,U02095,M16HWO,F07COU,L05ELA,,,,,,,,,181SSA,,,,B09COU,,,,
15130,"120,341,394",8.017272,CTYLAK,FORLAK,T15ELA,R15ELA,C03532,,,U02095,M16HWO,F14LZU,L05ELA,,,,,,,,,181SSA,,,,,,,,
15131,,8.017272,CTYLAK,FORLAK,T15ELA,R15ELA,C03532,,,U02095,M16HWO,F14LZU,L05ELA,,,,,,,,,144SSA,181SSA,,,,,,,
15132,"82,506,404",9.073065,CTYLAK,FORLAK,T15ELA,R15ELA,C03532,E25079,H07125,,M16HWO,F07COU,L05ELA,,,,,,,,,182SSA,,,,B09COU,,,,
15133,"5,716,056",8.017272,CTYLAK,FORLAK,T15ELA,R15ELA,C03532,,,U02095,M16HWO,F14LZU,L05ELA,,,,,,,,,182SSA,,,,,,,,
15134,"17,592,453",8.094579,CTYLAK,FORLAK,T15ELA,R15ELA,C03532,,,U02095,M16HWO,F07COU,L05ELA,,,,,,,,,182SSA,,,,B09COU,,,,
15135,"2,508,246",8.348887,CTYLAK,FORLAK,T15ELA,R15ELA,C03532,,,U02095,M16HWO,F17LGR,L05ELA,,,,,,,,,182SSA,,,,,,,,
15136,"5,708,543",10.415023,CTYLAK,FORLAK,T15ELA,R15ELA,C03532,E26096,H07125,,M16HWO,F17LGR,L05ELA,,,,,,,,,182SSA,,,,,,,,
15137,"3,737,011",10.160715,CTYLAK,FORLAK,T15ELA,R15ELA,C03532,E26096,H07125,,M16HWO,F07COU,L05ELA,,,,,,,,,182SSA,,,,B09COU,,,,
15138,"4,032,811",7.878052,CTYLAK,FORLAK,T15ELA,R15ELA,C03532,,,U02095,M26LZU,,L05ELA,,,,,,,,,249SSA,,,,,,,,
15139,,7.35422,CTYLAK,FORLAK,T15ELA,R15ELA,C03532,,,U02095,,F14LZU,L05ELA,,,,,,,,,181SSA,,,,,,,,
15140,,8.410013,CTYLAK,FORLAK,T15ELA,R15ELA,C03532,E25079,H07125,,,F07COU,L05ELA,,,,,,,,,181SSA,,,,B09COU,,,,
15142,,7.441722,CTYLAK,FORLAK,T15ELA,R15ELA,C01512,,,U06220,,F04BCO,L02BAR,P02BAR,,,,,,,,,,,,,,,,
15143,,7.441722,CTYLAK,FORLAK,T15ELA,R15ELA,C01512,,,U06220,M09DPA,F04BCO,L02BAR,P02BAR,,,,,,,,,,,,,,,,
15144,,7.506174,CTYLAK,FORLAK,T15ELA,R15ELA,C01512,,,U06220,M09DPA,F14LZU,L02BAR,P02BAR,,,,,,,,,,,,,,,,
15145,"723,192",7.567061,CTYLAK,FORLAK,T15ELA,R15ELA,C03532,,,U02095,M21KIL,F14LZU,L02BAR,,,,,,,,,208SSA,,,,,,,,
15146,"10,586,973",7.655386,CTYLAK,FORLAK,T15ELA,R15ELA,C03532,,,U02095,M21KIL,F14LZU,L05ELA,,,,,,,,,208SSA,,,,,,,,
15147,"2,501,796",9.751971,CTYLAK,FORLAK,T15ELA,R15ELA,C03532,E26096,H07125,,M31LGR,F17LGR,L05ELA,P14LGR,,,,,,,,259SSA,,,,,,,,
15148,"7,332",7.732693,CTYLAK,FORLAK,T15ELA,R15ELA,C03532,,,U02095,M21KIL,F07COU,L05ELA,,,,,,,,,,,,,B09COU,,,,
15149,,10.053137,CTYLAK,FORLAK,T15ELA,R15ELA,C03532,E26096,H07125,,M21KIL,F17LGR,L05ELA,,,,,,,,,144SSA,,,,,,,,
15150,,7.878052,CTYLAK,FORLAK,T15ELA,R15ELA,C03532,,,U02095,M26LZU,,L05ELA,,,,,,,X24TIF,,250SSA,,,,,,,,
15151,,7.741922,CTYLAK,FORLAK,T15ELA,R15ELA,C03532,,,U02095,M34NBA,F22WAC,L05ELA,,,,,,,,,339SSA,,,,,,,,
15152,"14,343,193",9.944188,CTYLAK,FORLAK,T15ELA,R15ELA,C03532,E26096,H07125,,M26LZU,,L05ELA,,,,,,,,,251SSA,,,,,,,,
15153,,8.43349,CTYLAK,FORLAK,T15ELA,R15ELA,C03532,,,U02095,M26LZU,F14LZU,L05ELA,,,,,,,,,,,,,,,,,
15154,"315,440",8.094579,CTYLAK,FORLAK,T15ELA,R15ELA,C03532,,,U02095,M16HWO,F07COU,L05ELA,,,,,,,,,181SSA,183SSA,,,B09COU,,,,
15155,"7,943,774",8.017272,CTYLAK,FORLAK,T15ELA,R15ELA,C03532,,,U02095,M16HWO,F14LZU,L05ELA,,,,,,,,,181SSA,183SSA,,,,,,,
15156,,10.499626,CTYLAK,FORLAK,T15ELA,R15ELA,C03532,E26096,H07125,,M26LZU,F14LZU,L05ELA,,,,,,,,,,,,,,,,,
15157,,10.499626,CTYLAK,FORLAK,T15ELA,R15ELA,C03532,E26096,H07125,,M26LZU,F14LZU,L05ELA,,,,,,,,,,,,,,,,,
15158,,8.864918,CTYLAK,FORLAK,T15ELA,R15ELA,C03532,E26096,H07125,,M31LGR,,L05ELA,P14LGR,,,,,,,,,,,,,,,,
15159,,8.864918,CTYLAK,FORLAK,T15ELA,R15ELA,C03532,E26096,H07125,,,,L05ELA,,,,,,,,,,,,,,,,,
15160,,8.43349,CTYLAK,FORLAK,T15ELA,R15ELA,C03532,,,U02095,M26LZU,F14LZU,L05ELA,,,,,,,,,181SSA,,,,,,,,
15161,"935,908",7.898676,CTYLAK,FORLAK,T15ELA,R15ELA,C03532,,,U02095,M21KIL,F17LGR,L02BAR,,,,,,,,,,,,,,,,,
15162,"157,312",7.878052,CTYLAK,FORLAK,T15ELA,R15ELA,C03532,,,U02095,M26LZU,,L05ELA,,,,,,,,,181SSA,,,,,,,,
15163,,7.655386,CTYLAK,FORLAK,T15ELA,R15ELA,C03532,,,U02095,M21KIL,F14LZU,L05ELA,,,,,,,,,144SSA,,,,,,,,
15164,,7.741922,CTYLAK,FORLAK,T15ELA,R15ELA,C03532,,,U02095,M34NBA,F22WAC,L05ELA,,,,,,,,,334SSA,,,,,,,,
15165,,7.741922,CTYLAK,FORLAK,T15ELA,R15ELA,C03532,,,U02095,M34NBA,F22WAC,L05ELA,,,,,,,,,334SSA,339SSA,,,,,,,
15166,,10.083408,CTYLAK,FORLAK,T15ELA,R15ELA,C03532,E26096,H07125,,M16HWO,F14LZU,L05ELA,,,,,,,,,144SSA,,,,,,,,
15167,"25,835,573",10.083408,CTYLAK,FORLAK,T15ELA,R15ELA,C03532,E26096,H07125,,M16HWO,F14LZU,L05ELA,,,,,,,,,,,,,,,,,
15168,"100,188",7.878052,CTYLAK,FORLAK,T15ELA,R15ELA,C03532,,,U02095,M26LZU,,L05ELA,,,,,,,,,252SSA,,,,,,,,
15169,"60,684",10.77852,CTYLAK,FORLAK,T15ELA,R15ELA,C03532,,,U02095,M26LZU,,L05ELA,,,,,,,,,253SSA,,,,,,,,
15170,,7.023512,CTYLAK,FORLAK,T15ELA,R15ELA,C03532,,,U02095,,F14LZU,,,,,,,,,,,,,,,,,,
15171,,9.741196,CTYLAK,FORLAK,T15ELA,R15ELA,C03532,E26096,H07125,,M38PAL,F17LGR,L12VER,,,,,,,,,,,,,,,,,
15172,,7.59751,CTYLAK,FORLAK,T15ELA,R15ELA,C03532,,,U02095,M38PAL,F17LGR,L02BAR,,,,,,,,,,,,,,,,,
15173,,9.741196,CTYLAK,FORLAK,T15ELA,R15ELA,C03532,E26096,H07125,,M02AHE,F17LGR,L12VER,,,,,,,,,,,,,,,,,
15174,"121,725",7.324678,CTYLAK,FORLAK,T15ELA,R15ELA,C03532,,,U02095,M21KIL,F14LZU,,,,,,,,,,,,,,,,,,
15175,"424,662",7.02606,CTYLAK,FORLAK,T15ELA,R15ELA,C03532,,,U06220,M34NBA,F14LZU,L05ELA,,,,,,,,,,,,,,,,,
15176, -   ,8.854143,CTYLAK,FORLAK,T15ELA,R15ELA,C03532,E26096,H07125,,M38PAL,,L12VER,,,,,,,,,,,,,,,,,
15177, -   ,6.710457,CTYLAK,FORLAK,T15ELA,R15ELA,C03532,,,U02095,M38PAL,,L02BAR,,,,,,,,,,,,,,,,,
15178,"3,956,024",7.878052,CTYLAK,FORLAK,T15ELA,R15ELA,C03532,,,U02095,M26LZU,,L05ELA,,,,,,,,,250SSA,,,,,,,,
15179,"8,168,451",7.878052,CTYLAK,FORLAK,T15ELA,R15ELA,C03532,,,U02095,M26LZU,,L05ELA,,,,,,,X25TIF,,,,,,,,,,
15180,"9,250",7.878052,CTYLAK,FORLAK,T15ELA,R15ELA,C03532,,,U02095,M26LZU,,L05ELA,,,,,,,X25TIF,,250SSA,,,,,,,,
15181,"4,621,469",9.754641,CTYLAK,FORLAK,T15ELA,R15ELA,C03532,E26096,H07125,,,F17LGR,L05ELA,,,,,,,,,,,,,B09COU,,,,
15182,"1,368,649",7.265895,CTYLAK,FORLAK,T15ELA,R15ELA,C03532,,,U02095,M09DPA,F14LZU,L02BAR,,,,,,,,,158SSA,161SSA,,,,,,,
15183,"894,786",7.265895,CTYLAK,FORLAK,T15ELA,R15ELA,C03532,,,U02095,M09DPA,F14LZU,L02BAR,,,,,,,,,159SSA,162SSA,,,,,,,
15184,,7.265895,CTYLAK,FORLAK,T15ELA,R15ELA,C03532,,,U02095,M09DPA,F14LZU,L02BAR,,,,,,,,,156SSA,163SSA,,,,,,,
15185,,7.265895,CTYLAK,FORLAK,T15ELA,R15ELA,C03532,,,U02095,M09DPA,F14LZU,L02BAR,,,,,,,,,156SSA,158SSA,163SSA,,,,,,
15186,"26,943,169",7.265895,CTYLAK,FORLAK,T15ELA,R15ELA,C03532,,,U02095,M09DPA,F14LZU,L02BAR,,,,,,,,,158SSA,161SSA,164SSA,,,,,,
15187,"29,805,521",7.265895,CTYLAK,FORLAK,T15ELA,R15ELA,C03532,,,U02095,M09DPA,F14LZU,L02BAR,,,,,,,,,159SSA,162SSA,165SSA,,,,,,
15188,"14,556,722",7.878052,CTYLAK,FORLAK,T15ELA,R15ELA,C03532,,,U02095,M26LZU,,L05ELA,,,,,,,X61TIF,,,,,,,,,,
15189,"55,980,147",7.741922,CTYLAK,FORLAK,T15ELA,R15ELA,C03532,,,U02095,M34NBA,F22WAC,L05ELA,,,,,,,,,334SSA,413SSA,,,,,,,
15190,"2,326,367",7.741922,CTYLAK,FORLAK,T15ELA,R15ELA,C03532,,,U02095,M34NBA,F22WAC,L05ELA,,,,,,,,,334SSA,339SSA,413SSA,,,,,,
15191,"122,579",7.878052,CTYLAK,FORLAK,T15ELA,R15ELA,C03532,,,U02095,M26LZU,,L05ELA,,,,,,,X24TIF,,417SSA,,,,,,,,
15192,"2,382,719",9.741196,CTYLAK,FORLAK,T15ELA,R15ELA,C03532,E26096,H07125,,M31LGR,F17LGR,L12VER,P14LGR,,,,,,X72TIF,,,,,,,,,,
15193,,7.265895,CTYLAK,FORLAK,T15ELA,R15ELA,C03532,,,U02095,M09DPA,F14LZU,L02BAR,,,,,,,X73TIF,,,,,,,,,,
15194,,7.59751,CTYLAK,FORLAK,T15ELA,R15ELA,C03532,,,U02095,M09DPA,F17LGR,L02BAR,,,,,,,X73TIF,,,,,,,,,,
15195,,7.265895,CTYLAK,FORLAK,T15ELA,R15ELA,C03532,,,U02095,M09DPA,F14LZU,L02BAR,,,,,,,X73TIF,,160SSA,163SSA,,,,,,,
15196,,7.265895,CTYLAK,FORLAK,T15ELA,R15ELA,C03532,,,U02095,M09DPA,F14LZU,L02BAR,,,,,,,X73TIF,,156SSA,160SSA,163SSA,,,,,,
15197,,7.265895,CTYLAK,FORLAK,T15ELA,R15ELA,C03532,,,U02095,M09DPA,F14LZU,L02BAR,,,,,,,X73TIF,,156SSA,163SSA,,,,,,,
15198,,7.265895,CTYLAK,FORLAK,T15ELA,R15ELA,C03532,,,U02095,M09DPA,F14LZU,L02BAR,,,,,,,X73TIF,,156SSA,158SSA,163SSA,,,,,,
15199,,7.265895,CTYLAK,FORLAK,T15ELA,R15ELA,C03532,,,U02095,M09DPA,F14LZU,L02BAR,,,,,,,X73TIF,,158SSA,,,,,,,,
15200,,7.60315,CTYLAK,FORLAK,T15ELA,R15ELA,C03532,,,U02095,M09DPA,F17LGR,L02BAR,,,,,,,,,423SSA,,,,,,,,
15201,,7.271535,CTYLAK,FORLAK,T15ELA,R15ELA,C03532,,,U02095,M09DPA,F14LZU,L02BAR,,,,,,,,,156SSA,160SSA,163SSA,423SSA,,,,,
15202,"3,868,235",7.271535,CTYLAK,FORLAK,T15ELA,R15ELA,C03532,,,U02095,M09DPA,F14LZU,L02BAR,,,,,,,X73TIF,,423SSA,,,,,,,,
15203,"4,953,818",7.878052,CTYLAK,FORLAK,T15ELA,R15ELA,C03532,,,U02095,M26LZU,,L05ELA,,,,,,,,,424SSA,,,,,,,,
15204,"21,059",7.878052,CTYLAK,FORLAK,T15ELA,R15ELA,C03532,,,U02095,M26LZU,,L05ELA,,,,,,,,,425SSA,,,,,,,,
15205,"2,039,008",7.60315,CTYLAK,FORLAK,T15ELA,R15ELA,C03532,,,U02095,M09DPA,F17LGR,L02BAR,,,,,,,X73TIF,,423SSA,,,,,,,,
15206, -   ,7.271535,CTYLAK,FORLAK,T15ELA,R15ELA,C03532,,,U02095,M09DPA,F14LZU,L02BAR,,,,,,,X73TIF,,160SSA,163SSA,423SSA,,,,,,
15207,"297,835",7.271535,CTYLAK,FORLAK,T15ELA,R15ELA,C03532,,,U02095,M09DPA,F14LZU,L02BAR,,,,,,,X73TIF,,156SSA,160SSA,163SSA,423SSA,,,,,
15208,337,7.271535,CTYLAK,FORLAK,T15ELA,R15ELA,C03532,,,U02095,M09DPA,F14LZU,L02BAR,,,,,,,X73TIF,,156SSA,163SSA,423SSA,,,,,,
15209,568,7.271535,CTYLAK,FORLAK,T15ELA,R15ELA,C03532,,,U02095,M09DPA,F14LZU,L02BAR,,,,,,,X73TIF,,156SSA,158SSA,163SSA,423SSA,,,,,
15210,,7.271535,CTYLAK,FORLAK,T15ELA,R15ELA,C03532,,,U02095,M09DPA,F14LZU,L02BAR,,,,,,,X73TIF,,158SSA,423SSA,,,,,,,
15211,"1,181,934",7.265895,CTYLAK,FORLAK,T15ELA,R15ELA,C03532,,,U02095,M09DPA,F14LZU,L02BAR,,,,,,,X73TIF,,,,,,,,,,
15212,"3,564",7.265895,CTYLAK,FORLAK,T15ELA,R15ELA,C03532,,,U02095,M09DPA,F14LZU,L02BAR,,,,,,,X73TIF,,156SSA,158SSA,163SSA,,,,,,
15213, -   ,7.60315,CTYLAK,FORLAK,T15ELA,R15ELA,C03532,,,U02095,M09DPA,F17LGR,L02BAR,,,,,,,X73TIF,,423SSA,,,,,,,,
15214,,7.271535,CTYLAK,FORLAK,T15ELA,R15ELA,C03532,,,U02095,M09DPA,F14LZU,L02BAR,,,,,,,X73TIF,,156SSA,160SSA,163SSA,423SSA,,,,,
15215,"433,059",7.655386,CTYLAK,FORLAK,T15ELA,R15ELA,C03532,,,U02095,M21KIL,F14LZU,L05ELA,,,,,,,,,427SSA,,,,,,,,
16001,,8.363407,CTYLAK,FORLAK,T16VER,R16VER,C03532,E27102,H07125,,,,L12VER,,,,,,,,,,,,,,,,,
16002,,10.147663,CTYLAK,FORLAK,T16VER,R16VER,C03532,E27102,H07125,,M07BGR,F17LGR,L12VER,,,,,,,,,,,,,,,,,
16003,,10.036013,CTYLAK,FORLAK,T16VER,R16VER,C03532,E24076,H07125,,,F07COU,L12VER,,,,,,,,,,,,,B09COU,,,,
16004,,9.437448,CTYLAK,FORLAK,T16VER,R16VER,C03532,E26096,H07125,,,F07COU,L12VER,,,,,,,,,,,,,B09COU,,,,
16005,,11.314344,CTYLAK,FORLAK,T16VER,R16VER,C03532,E26096,H07125,,M07BGR,F17LGR,L09ITR,P04BGR,,,,,,,,,,,,,,,,
16006,"696,441",10.508552,CTYLAK,FORLAK,T16VER,R16VER,C03532,E24076,H07125,,,F07COU,L12VER,P15MUN,,,,,,,,,,,,B09COU,B15MUN,,,
16007, -   ,9.691756,CTYLAK,FORLAK,T16VER,R16VER,C03532,E26096,H07125,,,F17LGR,L12VER,,,,,,,,,,,,,,,,,
16008,"6,156,812",9.25046,CTYLAK,FORLAK,T16VER,R16VER,C03532,E27102,H07125,,,F17LGR,L12VER,,,,,,,,,,,,,,,,,
16009,"681,295",8.851014,CTYLAK,FORLAK,T16VER,R16VER,C03532,E28103,H07125,,,F17LGR,L12VER,,,,,,,,,,,,,,,,,
16010,"164,944",10.656952,CTYLAK,FORLAK,T16VER,R16VER,C03532,E27102,H07125,,M07BGR,F17LGR,L12VER,P04BGR,,,,,,,,,,,,,,,,
16011,"128,048,704",9.216755,CTYLAK,FORLAK,T16VER,R16VER,C03532,E27102,H07125,,,F16LRI,L12VER,,,,,,,,,,,,,,,,,
16012,"60,342,216",8.817309,CTYLAK,FORLAK,T16VER,R16VER,C03532,E28103,H07125,,,F16LRI,L12VER,,,,,,,,,,,,,,,,,
16013,,11.073682,CTYLAK,FORLAK,T16VER,R16VER,C03532,E27102,H07125,,M53WHE,F19PHE,L09ITR,P21WHE,,,,,,,,,,,,,,,,
16014,"6,844,310",7.237532,CTYLAK,FORLAK,T16VER,R16VER,C03532,E29106,H01113,,M41RIV,F16LRI,,,,,Q02SOU,,,,,,,,,,,,,
16015,"37,482",10.417141,CTYLAK,FORLAK,T16VER,R16VER,C03532,E26096,H07125,,,F17LGR,L09ITR,P04BGR,,,,,,,,,,,,,,,,
16016,"1,290,818",9.759749,CTYLAK,FORLAK,T16VER,R16VER,C03532,E27102,H07125,,,F17LGR,L12VER,P04BGR,,,,,,,,,,,,,,,,
16017,"268,972",9.062122,CTYLAK,FORLAK,T16VER,R16VER,C03532,E22073,H10128,,,F16LRI,L04CME,,,,,,,,,,,,,,,,,
16018, -   ,10.417141,CTYLAK,FORLAK,T16VER,R16VER,C03532,E26096,H07125,,M31LGR,F17LGR,L09ITR,P04BGR,,,,,,,,,,,,,,,,
16019,,8.841519,CTYLAK,FORLAK,T16VER,R16VER,C03532,E22073,H10128,,,F07COU,L04CME,,,,,,,,,,,,,B09COU,,,,
16020,"6,491,877",8.817309,CTYLAK,FORLAK,T16VER,R16VER,C03532,E28103,H07125,,M49VHI,F16LRI,L12VER,,,,,,WTRCLC,,,,,,,B16CLC,,,,
16021,,8.145762,CTYLAK,FORLAK,T16VER,R16VER,C03532,E30109,H01113,,,F16LRI,,,,,,,,,,,,,,,,,,
16022,,10.113958,CTYLAK,FORLAK,T16VER,R16VER,C03532,E27102,H07125,,M07BGR,F16LRI,L12VER,,,,,,,,,,,,,,,,,
16023,"556,562,217",9.068798,CTYLAK,FORLAK,T16VER,R16VER,C03532,E28103,H07125,,M29LNC,F16LRI,L12VER,,,,,,,,,,,,,,,,,
16024,"75,287,283",9.437448,CTYLAK,FORLAK,T16VER,R16VER,C03532,E26096,H07125,,M31LGR,F07COU,L12VER,P14LGR,,,,,,,,,,,,B09COU,,,,
16025,"15,326,306",8.610824,CTYLAK,FORLAK,T16VER,R16VER,C03532,E22073,H04120,,M19ICR,F07COU,L04CME,,,,,,,,,,,,,B09COU,,,,
16026,"14,036,998",9.070542,CTYLAK,FORLAK,T16VER,R16VER,C03532,E22073,H04120,,M49VHI,F07COU,L04CME,P18VHI,,,,,WTRCLC,,,,,,,B09COU,B16CLC,,,
16027,"8,697,560",8.841519,CTYLAK,FORLAK,T16VER,R16VER,C03532,E22073,H10128,,M19ICR,F07COU,L04CME,,,,,,,,,,,,,B09COU,,,,
16028,"429,862,339",9.301237,CTYLAK,FORLAK,T16VER,R16VER,C03532,E22073,H10128,,M49VHI,F07COU,L04CME,P18VHI,,,,,WTRCLC,,,,,,,B09COU,B16CLC,,,
16029,"4,147,793",9.155778,CTYLAK,FORLAK,T16VER,R16VER,C03532,E22073,H10128,,M32MET,F16LRI,L04CME,,,,,,,,,,,,,,,,,
16030,"608,142",9.52184,CTYLAK,FORLAK,T16VER,R16VER,C03532,E22073,H10128,,M49VHI,F16LRI,L04CME,P18VHI,,,,,WTRCLC,,,,,,,B16CLC,,,,
16031,,9.405528,CTYLAK,FORLAK,T16VER,R16VER,C03532,E26096,H07125,,M19ICR,F07COU,L04CME,,,,,,,,,,,,,B09COU,,,,
16032,"2,613,733",9.245107,CTYLAK,FORLAK,T16VER,R16VER,C03532,E28103,H07125,,M49VHI,F16LRI,L04CME,P18VHI,,,,,WTRCLC,,,,,,,B16CLC,,,,
16033,"12,632,472",9.743892,CTYLAK,FORLAK,T16VER,R16VER,C03532,E22073,H07125,,M49VHI,F07COU,L04CME,P18VHI,,,,,WTRCLC,,,,,,,B09COU,B16CLC,,,
16034,"1,596,898",9.691756,CTYLAK,FORLAK,T16VER,R16VER,C03532,E26096,H07125,,,F17LGR,L12VER,P14LGR,,,,,,,,,,,,,,,,
16035,"181,710,497",9.691756,CTYLAK,FORLAK,T16VER,R16VER,C03532,E26096,H07125,,M31LGR,F17LGR,L12VER,P14LGR,,,,,,,,,,,,,,,,
16036,"411,554",10.508552,CTYLAK,FORLAK,T16VER,R16VER,C03532,E24076,H07125,,M31LGR,F07COU,L12VER,P15MUN,,,,,,,,,,,,B09COU,B15MUN,,,
16037,"76,285,240",6.059793,CTYLAK,FORLAK,T16VER,R16VER,C03532,E18067,H02115,,M24LFO,,,,S05NSH,,,,,,,,,,,,,,,
16039,,8.785389,CTYLAK,FORLAK,T16VER,R16VER,C03532,E28103,H07125,,,F16LRI,L04CME,,,,,,,,,,,,,,,,,
16040,"9,980,188",8.879045,CTYLAK,FORLAK,T16VER,R16VER,C03532,E28103,H07125,,M32MET,F16LRI,L04CME,,,,,,,,,,,,,,,,,
16041,,9.907852,CTYLAK,FORLAK,T16VER,R16VER,C03532,E26096,H07125,,,F17LGR,L09ITR,,,,,,,,,,,,,,,,,
16042,"143,749,288",8.459461,CTYLAK,FORLAK,T16VER,R16VER,C03532,E30109,H01113,,M41RIV,F16LRI,,,,,Q02SOU,,,,,,,,,,,,,
16043,"3,273,858",9.530454,CTYLAK,FORLAK,T16VER,R16VER,C03532,E27102,H07125,,M41RIV,F16LRI,L12VER,,,,Q02SOU,,,,,,,,,,,,,
16044,,10.843414,CTYLAK,FORLAK,T16VER,R16VER,C03532,E24076,H07125,,M33MUN,,L04CME,,,,,,WTRCLC,,,,,,,B16CLC,B17MU2,,,
16045,,8.497376,CTYLAK,FORLAK,T16VER,R16VER,C03532,E28103,H07125,,,F16LRI,,,,,,,,,,,,,,,,,,
16046,"1,573,883",8.811075,CTYLAK,FORLAK,T16VER,R16VER,C03532,E28103,H07125,,M41RIV,F16LRI,,,,,Q02SOU,,,,,,,,,,,,,
16047,,10.427291,CTYLAK,FORLAK,T16VER,R16VER,C03532,E26096,H07125,,M07BGR,F19PHE,L09ITR,P04BGR,,,,,,,,,,,,,,,,
16049,,9.088792,CTYLAK,FORLAK,T16VER,R16VER,C03532,E27102,H07125,,,F19PHE,L09ITR,P04BGR,,,,,,,,,,,,,,,,
16050,,9.985995,CTYLAK,FORLAK,T16VER,R16VER,C03532,E27102,H07125,,M07BGR,F19PHE,L09ITR,P04BGR,,,,,,,,,,,,,,,,
16051,"11,586,340",9.501949,CTYLAK,FORLAK,T16VER,R16VER,C03532,E27102,H07125,,M29LNC,F17LGR,L12VER,,,,,,,,,,,,,,,,,
16052,"22,125,798",9.865246,CTYLAK,FORLAK,T16VER,R16VER,C03532,E26096,H07125,,M49VHI,F07COU,L04CME,P18VHI,,,,,WTRCLC,,,,,,,B09COU,B16CLC,,,
16054,"10,316,265",11.315953,CTYLAK,FORLAK,T16VER,R16VER,C03532,E24076,H07125,,M33MUN,,L04CME,P15MUN,,,,,WTRCLC,,,,,,,B15MUN,B16CLC,B17MU2,,
16055,"50,572,306",9.922684,CTYLAK,FORLAK,T16VER,R16VER,C03532,E22073,H04120,,M33MUN,,L04CME,P15MUN,,,,,WTRCLC,,,,,,,B15MUN,B16CLC,B17MU2,,
16056,"2,324,717",10.153379,CTYLAK,FORLAK,T16VER,R16VER,C03532,E22073,H10128,,M33MUN,,L04CME,P15MUN,,,,,WTRCLC,,,,,,,B15MUN,B16CLC,B17MU2,,
16057, -   ,8.48477,CTYLAK,FORLAK,T16VER,R16VER,C03532,E26096,H07125,,M02AHE,,,P01AHE,,,,,,,,,,,,,,,,
16058,,10.805055,CTYLAK,FORLAK,T16VER,R16VER,C03532,E26096,H07125,,M07BGR,F17LGR,L09ITR,,,,,,,,,,,,,,,,,
16059, -   ,10.201045,CTYLAK,FORLAK,T16VER,R16VER,C03532,E26096,H07125,,,F17LGR,L12VER,P04BGR,,,,,,,,,,,,,,,,
16060,,9.975845,CTYLAK,FORLAK,T16VER,R16VER,C03532,E27102,H07125,,,F17LGR,L09ITR,P04BGR,,,,,,,,,,,,,,,,
16061,,10.201045,CTYLAK,FORLAK,T16VER,R16VER,C03532,E26096,H07125,,M31LGR,F17LGR,L12VER,P04BGR,,,,,,,,,,,,,,,,
16062,"16,533,673",9.131008,CTYLAK,FORLAK,T16VER,R16VER,C03532,E28103,H07125,,M41RIV,F16LRI,L12VER,,,,Q02SOU,,,,,,,,,,,,,
16063,"650,680",9.907852,CTYLAK,FORLAK,T16VER,R16VER,C03532,E26096,H07125,,M31LGR,F17LGR,L09ITR,P14LGR,,,,,,,,,,,,,,,,
16064,,10.873048,CTYLAK,FORLAK,T16VER,R16VER,C03532,E27102,H07125,,M07BGR,F17LGR,L09ITR,P04BGR,,,,,,,,,,,,,,,,
16065, -   ,8.465695,CTYLAK,FORLAK,T16VER,R16VER,C03532,E30109,H01113,,,F16LRI,L12VER,,,,,,,,,,,,,,,,,
16066, -   ,8.610824,CTYLAK,FORLAK,T16VER,R16VER,C03532,E22073,H04120,,M49VHI,F07COU,L04CME,,,,,,WTRCLC,,,,,,,B09COU,B16CLC,,,
16067, -   ,9.301237,CTYLAK,FORLAK,T16VER,R16VER,C03532,E22073,H10128,,,F07COU,L04CME,P18VHI,,,,,,,,,,,,B09COU,,,,
16068,,9.380352,CTYLAK,FORLAK,T16VER,R16VER,C03532,E28103,H07125,,M03BAN,F16LRI,L12VER,,,,,,,,,,,,,,,,,
16069,"195,855,631",9.277027,CTYLAK,FORLAK,T16VER,R16VER,C03532,E28103,H07125,,M49VHI,F16LRI,L12VER,P18VHI,,,,,WTRCLC,,,,,,,B16CLC,,,,
16071,,9.530088,CTYLAK,FORLAK,T16VER,R16VER,C03532,E26096,H07125,,,F19PHE,L09ITR,P04BGR,,,,,,,,,,,,,,,,
16072,,9.52184,CTYLAK,FORLAK,T16VER,R16VER,C03532,E22073,H10128,,,F16LRI,L04CME,P18VHI,,,,,,,,,,,,,,,,
16074,,9.118511,CTYLAK,FORLAK,T16VER,R16VER,C03532,E28103,H07125,,M41RIV,F16LRI,L12VER,,,,,,,,,,,,,,,,,
16075,"181,468",8.446964,CTYLAK,FORLAK,T16VER,R16VER,C03532,E30109,H01113,,M41RIV,F16LRI,,,,,,,,,,,,,,,,,,
16076,"71,890,905",9.468244,CTYLAK,FORLAK,T16VER,R16VER,C03532,E27102,H07125,,M29LNC,F16LRI,L12VER,,,,,,,,,,,,,,,,,
16077,,8.657095,CTYLAK,FORLAK,T16VER,R16VER,C03532,E28103,H07125,,,F16LRI,,,S05NSH,,,,,,,,,,,,,,,
16078,"814,398",8.766897,CTYLAK,FORLAK,T16VER,R16VER,C03532,E30109,H01113,,M41RIV,F16LRI,L12VER,,,,,,,,,,,,,,,,,
16079,"193,824",9.517957,CTYLAK,FORLAK,T16VER,R16VER,C03532,E27102,H07125,,M41RIV,F16LRI,L12VER,,,,,,,,,,,,,,,,,
16080, -   ,9.967713,CTYLAK,FORLAK,T16VER,R16VER,C03532,E27102,H07125,,,F16LRI,L12VER,P21WHE,,,,,,,,,,,,,,,,
16081, -   ,5.900074,CTYLAK,FORLAK,T16VER,R16VER,C03532,E18067,H02115,,M24LFO,,,,,,,,,,,,,,,,,,,
16082,,10.623247,CTYLAK,FORLAK,T16VER,R16VER,C03532,E27102,H07125,,M07BGR,F16LRI,L12VER,P04BGR,,,,,,,,,,,,,,,,
16083,"12,938,593",11.347873,CTYLAK,FORLAK,T16VER,R16VER,C03532,E24076,H07125,,M33MUN,,L12VER,P15MUN,,,,,WTRCLC,,,,,,,B15MUN,B16CLC,B17MU2,,
16084,"12,188,168",9.024504,CTYLAK,FORLAK,T16VER,R16VER,C03532,E28103,H07125,,M49VHI,F07COU,L04CME,P18VHI,,,,,WTRCLC,,,,,,,B09COU,B16CLC,,,
16085, -   ,9.216653,CTYLAK,FORLAK,T16VER,R16VER,C03532,E30109,H01113,,,F16LRI,L12VER,P21WHE,,,,,,,,,,,,,,,,
16086,,9.380352,CTYLAK,FORLAK,T16VER,R16VER,C03532,E28103,H07125,,M03BAN,F16LRI,L12VER,,,,,,,,,114SSA,,,,,,,,
16087, -   ,9.691756,CTYLAK,FORLAK,T16VER,R16VER,C03532,E26096,H07125,,M31LGR,F17LGR,L12VER,,,,,,,,,,,,,,,,,
16088,,9.437448,CTYLAK,FORLAK,T16VER,R16VER,C03532,E26096,H07125,,M31LGR,F07COU,L12VER,,,,,,,,,,,,,B09COU,,,,
16089,,9.530454,CTYLAK,FORLAK,T16VER,R16VER,C03532,E27102,H07125,,M41RIV,F16LRI,L12VER,,,,Q02SOU,,,,,355SSA,,,,,,,,
16090,,9.517957,CTYLAK,FORLAK,T16VER,R16VER,C03532,E27102,H07125,,M41RIV,F16LRI,L12VER,,,,,,,,,355SSA,,,,,,,,
16091,"13,253,492",9.26061,CTYLAK,FORLAK,T16VER,R16VER,C03532,E27102,H07125,,M07BGR,,L12VER,,,,,,,,,,,,,,,,,
16092,"608,499,417",9.769899,CTYLAK,FORLAK,T16VER,R16VER,C03532,E27102,H07125,,M07BGR,,L12VER,P04BGR,,,,,,,,,,,,,,,,
16093,"7,943,165",9.068798,CTYLAK,FORLAK,T16VER,R16VER,C03532,E28103,H07125,,M29LNC,F16LRI,L12VER,,,,,,,,,265SSA,,,,,,,,
16094,"385,175,689",10.427291,CTYLAK,FORLAK,T16VER,R16VER,C03532,E26096,H07125,,M07BGR,,L09ITR,P04BGR,,,,,,,,,,,,,,,,
16095,"47,859,117",9.985995,CTYLAK,FORLAK,T16VER,R16VER,C03532,E27102,H07125,,M07BGR,,L09ITR,P04BGR,,,,,,,,,,,,,,,,
16096,,9.540071,CTYLAK,FORLAK,T16VER,R16VER,C03532,E28103,H07125,,M03BAN,F16LRI,L12VER,,S05NSH,,,,,,,114SSA,,,,,,,,
16097,,10.875334,CTYLAK,FORLAK,T16VER,R16VER,C03532,E24076,H07125,,M33MUN,,L12VER,,,,,,WTRCLC,,,,,,,B16CLC,B17MU2,,,
16098,"841,367",9.062122,CTYLAK,FORLAK,T16VER,R16VER,C03532,E22073,H10128,,M49VHI,F16LRI,L04CME,,,,,,WTRCLC,,,,,,,B16CLC,,,,
16099, -   ,8.841519,CTYLAK,FORLAK,T16VER,R16VER,C03532,E22073,H10128,,M49VHI,F07COU,L04CME,,,,,,WTRCLC,,,,,,,B09COU,B16CLC,,,
16100,,8.817309,CTYLAK,FORLAK,T16VER,R16VER,C03532,E28103,H07125,,,F16LRI,L12VER,,,,,,,,,145SSA,,,,,,,,
16101,,9.068798,CTYLAK,FORLAK,T16VER,R16VER,C03532,E28103,H07125,,M29LNC,F16LRI,L12VER,,,,,,,,,145SSA,,,,,,,,
16102,,8.459461,CTYLAK,FORLAK,T16VER,R16VER,C03532,E30109,H01113,,M41RIV,F16LRI,,,,,Q02SOU,,,,,146SSA,,,,,,,,
16103,,8.446964,CTYLAK,FORLAK,T16VER,R16VER,C03532,E30109,H01113,,M41RIV,F16LRI,,,,,,,,,,146SSA,,,,,,,,
16104,,10.036013,CTYLAK,FORLAK,T16VER,R16VER,C03532,E24076,H07125,,M31LGR,F07COU,L12VER,,,,,,,,,,,,,B09COU,,,,
16105,,10.864916,CTYLAK,FORLAK,T16VER,R16VER,C03532,E27102,H07125,,M07BGR,F16LRI,L12VER,P21WHE,,,,,,,,,,,,,,,,
16106, -   ,9.371823,CTYLAK,FORLAK,T16VER,R16VER,C03532,E26096,H07125,,,F17LGR,,P01AHE,,,,,,,,,,,,,,,,
16107,,10.959976,CTYLAK,FORLAK,T16VER,R16VER,C03532,E27102,H07125,,M53WHE,F16LRI,L12VER,,,,,,,,,,,,,,,,,
16108,,11.710934,CTYLAK,FORLAK,T16VER,R16VER,C03532,E27102,H07125,,M53WHE,F16LRI,L12VER,P21WHE,,,,,,,,,,,,,,,,
16109,,11.315953,CTYLAK,FORLAK,T16VER,R16VER,C03532,E24076,H07125,,M33MUN,,L04CME,P15MUN,,,,,WTRCLC,,,,,,,B15MUN,B16CLC,B17MU2,,
16110,"1,414,934",8.779394,CTYLAK,FORLAK,T16VER,R16VER,C03532,E30109,H01113,,M41RIV,F16LRI,L12VER,,,,Q02SOU,,,,,,,,,,,,,
16111,,8.779394,CTYLAK,FORLAK,T16VER,R16VER,C03532,E30109,H01113,,M41RIV,F16LRI,L12VER,,,,Q02SOU,,,,,355SSA,,,,,,,,
16112,,8.766897,CTYLAK,FORLAK,T16VER,R16VER,C03532,E30109,H01113,,M41RIV,F16LRI,L12VER,,,,,,,,,355SSA,,,,,,,,
16113,,10.864916,CTYLAK,FORLAK,T16VER,R16VER,C03532,E27102,H07125,,M07BGR,F16LRI,L12VER,P21WHE,,,,,,,,130SSA,,,,,,,,
16114,,10.427291,CTYLAK,FORLAK,T16VER,R16VER,C03532,E26096,H07125,,M07BGR,,L09ITR,P04BGR,,,,,,,,131SSA,,,,,,,,
16115,,10.864916,CTYLAK,FORLAK,T16VER,R16VER,C03532,E27102,H07125,,M07BGR,F16LRI,L12VER,P21WHE,,,,,,,,132SSA,,,,,,,,
16116, -   ,9.907852,CTYLAK,FORLAK,T16VER,R16VER,C03532,E26096,H07125,,M31LGR,F17LGR,L09ITR,,,,,,,,,,,,,,,,,
16117,,9.726044,CTYLAK,FORLAK,T16VER,R16VER,C03532,E27102,H07125,,,F16LRI,L12VER,P04BGR,,,,,,,,,,,,,,,,
16118,,10.588959,CTYLAK,FORLAK,T16VER,R16VER,C03532,E26096,H07125,,M07BGR,F17LGR,L12VER,,,,,,,,,,,,,,,,,
16119,,10.334651,CTYLAK,FORLAK,T16VER,R16VER,C03532,E26096,H07125,,M07BGR,F07COU,L12VER,,,,,,,,,,,,,B09COU,,,,
16120,,9.748217,CTYLAK,FORLAK,T16VER,R16VER,C03532,E28103,H07125,,M07BGR,F17LGR,L12VER,,,,,,,,,,,,,,,,,
16121,,9.714512,CTYLAK,FORLAK,T16VER,R16VER,C03532,E28103,H07125,,M07BGR,F16LRI,L12VER,,,,,,,,,,,,,,,,,
16122, -   ,9.918002,CTYLAK,FORLAK,T16VER,R16VER,C03532,E26096,H07125,,M07BGR,,L09ITR,,,,,,,,,,,,,,,,,
16123,"73,397,566",10.011568,CTYLAK,FORLAK,T16VER,R16VER,C03532,E27102,H07125,,M07BGR,,L12VER,P21WHE,,,,,,,,,,,,,,,,
16124,,10.011568,CTYLAK,FORLAK,T16VER,R16VER,C03532,E27102,H07125,,M07BGR,,L12VER,P21WHE,,,,,,,,130SSA,,,,,,,,
16125,,10.011568,CTYLAK,FORLAK,T16VER,R16VER,C03532,E27102,H07125,,M07BGR,,L12VER,P21WHE,,,,,,,,132SSA,,,,,,,,
16126,"19,234",9.701906,CTYLAK,FORLAK,T16VER,R16VER,C03532,E26096,H07125,,M07BGR,,L12VER,,,,,,,,,,,,,,,,,
16127,"2,025,411",8.861164,CTYLAK,FORLAK,T16VER,R16VER,C03532,E28103,H07125,,M07BGR,,L12VER,,,,,,,,,,,,,,,,,
16128,,9.888983,CTYLAK,FORLAK,T16VER,R16VER,C03532,E30109,H01113,,M53WHE,F16LRI,,,,,,,,,,,,,,,,,,
16129,,9.985995,CTYLAK,FORLAK,T16VER,R16VER,C03532,E27102,H07125,,M07BGR,F19PHE,L09ITR,P04BGR,,,,,,X09TIF,,,,,,,,,,
16130,,10.873048,CTYLAK,FORLAK,T16VER,R16VER,C03532,E27102,H07125,,M07BGR,F17LGR,L09ITR,P04BGR,,,,,,X09TIF,,,,,,,,,,
16131,,9.985995,CTYLAK,FORLAK,T16VER,R16VER,C03532,E27102,H07125,,M07BGR,,L09ITR,P04BGR,,,,,,X09TIF,,,,,,,,,,
16132,,10.656952,CTYLAK,FORLAK,T16VER,R16VER,C03532,E27102,H07125,,M07BGR,F17LGR,L12VER,P04BGR,,,,,,X09TIF,,,,,,,,,,
16133,,9.769899,CTYLAK,FORLAK,T16VER,R16VER,C03532,E27102,H07125,,M07BGR,,L12VER,P04BGR,,,,,,X09TIF,,,,,,,,,,
16134,,7.292414,CTYLAK,FORLAK,T16VER,R16VER,C03532,E30109,H01113,,M36NOR,,,,,,,,,,,,,,,,,,,
16135, -   ,11.098248,CTYLAK,FORLAK,T16VER,R16VER,C03532,E26096,H07125,,M07BGR,F17LGR,L12VER,P04BGR,,,,,,,,,,,,,,,,
16136,"141,518,337",10.211195,CTYLAK,FORLAK,T16VER,R16VER,C03532,E26096,H07125,,M07BGR,,L12VER,P04BGR,,,,,,,,,,,,,,,,
16137, -   ,10.257506,CTYLAK,FORLAK,T16VER,R16VER,C03532,E28103,H07125,,M07BGR,F17LGR,L12VER,P04BGR,,,,,,,,,,,,,,,,
16138,"124,256,787",9.370453,CTYLAK,FORLAK,T16VER,R16VER,C03532,E28103,H07125,,M07BGR,,L12VER,P04BGR,,,,,,,,,,,,,,,,
16139,,9.362704,CTYLAK,FORLAK,T16VER,R16VER,C03532,E28103,H07125,,M24LFO,,,,S05NSH,,,,,,,,,,,,,,,
16140,,9.405528,CTYLAK,FORLAK,T16VER,R16VER,C03532,E26096,H07125,,,F07COU,L04CME,,,,,,,,,,,,,B09COU,,,,
16141,,8.610824,CTYLAK,FORLAK,T16VER,R16VER,C03532,E22073,H04120,,,F07COU,L04CME,,,,,,,,,,,,,B09COU,,,,
16142,,8.841519,CTYLAK,FORLAK,T16VER,R16VER,C03532,E22073,H10128,,,F07COU,L04CME,,,,,,,,,,,,,B09COU,,,,
16143,,9.405528,CTYLAK,FORLAK,T16VER,R16VER,C03532,E26096,H07125,,M31LGR,F07COU,L04CME,,,,,,,,,,,,,B09COU,,,,
16144,,9.405528,CTYLAK,FORLAK,T16VER,R16VER,C03532,E26096,H07125,,M49VHI,F07COU,L04CME,,,,,,WTRCLC,,,,,,,B09COU,B16CLC,,,
16145,,10.036013,CTYLAK,FORLAK,T16VER,R16VER,C03532,E24076,H07125,,M49VHI,F07COU,L12VER,,,,,,WTRCLC,,,,,,,B09COU,B16CLC,,,
16146,,9.405528,CTYLAK,FORLAK,T16VER,R16VER,C03532,E26096,H07125,,M31LGR,F07COU,L04CME,P14LGR,,,,,,,,,,,,B09COU,,,,
16147,"30,403,652",10.036013,CTYLAK,FORLAK,T16VER,R16VER,C03532,E24076,H07125,,M31LGR,F07COU,L12VER,P14LGR,,,,,,,,,,,,B09COU,,,,
16148,,9.400042,CTYLAK,FORLAK,T16VER,R16VER,C03532,E28103,H07125,,M03BAN,F08DBA,L12VER,,S05NSH,,,,,,,114SSA,,,,,,,,
16149,"65,672,036",10.495731,CTYLAK,FORLAK,T16VER,R16VER,C03532,E24076,H07125,,M49VHI,F07COU,L12VER,P18VHI,,,,,WTRCLC,,,,,,,B09COU,B16CLC,,,
16150, -   ,9.202985,CTYLAK,FORLAK,T16VER,R16VER,C03532,E28103,H07125,,M24LFO,,,,,,,,,,,,,,,,,,,
16151,"12,347,475",10.463811,CTYLAK,FORLAK,T16VER,R16VER,C03532,E24076,H07125,,M49VHI,F07COU,L04CME,P18VHI,,,,,WTRCLC,,,,,,,B09COU,B16CLC,,,
16152,,9.26061,CTYLAK,FORLAK,T16VER,R16VER,C03532,E27102,H07125,,M07BGR,,L12VER,,,,,,,,,130SSA,,,,,,,,
16153,,9.769899,CTYLAK,FORLAK,T16VER,R16VER,C03532,E27102,H07125,,M07BGR,,L12VER,P04BGR,,,,,,,,130SSA,,,,,,,,
16154,,9.326598,CTYLAK,FORLAK,T16VER,R16VER,C03532,E28103,H07125,,M49VHI,F16LRI,L12VER,P04BGR,,,,,WTRCLC,,,,,,,B16CLC,,,,
16155,,9.615496,CTYLAK,FORLAK,T16VER,R16VER,C03532,E22073,H10128,,M32MET,F16LRI,L04CME,P18VHI,,,,,,,,,,,,,,,,
16156,,8.785389,CTYLAK,FORLAK,T16VER,R16VER,C03532,E28103,H07125,,,F16LRI,L04CME,,,,,,WTRCLC,,,,,,,B16CLC,,,,
16157,,8.497376,CTYLAK,FORLAK,T16VER,R16VER,C03532,E28103,H07125,,,F16LRI,,,,,,,WTRCLC,,,,,,,B16CLC,,,,
16158,"27,361,940",8.879045,CTYLAK,FORLAK,T16VER,R16VER,C03532,E28103,H07125,,M32MET,F16LRI,L04CME,,,,,,WTRCLC,,,,,,,B16CLC,,,,
16159,,8.817309,CTYLAK,FORLAK,T16VER,R16VER,C03532,E28103,H07125,,,F16LRI,L12VER,,,,,,,,,148SSA,,,,,,,,
16160,,8.817309,CTYLAK,FORLAK,T16VER,R16VER,C03532,E28103,H07125,,,F16LRI,L12VER,,,,,,,,,147SSA,,,,,,,,
16161,,9.380352,CTYLAK,FORLAK,T16VER,R16VER,C03532,E28103,H07125,,M03BAN,F16LRI,L12VER,,,,,,,,,114SSA,116SSA,,,,,,,
16162,"2,381,242",9.400042,CTYLAK,FORLAK,T16VER,R16VER,C03532,E28103,H07125,,M03BAN,F08DBA,L12VER,,S05NSH,,,,,,,114SSA,116SSA,,,,,,,
16163,,9.907852,CTYLAK,FORLAK,T16VER,R16VER,C03532,E26096,H07125,,,F17LGR,L09ITR,P14LGR,,,,,,,,,,,,,,,,
16164,"3,982,526",9.918002,CTYLAK,FORLAK,T16VER,R16VER,C03532,E26096,H07125,,M07BGR,,L09ITR,P14LGR,,,,,,,,,,,,,,,,
16165,,9.437448,CTYLAK,FORLAK,T16VER,R16VER,C03532,E26096,H07125,,,F07COU,L12VER,P14LGR,,,,,,,,,,,,B09COU,,,,
16166,,9.068798,CTYLAK,FORLAK,T16VER,R16VER,C03532,E28103,H07125,,M29LNC,F16LRI,L12VER,,,,,,,X27TIF,,,,,,,,,,
16167,,9.437448,CTYLAK,FORLAK,T16VER,R16VER,C03532,E26096,H07125,,M49VHI,F07COU,L12VER,P14LGR,,,,,WTRCLC,,,,,,,B09COU,B16CLC,,,
16168,,10.223801,CTYLAK,FORLAK,T16VER,R16VER,C03532,E28103,H07125,,M07BGR,F16LRI,L12VER,P04BGR,,,,,,,,,,,,,,,,
16169,"182,760",10.036013,CTYLAK,FORLAK,T16VER,R16VER,C03532,E24076,H07125,,,F07COU,L12VER,P14LGR,,,,,,,,,,,,B09COU,,,,
16170,,10.993681,CTYLAK,FORLAK,T16VER,R16VER,C03532,E27102,H07125,,M53WHE,F17LGR,L12VER,,,,,,,,,,,,,,,,,
16171,,11.744639,CTYLAK,FORLAK,T16VER,R16VER,C03532,E27102,H07125,,M53WHE,F17LGR,L12VER,P21WHE,,,,,,,,,,,,,,,,
16172, -   ,8.910965,CTYLAK,FORLAK,T16VER,R16VER,C03532,E28103,H07125,,M32MET,F16LRI,L12VER,,,,,,,,,,,,,,,,,
16173,,9.437448,CTYLAK,FORLAK,T16VER,R16VER,C03532,E26096,H07125,,M49VHI,F07COU,L12VER,,,,,,WTRCLC,,,,,,,B09COU,B16CLC,,,
16174,,9.301237,CTYLAK,FORLAK,T16VER,R16VER,C03532,E22073,H10128,,M49VHI,F07COU,L04CME,P18VHI,,,,,WTRCLC,,,389SSA,,,,B09COU,B16CLC,,,
16175,,9.301237,CTYLAK,FORLAK,T16VER,R16VER,C03532,E22073,H10128,,M49VHI,F07COU,L04CME,P18VHI,,,,,WTRCLC,,,390SSA,,,,B09COU,B16CLC,,,
16176,"8,579,711",9.056424,CTYLAK,FORLAK,T16VER,R16VER,C03532,E28103,H07125,,M49VHI,F07COU,L12VER,P18VHI,,,,,WTRCLC,,,,,,,B09COU,B16CLC,,,
16177,"109,828",10.875334,CTYLAK,FORLAK,T16VER,R16VER,C03532,E24076,H07125,,M33MUN,,L12VER,P14LGR,,,,,WTRCLC,,,,,,,B16CLC,B17MU2,,,
16178,,8.596706,CTYLAK,FORLAK,T16VER,R16VER,C03532,E28103,H07125,,M49VHI,F07COU,L12VER,,,,,,WTRCLC,,,,,,,B09COU,B16CLC,,,
16179,,9.105995,CTYLAK,FORLAK,T16VER,R16VER,C03532,E28103,H07125,,M49VHI,F07COU,L12VER,P04BGR,,,,,WTRCLC,,,,,,,B09COU,B16CLC,,,
16180,,8.596706,CTYLAK,FORLAK,T16VER,R16VER,C03532,E28103,H07125,,,F07COU,L12VER,,,,,,,,,,,,,B09COU,B16CLC,,,
16181,,9.691756,CTYLAK,FORLAK,T16VER,R16VER,C03532,E26096,H07125,,M31LGR,F17LGR,L12VER,P14LGR,,,,,,,,258SSA,,,,,,,,
16182,"97,770",9.701906,CTYLAK,FORLAK,T16VER,R16VER,C03532,E26096,H07125,,M07BGR,,L12VER,P14LGR,,,,,,,,,,,,,,,,
16183,,8.817309,CTYLAK,FORLAK,T16VER,R16VER,C03532,E28103,H07125,,M49VHI,F16LRI,L12VER,,,,,,WTRCLC,,,148SSA,,,,B16CLC,,,,
16184,"12,848,499",9.897166,CTYLAK,FORLAK,T16VER,R16VER,C03532,E26096,H07125,,M49VHI,F07COU,L12VER,P18VHI,,,,,WTRCLC,,,,,,,B09COU,B16CLC,,,
16185, -   ,10.227664,CTYLAK,FORLAK,T16VER,R16VER,C03532,E27102,H07125,,M07BGR,,L09ITR,P21WHE,,,,,,X67TIF,,,,,,,,,,
16186,,9.277027,CTYLAK,FORLAK,T16VER,R16VER,C03532,E28103,H07125,,M49VHI,F16LRI,L12VER,P18VHI,,,,,WTRCLC,,,148SSA,,,,B16CLC,,,,
16187,,9.068798,CTYLAK,FORLAK,T16VER,R16VER,C03532,E28103,H07125,,M29LNC,F16LRI,L12VER,,,,,,,,,147SSA,,,,,,,,
16188,,9.528516,CTYLAK,FORLAK,T16VER,R16VER,C03532,E28103,H07125,,M29LNC,F16LRI,L12VER,P18VHI,,,,,,,,,,,,,,,,
16189,"276,407",9.540071,CTYLAK,FORLAK,T16VER,R16VER,C03532,E28103,H07125,,M03BAN,F16LRI,L12VER,,S05NSH,,,,,,,114SSA,116SSA,,,,,,,
16190,"2,252,638",9.578087,CTYLAK,FORLAK,T16VER,R16VER,C03532,E28103,H07125,,M29LNC,F16LRI,L12VER,P04BGR,,,,,,,,,,,,,,,,
16191,,9.578087,CTYLAK,FORLAK,T16VER,R16VER,C03532,E28103,H07125,,M29LNC,F16LRI,L12VER,P04BGR,,,,,,,,147SSA,,,,,,,,
16192,"71,666",9.326598,CTYLAK,FORLAK,T16VER,R16VER,C03532,E28103,H07125,,,F16LRI,L12VER,P04BGR,,,,,,,,,,,,,,,,
16193,,8.939817,CTYLAK,FORLAK,T16VER,R16VER,C03532,E28103,H07125,,,F16LRI,L12VER,,,,,,,,,356SSA,357SSA,,,,,,,
16194,,9.241019,CTYLAK,FORLAK,T16VER,R16VER,C03532,E28103,H07125,,M41RIV,F16LRI,L12VER,,,,,,,,,357SSA,,,,,,,,
16195,,9.241019,CTYLAK,FORLAK,T16VER,R16VER,C03532,E28103,H07125,,M41RIV,F16LRI,L12VER,,,,,,,,,356SSA,357SSA,,,,,,,
16196,,9.118511,CTYLAK,FORLAK,T16VER,R16VER,C03532,E28103,H07125,,M41RIV,F16LRI,L12VER,,,,,,,,,356SSA,,,,,,,,
16197,,8.817309,CTYLAK,FORLAK,T16VER,R16VER,C03532,E28103,H07125,,,F16LRI,L12VER,,,,,,WTRCLC,,,148SSA,,,,B16CLC,,,,
16198,"782,189",8.841519,CTYLAK,FORLAK,T16VER,R16VER,C03532,E22073,H10128,,M19ICR,F07COU,L04CME,,,,,,WTRCLC,,,,,,,B09COU,B16CLC,,,
16199,"311,132",8.610824,CTYLAK,FORLAK,T16VER,R16VER,C03532,E22073,H04120,,M19ICR,F07COU,L04CME,,,,,,WTRCLC,,,,,,,B09COU,B16CLC,,,
16200,,8.817309,CTYLAK,FORLAK,T16VER,R16VER,C03532,E28103,H07125,,,F16LRI,L12VER,,,,,,,,,356SSA,,,,,,,,
16201, -   ,7.705485,CTYLAK,FORLAK,T16VER,R16VER,C03532,E28103,H02115,,M24LFO,,,,S05NSH,,,,,,,,,,,,,,,
16202,,8.459461,CTYLAK,FORLAK,T16VER,R16VER,C03532,E30109,H01113,,M41RIV,F16LRI,,,,,Q02SOU,,,,,358SSA,,,,,,,,
16203,"6,535,266",9.131008,CTYLAK,FORLAK,T16VER,R16VER,C03532,E28103,H07125,,M41RIV,F16LRI,L12VER,,,,Q02SOU,,,,,359SSA,,,,,,,,
16204,,9.118511,CTYLAK,FORLAK,T16VER,R16VER,C03532,E28103,H07125,,M41RIV,F16LRI,L12VER,,,,,,,,,359SSA,,,,,,,,
16205,,9.118511,CTYLAK,FORLAK,T16VER,R16VER,C03532,E28103,H07125,,M41RIV,F16LRI,L12VER,,,,,,,,,356SSA,359SSA,,,,,,,
16206,"110,470,116",6.059793,CTYLAK,FORLAK,T16VER,R16VER,C03532,E18067,H02115,,M24LFO,,,,S05NSH,,,,,,,,,,,,,,,
16207,"10,702",10.508552,CTYLAK,FORLAK,T16VER,R16VER,C03532,E24076,H07125,,M49VHI,F07COU,L12VER,P15MUN,,,,,WTRCLC,,,,,,,B09COU,B15MUN,B16CLC,,
16208, -   ,8.591032,CTYLAK,FORLAK,T16VER,R16VER,C03532,E28103,H07125,,M32MET,F16LRI,,,,,,,,,,,,,,,,,,
16209,,7.557293,CTYLAK,FORLAK,T16VER,R16VER,C03532,E18067,H07125,,M24LFO,,,,,,,,,,,,,,,,,,,
16210,,9.118511,CTYLAK,FORLAK,T16VER,R16VER,C03532,E28103,H07125,,M41RIV,F16LRI,L12VER,,,,,,,,,360SSA,,,,,,,,
16211,,9.118511,CTYLAK,FORLAK,T16VER,R16VER,C03532,E28103,H07125,,M41RIV,F16LRI,L12VER,,,,,,,,,361SSA,,,,,,,,
16212,,9.118511,CTYLAK,FORLAK,T16VER,R16VER,C03532,E28103,H07125,,M41RIV,F16LRI,L12VER,,,,,,,,,359SSA,361SSA,,,,,,,
16213,,9.118511,CTYLAK,FORLAK,T16VER,R16VER,C03532,E28103,H07125,,M41RIV,F16LRI,L12VER,,,,,,,,,362SSA,,,,,,,,
16214,,8.459461,CTYLAK,FORLAK,T16VER,R16VER,C03532,E30109,H01113,,M41RIV,F16LRI,,,,,Q02SOU,,,,,363SSA,,,,,,,,
16215,,9.241019,CTYLAK,FORLAK,T16VER,R16VER,C03532,E28103,H07125,,M41RIV,F16LRI,L12VER,,,,,,,,,356SSA,357SSA,360SSA,,,,,,
16216, -   ,7.717012,CTYLAK,FORLAK,T16VER,R16VER,C03532,E18067,H07125,,M24LFO,,,,S05NSH,,,,,,,,,,,,,,,
16217,,8.459461,CTYLAK,FORLAK,T16VER,R16VER,C03532,E30109,H01113,,M41RIV,F16LRI,,,,,Q02SOU,,,,,364SSA,,,,,,,,
16218,,8.446964,CTYLAK,FORLAK,T16VER,R16VER,C03532,E30109,H01113,,M41RIV,F16LRI,,,,,,,,,,364SSA,,,,,,,,
16219,,9.400042,CTYLAK,FORLAK,T16VER,R16VER,C03532,E28103,H07125,,M03BAN,F08DBA,L12VER,,S05NSH,,,,,,,114SSA,116SSA,121SSA,,,,,,
16220,,9.540071,CTYLAK,FORLAK,T16VER,R16VER,C03532,E28103,H07125,,M03BAN,F16LRI,L12VER,,S05NSH,,,,,,,114SSA,116SSA,121SSA,,,,,,
16221,,8.785389,CTYLAK,FORLAK,T16VER,R16VER,C03532,E28103,H07125,,,F16LRI,L04CME,,,,,,WTRCLC,,,,,,,B16CLC,,,,
16222,,8.817309,CTYLAK,FORLAK,T16VER,R16VER,C03532,E28103,H07125,,M49VHI,F16LRI,L12VER,,,,,,WTRCLC,,,148SSA,,,,B16CLC,,,,
16223,,8.817309,CTYLAK,FORLAK,T16VER,R16VER,C03532,E28103,H07125,,M49VHI,F16LRI,L12VER,,,,,,,,,148SSA,,,,,,,,
16224,,7.237532,CTYLAK,FORLAK,T16VER,R16VER,C03532,E29106,H01113,,M41RIV,F16LRI,,,,,Q02SOU,,,,,366SSA,,,,,,,,
16225,,10.495731,CTYLAK,FORLAK,T16VER,R16VER,C03532,E24076,H07125,,,F07COU,L12VER,P18VHI,,,,,,,,,,,,B09COU,,,,
16226,"14,266",11.335052,CTYLAK,FORLAK,T16VER,R16VER,C03532,E24076,H07125,,M33MUN,,L12VER,P18VHI,,,,,WTRCLC,,,,,,,B16CLC,B17MU2,,,
16227,,9.277027,CTYLAK,FORLAK,T16VER,R16VER,C03532,E28103,H07125,,M49VHI,F16LRI,L12VER,P18VHI,,,,,WTRCLC,,,148SSA,,,,B16CLC,,,,
16228,,9.118511,CTYLAK,FORLAK,T16VER,R16VER,C03532,E28103,H07125,,M41RIV,F16LRI,L12VER,,,,,,,,,362SSA,367SSA,,,,,,,
16229,,9.118511,CTYLAK,FORLAK,T16VER,R16VER,C03532,E28103,H07125,,M41RIV,F16LRI,L12VER,,,,,,,,,367SSA,,,,,,,,
16230,,9.241019,CTYLAK,FORLAK,T16VER,R16VER,C03532,E28103,H07125,,M41RIV,F16LRI,L12VER,,,,,,,,,357SSA,368SSA,,,,,,,
16231,,9.241019,CTYLAK,FORLAK,T16VER,R16VER,C03532,E28103,H07125,,M41RIV,F16LRI,L12VER,,,,,,,,,356SSA,357SSA,368SSA,,,,,,
16232,,8.459461,CTYLAK,FORLAK,T16VER,R16VER,C03532,E30109,H01113,,M41RIV,F16LRI,,,,,Q02SOU,,,,,365SSA,,,,,,,,
16233,,8.779394,CTYLAK,FORLAK,T16VER,R16VER,C03532,E30109,H01113,,M41RIV,F16LRI,L12VER,,,,Q02SOU,,,,,365SSA,,,,,,,,
16234,,9.118511,CTYLAK,FORLAK,T16VER,R16VER,C03532,E28103,H07125,,M41RIV,F16LRI,L12VER,,,,,,,,,360SSA,369SSA,,,,,,,
16235,,9.118511,CTYLAK,FORLAK,T16VER,R16VER,C03532,E28103,H07125,,M41RIV,F16LRI,L12VER,,,,,,,,,356SSA,369SSA,,,,,,,
16236,"3,759",6.840157,CTYLAK,FORLAK,T16VER,R16VER,C03532,E28103,H02115,,,F16LRI,,,,,,,,,,,,,,,,,,
16237,,7.545766,CTYLAK,FORLAK,T16VER,R16VER,C03532,E28103,H02115,,M24LFO,,,,,,,,,,,,,,,,,,,
16238, -   ,9.977533,CTYLAK,FORLAK,T16VER,R16VER,C03532,E27102,H07125,,M29LNC,F16LRI,L12VER,P04BGR,,,,,,,,,,,,,,,,
16239,"70,379",8.872696,CTYLAK,FORLAK,T16VER,R16VER,C03532,E27102,H07125,,,,L12VER,P04BGR,,,,,,,,,,,,,,,,
16240,"2,334",8.591032,CTYLAK,FORLAK,T16VER,R16VER,C03532,E28103,H07125,,M32MET,F16LRI,,,,,,,WTRCLC,,,,,,,B16CLC,,,,
16241,,8.374654,CTYLAK,FORLAK,T16VER,R16VER,C03532,E28103,H10128,,,F16LRI,L12VER,,,,,,,,,,,,,,,,,
16242,,8.374654,CTYLAK,FORLAK,T16VER,R16VER,C03532,E28103,H10128,,M49VHI,F16LRI,L12VER,,,,,,WTRCLC,,,,,,,B16CLC,,,,
16243,,9.228097,CTYLAK,FORLAK,T16VER,R16VER,C03532,E30109,H01113,,M41RIV,F16LRI,,,,,Q02SOU,,,,,365SSA,370SSA,,,,,,,
16244,"1,934,803",9.277027,CTYLAK,FORLAK,T16VER,R16VER,C03532,E28103,H07125,,M49VHI,F16LRI,L12VER,P18VHI,,,,,WTRCLC,X40TIF,,,,,,B16CLC,,,,
16245,,6.999876,CTYLAK,FORLAK,T16VER,R16VER,C03532,E28103,H02115,,,F16LRI,,,S05NSH,,,,,,,,,,,,,,,
16246, -   ,8.834372,CTYLAK,FORLAK,T16VER,R16VER,C03532,E28103,H10128,,M49VHI,F16LRI,L12VER,P18VHI,,,,,WTRCLC,,,,,,,B16CLC,,,,
16247,,8.459461,CTYLAK,FORLAK,T16VER,R16VER,C03532,E30109,H01113,,M41RIV,F16LRI,,,,,Q02SOU,,,,,371SSA,,,,,,,,
16248,"23,163,866",9.468244,CTYLAK,FORLAK,T16VER,R16VER,C03532,E27102,H07125,,M29LNC,F16LRI,L12VER,,,,,,,,,265SSA,,,,,,,,
16249,,9.155778,CTYLAK,FORLAK,T16VER,R16VER,C03532,E22073,H10128,,M32MET,F16LRI,L04CME,,,,,,,,,287SSA,,,,,,,,
16250,,9.155778,CTYLAK,FORLAK,T16VER,R16VER,C03532,E22073,H10128,,M32MET,F16LRI,L04CME,,,,,,,,,288SSA,,,,,,,,
16251,,9.155778,CTYLAK,FORLAK,T16VER,R16VER,C03532,E22073,H10128,,M32MET,F16LRI,L04CME,,,,,,,,,289SSA,,,,,,,,
16252,,9.155778,CTYLAK,FORLAK,T16VER,R16VER,C03532,E22073,H10128,,M32MET,F16LRI,L04CME,,,,,,,,,290SSA,,,,,,,,
16253,,9.155778,CTYLAK,FORLAK,T16VER,R16VER,C03532,E22073,H10128,,M32MET,F16LRI,L04CME,,,,,,,,,291SSA,,,,,,,,
16254,,9.155778,CTYLAK,FORLAK,T16VER,R16VER,C03532,E22073,H10128,,M32MET,F16LRI,L04CME,,,,,,,,,292SSA,,,,,,,,
16255,,9.155778,CTYLAK,FORLAK,T16VER,R16VER,C03532,E22073,H10128,,M32MET,F16LRI,L04CME,,,,,,,,,293SSA,,,,,,,,
16256,,9.155778,CTYLAK,FORLAK,T16VER,R16VER,C03532,E22073,H10128,,M32MET,F16LRI,L04CME,,,,,,,,,294SSA,,,,,,,,
16257,,9.155778,CTYLAK,FORLAK,T16VER,R16VER,C03532,E22073,H10128,,M32MET,F16LRI,L04CME,,,,,,,,,295SSA,,,,,,,,
16258,,9.155778,CTYLAK,FORLAK,T16VER,R16VER,C03532,E22073,H10128,,M32MET,F16LRI,L04CME,,,,,,,,,296SSA,,,,,,,,
16259,,9.155778,CTYLAK,FORLAK,T16VER,R16VER,C03532,E22073,H10128,,M32MET,F16LRI,L04CME,,,,,,,,,297SSA,,,,,,,,
16260,,9.155778,CTYLAK,FORLAK,T16VER,R16VER,C03532,E22073,H10128,,M32MET,F16LRI,L04CME,,,,,,,,,298SSA,,,,,,,,
16261,,9.155778,CTYLAK,FORLAK,T16VER,R16VER,C03532,E22073,H10128,,M32MET,F16LRI,L04CME,,,,,,,,,299SSA,,,,,,,,
16262,,9.155778,CTYLAK,FORLAK,T16VER,R16VER,C03532,E22073,H10128,,M32MET,F16LRI,L04CME,,,,,,,,,300SSA,,,,,,,,
16263,,9.155778,CTYLAK,FORLAK,T16VER,R16VER,C03532,E22073,H10128,,M32MET,F16LRI,L04CME,,,,,,,,,301SSA,,,,,,,,
16264,,9.155778,CTYLAK,FORLAK,T16VER,R16VER,C03532,E22073,H10128,,M32MET,F16LRI,L04CME,,,,,,,,,302SSA,,,,,,,,
16265,,9.155778,CTYLAK,FORLAK,T16VER,R16VER,C03532,E22073,H10128,,M32MET,F16LRI,L04CME,,,,,,,,,303SSA,,,,,,,,
16266,,5.900074,CTYLAK,FORLAK,T16VER,R16VER,C03532,E18067,H02115,,M24LFO,,,,,,,,,,,235SSA,,,,,,,,
16267,"3,152,152",6.059793,CTYLAK,FORLAK,T16VER,R16VER,C03532,E18067,H02115,,M24LFO,,,,S05NSH,,,,,,,235SSA,,,,,,,,
16268,,7.545766,CTYLAK,FORLAK,T16VER,R16VER,C03532,E28103,H02115,,M24LFO,,,,,,,,,,,235SSA,,,,,,,,
16269,"514,080",7.705485,CTYLAK,FORLAK,T16VER,R16VER,C03532,E28103,H02115,,M24LFO,,,,S05NSH,,,,,,,235SSA,,,,,,,,
16270,,9.270223,CTYLAK,FORLAK,T16VER,R16VER,C03532,E22073,H10128,,M32MET,F16LRI,L04CME,,,,,,,,,280SSA,288SSA,,,,,,,
16271,,9.270223,CTYLAK,FORLAK,T16VER,R16VER,C03532,E22073,H10128,,M32MET,F16LRI,L04CME,,,,,,,,,280SSA,289SSA,,,,,,,
16272,,9.270223,CTYLAK,FORLAK,T16VER,R16VER,C03532,E22073,H10128,,M32MET,F16LRI,L04CME,,,,,,,,,280SSA,290SSA,,,,,,,
16273,,9.270223,CTYLAK,FORLAK,T16VER,R16VER,C03532,E22073,H10128,,M32MET,F16LRI,L04CME,,,,,,,,,280SSA,291SSA,,,,,,,
16274,,9.270223,CTYLAK,FORLAK,T16VER,R16VER,C03532,E22073,H10128,,M32MET,F16LRI,L04CME,,,,,,,,,280SSA,292SSA,,,,,,,
16275,,9.270223,CTYLAK,FORLAK,T16VER,R16VER,C03532,E22073,H10128,,M32MET,F16LRI,L04CME,,,,,,,,,280SSA,293SSA,,,,,,,
16276,,9.270223,CTYLAK,FORLAK,T16VER,R16VER,C03532,E22073,H10128,,M32MET,F16LRI,L04CME,,,,,,,,,280SSA,294SSA,,,,,,,
16277,,9.270223,CTYLAK,FORLAK,T16VER,R16VER,C03532,E22073,H10128,,M32MET,F16LRI,L04CME,,,,,,,,,280SSA,295SSA,,,,,,,
16278,,9.270223,CTYLAK,FORLAK,T16VER,R16VER,C03532,E22073,H10128,,M32MET,F16LRI,L04CME,,,,,,,,,280SSA,296SSA,,,,,,,
16279,,9.270223,CTYLAK,FORLAK,T16VER,R16VER,C03532,E22073,H10128,,M32MET,F16LRI,L04CME,,,,,,,,,280SSA,297SSA,,,,,,,
16280,,9.270223,CTYLAK,FORLAK,T16VER,R16VER,C03532,E22073,H10128,,M32MET,F16LRI,L04CME,,,,,,,,,280SSA,298SSA,,,,,,,
16281,,9.270223,CTYLAK,FORLAK,T16VER,R16VER,C03532,E22073,H10128,,M32MET,F16LRI,L04CME,,,,,,,,,280SSA,299SSA,,,,,,,
16282,,9.270223,CTYLAK,FORLAK,T16VER,R16VER,C03532,E22073,H10128,,M32MET,F16LRI,L04CME,,,,,,,,,280SSA,300SSA,,,,,,,
16283,,9.270223,CTYLAK,FORLAK,T16VER,R16VER,C03532,E22073,H10128,,M32MET,F16LRI,L04CME,,,,,,,,,280SSA,301SSA,,,,,,,
16284,,9.270223,CTYLAK,FORLAK,T16VER,R16VER,C03532,E22073,H10128,,M32MET,F16LRI,L04CME,,,,,,,,,280SSA,302SSA,,,,,,,
16285,,9.270223,CTYLAK,FORLAK,T16VER,R16VER,C03532,E22073,H10128,,M32MET,F16LRI,L04CME,,,,,,,,,280SSA,303SSA,,,,,,,
16286,,9.270223,CTYLAK,FORLAK,T16VER,R16VER,C03532,E22073,H10128,,M32MET,F16LRI,L04CME,,,,,,,,,280SSA,287SSA,,,,,,,
16287,,9.691756,CTYLAK,FORLAK,T16VER,R16VER,C03532,E26096,H07125,,M31LGR,F17LGR,L12VER,P14LGR,,,,,,,,228SSA,,,,,,,,
16288,,9.081295,CTYLAK,FORLAK,T16VER,R16VER,C03532,E28103,H07125,,M29LNC,F16LRI,L12VER,,,,Q02SOU,,,,,,,,,,,,,
16289,,9.131008,CTYLAK,FORLAK,T16VER,R16VER,C03532,E28103,H07125,,M41RIV,F16LRI,L12VER,,,,Q02SOU,,,,,360SSA,369SSA,,,,,,,
16290,,9.131008,CTYLAK,FORLAK,T16VER,R16VER,C03532,E28103,H07125,,M41RIV,F16LRI,L12VER,,,,Q02SOU,,,,,360SSA,,,,,,,,
16291,,9.131008,CTYLAK,FORLAK,T16VER,R16VER,C03532,E28103,H07125,,M41RIV,F16LRI,L12VER,,,,Q02SOU,,,,,356SSA,,,,,,,,
16292,,9.253516,CTYLAK,FORLAK,T16VER,R16VER,C03532,E28103,H07125,,M41RIV,F16LRI,L12VER,,,,Q02SOU,,,,,356SSA,357SSA,360SSA,,,,,,
16293,,9.253516,CTYLAK,FORLAK,T16VER,R16VER,C03532,E28103,H07125,,M41RIV,F16LRI,L12VER,,,,Q02SOU,,,,,356SSA,357SSA,368SSA,,,,,,
16294,,9.131008,CTYLAK,FORLAK,T16VER,R16VER,C03532,E28103,H07125,,M41RIV,F16LRI,L12VER,,,,Q02SOU,,,,,361SSA,,,,,,,,
16295,,9.131008,CTYLAK,FORLAK,T16VER,R16VER,C03532,E28103,H07125,,M41RIV,F16LRI,L12VER,,,,Q02SOU,,,,,356SSA,369SSA,,,,,,,
16296,"276,691",9.131008,CTYLAK,FORLAK,T16VER,R16VER,C03532,E28103,H07125,,M41RIV,F16LRI,L12VER,,,,Q02SOU,,,,,367SSA,,,,,,,,
16297,"1,833,436",9.131008,CTYLAK,FORLAK,T16VER,R16VER,C03532,E28103,H07125,,M41RIV,F16LRI,L12VER,,,,Q02SOU,,,,,362SSA,367SSA,,,,,,,
16298,,9.253516,CTYLAK,FORLAK,T16VER,R16VER,C03532,E28103,H07125,,M41RIV,F16LRI,L12VER,,,,Q02SOU,,,,,357SSA,368SSA,,,,,,,
16299,,9.131008,CTYLAK,FORLAK,T16VER,R16VER,C03532,E28103,H07125,,M41RIV,F16LRI,L12VER,,,,Q02SOU,,,,,356SSA,359SSA,,,,,,,
16300,,9.131008,CTYLAK,FORLAK,T16VER,R16VER,C03532,E28103,H07125,,M41RIV,F16LRI,L12VER,,,,Q02SOU,,,,,359SSA,361SSA,,,,,,,
16301,,11.50297,CTYLAK,FORLAK,T16VER,R16VER,C03532,E27102,H07125,,M53WHE,F17LGR,L12VER,P04BGR,,,,,,,,,,,,,,,,
16302,,8.558833,CTYLAK,FORLAK,T16VER,R16VER,C03532,E28103,H02115,,M24LFO,F16LRI,,,S05NSH,,,,,,,,,,,,,,,
16303,,9.714512,CTYLAK,FORLAK,T16VER,R16VER,C03532,E28103,H07125,,M07BGR,F16LRI,L12VER,,,,,,,,,147SSA,,,,,,,,
16304,,10.223801,CTYLAK,FORLAK,T16VER,R16VER,C03532,E28103,H07125,,M07BGR,F16LRI,L12VER,P04BGR,,,,,,,,,,,,,,,,
16305,,8.558833,CTYLAK,FORLAK,T16VER,R16VER,C03532,E28103,H02115,,M24LFO,F16LRI,,,S05NSH,,,,,,,237SSA,,,,,,,,
16306,,7.705485,CTYLAK,FORLAK,T16VER,R16VER,C03532,E28103,H02115,,M24LFO,,,,S05NSH,,,,,,,237SSA,,,,,,,,
16307,"3,470,012",9.270223,CTYLAK,FORLAK,T16VER,R16VER,C03532,E22073,H10128,,M32MET,F16LRI,L04CME,,,,,,,,,280SSA,,,,,,,,
16309, -   ,9.691756,CTYLAK,FORLAK,T16VER,R16VER,C03532,E26096,H07125,,M31LGR,F17LGR,L12VER,P14LGR,,,,,,,,226SSA,,,,,,,,
16310,"1,820,102",9.691756,CTYLAK,FORLAK,T16VER,R16VER,C03532,E26096,H07125,,M31LGR,F17LGR,L12VER,P14LGR,,,,,,X26TIF,,228SSA,,,,,,,,
16311,"2,138,709",9.691756,CTYLAK,FORLAK,T16VER,R16VER,C03532,E26096,H07125,,M31LGR,F17LGR,L12VER,P14LGR,,,,,,X26TIF,,226SSA,,,,,,,,
16312, -   ,9.907852,CTYLAK,FORLAK,T16VER,R16VER,C03532,E26096,H07125,,M31LGR,F17LGR,L09ITR,P14LGR,,,,,,X26TIF,,,,,,,,,,
16313,"1,550,591",9.691756,CTYLAK,FORLAK,T16VER,R16VER,C03532,E26096,H07125,,M31LGR,F17LGR,L12VER,P14LGR,,,,,,X26TIF,,,,,,,,,,
16314,,6.059793,CTYLAK,FORLAK,T16VER,R16VER,C03532,E18067,H02115,,M24LFO,,,,S05NSH,,,,,,,237SSA,,,,,,,,
16315,"923,542",9.691137,CTYLAK,FORLAK,T16VER,R16VER,C03532,E28103,H07125,,M32MET,F16LRI,L04CME,,,,,,,,,282SSA,283SSA,,,,,,,
16316,,9.437448,CTYLAK,FORLAK,T16VER,R16VER,C03532,E26096,H07125,,M31LGR,F07COU,L12VER,P14LGR,,,,,,,,227SSA,,,,B09COU,,,,
16317, -   ,9.691756,CTYLAK,FORLAK,T16VER,R16VER,C03532,E26096,H07125,,M31LGR,F17LGR,L12VER,P14LGR,,,,,,,,227SSA,,,,,,,,
16318,,9.530454,CTYLAK,FORLAK,T16VER,R16VER,C03532,E27102,H07125,,M41RIV,F16LRI,L12VER,,,,Q02SOU,,,,,355SSA,372SSA,,,,,,,
16319,,8.779394,CTYLAK,FORLAK,T16VER,R16VER,C03532,E30109,H01113,,M41RIV,F16LRI,L12VER,,,,Q02SOU,,,,,355SSA,372SSA,,,,,,,
16320,,8.766897,CTYLAK,FORLAK,T16VER,R16VER,C03532,E30109,H01113,,M41RIV,F16LRI,L12VER,,,,,,,,,355SSA,372SSA,,,,,,,
16321,"2,008,742",8.779394,CTYLAK,FORLAK,T16VER,R16VER,C03532,E30109,H01113,,M41RIV,F16LRI,L12VER,,,,Q02SOU,,,,,373SSA,,,,,,,,
16322,,8.459461,CTYLAK,FORLAK,T16VER,R16VER,C03532,E30109,H01113,,M41RIV,F16LRI,,,,,Q02SOU,,,,,365SSA,373SSA,,,,,,,
16323,,8.779394,CTYLAK,FORLAK,T16VER,R16VER,C03532,E30109,H01113,,M41RIV,F16LRI,L12VER,,,,Q02SOU,,,,,365SSA,373SSA,,,,,,,
16324,,8.459461,CTYLAK,FORLAK,T16VER,R16VER,C03532,E30109,H01113,,M41RIV,F16LRI,,,,,Q02SOU,,,,,364SSA,374SSA,,,,,,,
16325,"268,605",9.530454,CTYLAK,FORLAK,T16VER,R16VER,C03532,E27102,H07125,,M41RIV,F16LRI,L12VER,,,,Q02SOU,,,,,372SSA,,,,,,,,
16326,,9.068798,CTYLAK,FORLAK,T16VER,R16VER,C03532,E28103,H07125,,M29LNC,F16LRI,L12VER,,,,,,,,,264SSA,,,,,,,,
16327,,9.068798,CTYLAK,FORLAK,T16VER,R16VER,C03532,E28103,H07125,,M29LNC,F16LRI,L12VER,,,,,,,,,145SSA,264SSA,,,,,,,
16328, -   ,10.106628,CTYLAK,FORLAK,T16VER,R16VER,C03532,E27102,H07125,,M53WHE,,L12VER,,,,,,,,,,,,,,,,,
16329,"5,673,381",10.857586,CTYLAK,FORLAK,T16VER,R16VER,C03532,E27102,H07125,,M53WHE,,L12VER,P21WHE,,,,,,,,,,,,,,,,
16330,"42,490",10.615917,CTYLAK,FORLAK,T16VER,R16VER,C03532,E27102,H07125,,M53WHE,,L12VER,P04BGR,,,,,,,,,,,,,,,,
16331,"5,558,014",9.437448,CTYLAK,FORLAK,T16VER,R16VER,C03532,E26096,H07125,,M31LGR,F07COU,L12VER,P14LGR,,,,,WTRCLC,,,227SSA,,,,B09COU,B16CLC,,,
16332,"22,339,583",9.691756,CTYLAK,FORLAK,T16VER,R16VER,C03532,E26096,H07125,,M31LGR,F17LGR,L12VER,P14LGR,,,,,WTRCLC,,,227SSA,,,,B16CLC,,,,
16333,"9,013,713",8.817309,CTYLAK,FORLAK,T16VER,R16VER,C03532,E28103,H07125,,,F16LRI,L12VER,,,,,,WTRCLC,,,,,,,B16CLC,,,,
16334,"11,846,255",8.779394,CTYLAK,FORLAK,T16VER,R16VER,C03532,E30109,H01113,,M41RIV,F16LRI,L12VER,,,,Q02SOU,,,,,372SSA,,,,,,,,
16335,"203,350",8.766897,CTYLAK,FORLAK,T16VER,R16VER,C03532,E30109,H01113,,M41RIV,F16LRI,L12VER,,,,,,,,,372SSA,,,,,,,,
16336,"4,897,653",9.253516,CTYLAK,FORLAK,T16VER,R16VER,C03532,E28103,H07125,,M41RIV,F16LRI,L12VER,,,,Q02SOU,,,,,357SSA,,,,,,,,
16337,"2,531,080",8.459461,CTYLAK,FORLAK,T16VER,R16VER,C03532,E30109,H01113,,M41RIV,F16LRI,,,,,Q02SOU,,,,,374SSA,,,,,,,,
16338,"6,437,033",8.459461,CTYLAK,FORLAK,T16VER,R16VER,C03532,E30109,H01113,,M41RIV,F16LRI,,,,,Q02SOU,,,,,375SSA,,,,,,,,
16339,,9.530454,CTYLAK,FORLAK,T16VER,R16VER,C03532,E27102,H07125,,M41RIV,F16LRI,L12VER,,,,Q02SOU,,,X39TIF,,,,,,,,,,
16340,"281,083",9.517957,CTYLAK,FORLAK,T16VER,R16VER,C03532,E27102,H07125,,M41RIV,F16LRI,L12VER,,,,,,,X39TIF,,,,,,,,,,
16341,"7,804,218",9.228097,CTYLAK,FORLAK,T16VER,R16VER,C03532,E30109,H01113,,M41RIV,F16LRI,,,,,Q02SOU,,,,,370SSA,,,,,,,,
16342,"2,399,304",8.459461,CTYLAK,FORLAK,T16VER,R16VER,C03532,E30109,H01113,,M41RIV,F16LRI,,,,,Q02SOU,,,,,373SSA,,,,,,,,
16343,"460,923",7.237532,CTYLAK,FORLAK,T16VER,R16VER,C03532,E29106,H01113,,M41RIV,F16LRI,,,,,Q02SOU,,,,,377SSA,,,,,,,,
16344,"11,395,981",8.459461,CTYLAK,FORLAK,T16VER,R16VER,C03532,E30109,H01113,,M41RIV,F16LRI,,,,,Q02SOU,,,,,377SSA,,,,,,,,
16345,"1,904,831",8.811075,CTYLAK,FORLAK,T16VER,R16VER,C03532,E28103,H07125,,M41RIV,F16LRI,,,,,Q02SOU,,,,,377SSA,,,,,,,,
16346,"1,601,890",9.131008,CTYLAK,FORLAK,T16VER,R16VER,C03532,E28103,H07125,,M41RIV,F16LRI,L12VER,,,,Q02SOU,,,,,377SSA,,,,,,,,
16347,,8.459461,CTYLAK,FORLAK,T16VER,R16VER,C03532,E30109,H01113,,M41RIV,F16LRI,,,,,Q02SOU,,,,,365SSA,377SSA,,,,,,,
16348, -   ,9.691756,CTYLAK,FORLAK,T16VER,R16VER,C03532,E26096,H07125,,M02AHE,F17LGR,L12VER,,,,,,,,,,,,,,,,,
16349,,10.201045,CTYLAK,FORLAK,T16VER,R16VER,C03532,E26096,H07125,,M02AHE,F17LGR,L12VER,P04BGR,,,,,,,,,,,,,,,,
16350,"5,343,311",7.237532,CTYLAK,FORLAK,T16VER,R16VER,C03532,E29106,H01113,,M41RIV,F16LRI,,,,,Q02SOU,,,,,379SSA,,,,,,,,
16351,"1,721,996",8.459461,CTYLAK,FORLAK,T16VER,R16VER,C03532,E30109,H01113,,M41RIV,F16LRI,,,,,Q02SOU,,,,,380SSA,,,,,,,,
16352,"1,723,212",8.459461,CTYLAK,FORLAK,T16VER,R16VER,C03532,E30109,H01113,,M41RIV,F16LRI,,,,,Q02SOU,,,,,381SSA,,,,,,,,
16353,"3,619,875",8.459461,CTYLAK,FORLAK,T16VER,R16VER,C03532,E30109,H01113,,M41RIV,F16LRI,,,,,Q02SOU,,,,,382SSA,,,,,,,,
16354,"1,632,453",8.459461,CTYLAK,FORLAK,T16VER,R16VER,C03532,E30109,H01113,,M41RIV,F16LRI,,,,,Q02SOU,,,,,408SSA,,,,,,,,
16355, -   ,9.301237,CTYLAK,FORLAK,T16VER,R16VER,C03532,E22073,H10128,,M49VHI,F07COU,L04CME,P18VHI,,,,,WTRCLC,X59TIF,,,,,,B09COU,B16CLC,,,
16356,"2,295,627",9.691756,CTYLAK,FORLAK,T16VER,R16VER,C03532,E26096,H07125,,M31LGR,F17LGR,L12VER,P14LGR,,,,,,X26TIF,,228SSA,411SSA,,,,,,,
16357,"4,780,701",9.530454,CTYLAK,FORLAK,T16VER,R16VER,C03532,E27102,H07125,,M41RIV,F16LRI,L12VER,,,,Q02SOU,,,X63TIF,,,,,,,,,,
16358,,9.530454,CTYLAK,FORLAK,T16VER,R16VER,C03532,E27102,H07125,,M41RIV,F16LRI,L12VER,,,,Q02SOU,,,X63TIF,,,,,,,,,,
16359,"1,698,625",8.459461,CTYLAK,FORLAK,T16VER,R16VER,C03532,E30109,H01113,,M41RIV,F16LRI,,,,,Q02SOU,,,,,414SSA,,,,,,,,
16360,,9.517957,CTYLAK,FORLAK,T16VER,R16VER,C03532,E27102,H07125,,M41RIV,F16LRI,L12VER,,,,,,,X39TIF,X63TIF,,,,,,,,,
16361,,9.530454,CTYLAK,FORLAK,T16VER,R16VER,C03532,E27102,H07125,,M41RIV,F16LRI,L12VER,,,,Q02SOU,,,X39TIF,X63TIF,,,,,,,,,
16362, -   ,9.517957,CTYLAK,FORLAK,T16VER,R16VER,C03532,E27102,H07125,,M41RIV,F16LRI,L12VER,,,,,,,X63TIF,,,,,,,,,,
16363,,10.656952,CTYLAK,FORLAK,T16VER,R16VER,C03532,E27102,H07125,,M07BGR,F17LGR,L12VER,P04BGR,,,,,,X67TIF,,,,,,,,,,
16364,"4,239,175",9.769899,CTYLAK,FORLAK,T16VER,R16VER,C03532,E27102,H07125,,M07BGR,,L12VER,P04BGR,,,,,,X67TIF,,,,,,,,,,
16365,"6,016,499",10.427291,CTYLAK,FORLAK,T16VER,R16VER,C03532,E26096,H07125,,M07BGR,,L09ITR,P04BGR,,,,,,X67TIF,,,,,,,,,,
16366,"6,807,029",9.985995,CTYLAK,FORLAK,T16VER,R16VER,C03532,E27102,H07125,,M07BGR,,L09ITR,P04BGR,,,,,,X67TIF,,,,,,,,,,
16367,,10.211195,CTYLAK,FORLAK,T16VER,R16VER,C03532,E26096,H07125,,M07BGR,,L12VER,P04BGR,,,,,,X67TIF,,,,,,,,,,
16368,,10.857586,CTYLAK,FORLAK,T16VER,R16VER,C03532,E27102,H07125,,M53WHE,,L12VER,P21WHE,,,,,,X67TIF,,,,,,,,,,
16369,"2,417,587",8.459461,CTYLAK,FORLAK,T16VER,R16VER,C03532,E30109,H01113,,M41RIV,F16LRI,,,,,Q02SOU,,,,,416SSA,,,,,,,,
16370,,9.301237,CTYLAK,FORLAK,T16VER,R16VER,C03532,E22073,H10128,,M49VHI,F07COU,L04CME,P18VHI,,,,,WTRCLC,X68TIF,,,,,,B09COU,B16CLC,,,
16371,"2,857,966",9.922684,CTYLAK,FORLAK,T16VER,R16VER,C03532,E22073,H04120,,M33MUN,,L04CME,P15MUN,,,,,WTRCLC,,,418SSA,,,,B15MUN,B16CLC,B17MU2,,
16372,"7,465,630",7.237532,CTYLAK,FORLAK,T16VER,R16VER,C03532,E29106,H01113,,M41RIV,F16LRI,,,,,Q02SOU,,,,,421SSA,,,,,,,,
16373,"2,093,216",8.459461,CTYLAK,FORLAK,T16VER,R16VER,C03532,E30109,H01113,,M41RIV,F16LRI,,,,,Q02SOU,,,,,421SSA,,,,,,,,
17001,"27,011,641",7.300285,CTYLAK,FORLAK,T17WDE,,C03532,E29106,H01113,,M03BAN,F08DBA,,,,,Q02SOU,,,,,,,,,,,,,
17002,,8.247805,CTYLAK,FORLAK,T17WDE,,C03532,E29106,H01113,,M08DEE,F08DBA,,P05DEE,,,Q02SOU,,,,,,,,,B13DEE,,,,
17003, -   ,6.724745,CTYLAK,FORLAK,T17WDE,,C03532,E29106,H01113,,,F08DBA,,,,,,,,,,,,,,,,,,
17004,"1,247,891,759",9.469734,CTYLAK,FORLAK,T17WDE,,C03532,E30109,H01113,,M08DEE,F08DBA,,P05DEE,,,Q02SOU,,,,,,,,,B13DEE,,,,
17005,"11,896",8.522214,CTYLAK,FORLAK,T17WDE,,C03532,E30109,H01113,,M03BAN,F08DBA,,,,,Q02SOU,,,,,,,,,,,,,
17006,"648,617",8.579084,CTYLAK,FORLAK,T17WDE,,C03532,E30109,H01113,,,F08DBA,,P05DEE,,,Q02SOU,,,,,,,,,,,,,
17007,"13,808,297",7.038444,CTYLAK,FORLAK,T17WDE,,C03532,E29106,H01113,,M41RIV,F08DBA,,,,,Q02SOU,,,,,,,,,,,,,
17008,"16,534,888",8.925772,CTYLAK,FORLAK,T17WDE,,C03532,E30109,H01113,,M17HPA,,,P10HPA,S05NSH,,Q02SOU,,,,,,,,,,,,,
17009,"5,297,447",8.766053,CTYLAK,FORLAK,T17WDE,,C03532,E30109,H01113,,M17HPA,,,P10HPA,,,Q02SOU,,,,,,,,,,,,,
17010,"58,075",8.774411,CTYLAK,FORLAK,T17WDE,,C03532,E30109,H01113,,M17HPA,,,P05DEE,,,Q02SOU,,,,,,,,,,,,,
17011,"22,559,800",7.300285,CTYLAK,FORLAK,T17WDE,,C03532,E29106,H01113,,M03BAN,F08DBA,,,,,Q02SOU,,,,,115SSA,,,,,,,,
17012,,7.946674,CTYLAK,FORLAK,T17WDE,,C03532,E30109,H01113,,,F08DBA,,,,,,,,,,,,,,,,,,
17013,,9.461376,CTYLAK,FORLAK,T17WDE,,C03532,E30109,H01113,,M08DEE,F08DBA,,P10HPA,,,Q02SOU,,,,,,,,,B13DEE,,,,
17014,,8.566587,CTYLAK,FORLAK,T17WDE,,C03532,E30109,H01113,,,F08DBA,,P05DEE,,,,,,,,,,,,,,,,
17015,"189,867,254",8.988539,CTYLAK,FORLAK,T17WDE,,C03532,E31112,H01113,,M17HPA,,,P10HPA,S05NSH,,Q02SOU,,,,,,,,,,,,,(From ESD 1)
17016,"49,344",8.82882,CTYLAK,FORLAK,T17WDE,,C03532,E31112,H01113,,M17HPA,,,P10HPA,,,Q02SOU,,,,,,,,,,,,,
17017,"2,603,504",7.296167,CTYLAK,FORLAK,T17WDE,,C03532,E29106,H01113,,M29LNC,F08DBA,L12VER,,,,,,,,,,,,,,,,,
17018,"88,407,818",8.988539,CTYLAK,FORLAK,T17WDE,,C03532,E31112,H01113,,M17HPA,,,P10HPA,S05NSH,,Q02SOU,,,,,,,,,,,,,(From ESD 7)
17019,"122,534",7.287788,CTYLAK,FORLAK,T17WDE,,C03532,E29106,H01113,,M03BAN,F08DBA,,,,,,,,,,,,,,,,,,
17020,"300,599",8.82882,CTYLAK,FORLAK,T17WDE,,C03532,E31112,H01113,,M17HPA,,,P10HPA,,,Q02SOU,,,,,,,,,,,,,
17021,"57,863,458",8.260373,CTYLAK,FORLAK,T17WDE,,C03532,E30109,H01113,,M41RIV,F08DBA,,,,,Q02SOU,,,,,,,,,,,,,
17022,,8.988539,CTYLAK,FORLAK,T17WDE,,C03532,E31112,H01113,,M17HPA,,,P10HPA,S05NSH,,Q02SOU,,,,,,,,,B01108,,,,
17023,"730,993",7.544124,CTYLAK,FORLAK,T17WDE,,C03532,E29106,H01113,,M17HPA,,,P10HPA,,,Q02SOU,,,,,,,,,,,,,
17024,"332,984",8.522214,CTYLAK,FORLAK,T17WDE,,C03532,E30109,H01113,,M03BAN,F08DBA,,,,,Q02SOU,,,,,115SSA,,,,,,,,
17025,"806,296,337",6.000734,CTYLAK,FORLAK,T17WDE,,C03532,E18067,H02115,,M24LFO,,,,S05NSH,,,,,,,,,,,,,,,
17026,"10,580,510",5.841015,CTYLAK,FORLAK,T17WDE,,C03532,E18067,H02115,,M24LFO,,,,,,,,,,,,,,,,,,,
17027,,9.457237,CTYLAK,FORLAK,T17WDE,,C03532,E30109,H01113,,M08DEE,F08DBA,,P05DEE,,,,,,,,,,,,B13DEE,,,,
17028,,7.025947,CTYLAK,FORLAK,T17WDE,,C03532,E29106,H01113,,M41RIV,F08DBA,,,,,,,,,,,,,,,,,,
17029,,6.884464,CTYLAK,FORLAK,T17WDE,,C03532,E29106,H01113,,,F08DBA,,,S01DMW,S05NSH,,,,,,,,,,,,,,
17030, -   ,8.810824,CTYLAK,FORLAK,T17WDE,,C03532,E31112,H01113,,M08DEE,,,P10HPA,,,Q02SOU,,,,,,,,,B13DEE,,,,
17031, -   ,7.64586,CTYLAK,FORLAK,T17WDE,,C03532,E29106,H01113,,M41RIV,F08DBA,,P05DEE,,,,,,,,,,,,,,,,
17032,,6.737242,CTYLAK,FORLAK,T17WDE,,C03532,E29106,H01113,,,F08DBA,,,,,Q02SOU,,,,,,,,,,,,,
17033,,6.896961,CTYLAK,FORLAK,T17WDE,,C03532,E29106,H01113,,,F08DBA,,,S05NSH,,Q02SOU,,,,,,,,,,,,,
17034,"15,467,495",7.959171,CTYLAK,FORLAK,T17WDE,,C03532,E30109,H01113,,,F08DBA,,,,,Q02SOU,,,,,,,,,,,,,
17035,"100,483",7.658357,CTYLAK,FORLAK,T17WDE,,C03532,E29106,H01113,,M41RIV,F08DBA,,P05DEE,,,Q02SOU,,,,,,,,,,,,,
17036,"8,188,124",8.880286,CTYLAK,FORLAK,T17WDE,,C03532,E30109,H01113,,M41RIV,F08DBA,,P05DEE,,,Q02SOU,,,,,,,,,,,,,
17037,"662,283",6.884464,CTYLAK,FORLAK,T17WDE,,C03532,E29106,H01113,,,F08DBA,,,S05NSH,,,,,,,,,,,,,,,
17038,"6,115,672",7.703843,CTYLAK,FORLAK,T17WDE,,C03532,E29106,H01113,,M17HPA,,,P10HPA,S05NSH,,Q02SOU,,,,,,,,,,,,,
17039,"37,887,712",7.460004,CTYLAK,FORLAK,T17WDE,,C03532,E29106,H01113,,M03BAN,F08DBA,,,S05NSH,,Q02SOU,,,,,,,,,,,,,
17040,,8.247876,CTYLAK,FORLAK,T17WDE,,C03532,E30109,H01113,,M41RIV,F08DBA,,,,,,,,,,,,,,,,,,
17041,,7.447507,CTYLAK,FORLAK,T17WDE,,C03532,E29106,H01113,,M03BAN,F08DBA,,,S01DMW,S05NSH,,,,,,,,,,,,,,
17042,"53,764",7.447507,CTYLAK,FORLAK,T17WDE,,C03532,E29106,H01113,,M03BAN,F08DBA,,,S05NSH,,,,,,,,,,,,,,,
17043, -   ,7.300285,CTYLAK,FORLAK,T17WDE,,C03532,E29106,H01113,,M03BAN,F08DBA,,,,,Q02SOU,,,,,113SSA,,,,,,,,
17044,,7.287788,CTYLAK,FORLAK,T17WDE,,C03532,E29106,H01113,,M03BAN,F08DBA,,,,,,,,,,114SSA,,,,,,,,
17045,"3,706,205",7.447507,CTYLAK,FORLAK,T17WDE,,C03532,E29106,H01113,,M03BAN,F08DBA,,,S05NSH,,,,,,,114SSA,,,,,,,,
17046,"20,899",9.629453,CTYLAK,FORLAK,T17WDE,,C03532,E30109,H01113,,M08DEE,F08DBA,,P05DEE,S05NSH,,Q02SOU,,,,,,,,,B13DEE,,,,
17047, -   ,8.837324,CTYLAK,FORLAK,T17WDE,,C03532,E30109,H01113,,M08DEE,F08DBA,,,,,,,,,,,,,,B13DEE,,,,
17048,,8.407524,CTYLAK,FORLAK,T17WDE,,C03532,E29106,H01113,,M08DEE,F08DBA,,P05DEE,S05NSH,,Q02SOU,,,,,,,,,B13DEE,,,,
17049,,7.296167,CTYLAK,FORLAK,T17WDE,,C03532,E29106,H01113,,M29LNC,F08DBA,L12VER,,,,,,,,,145SSA,,,,,,,,
17050,,7.946674,CTYLAK,FORLAK,T17WDE,,C03532,E30109,H01113,,,F08DBA,,,,,,,,,,146SSA,,,,,,,,
17051,,8.260373,CTYLAK,FORLAK,T17WDE,,C03532,E30109,H01113,,M41RIV,F08DBA,,,,,Q02SOU,,,,,146SSA,,,,,,,,
17052, -   ,8.247876,CTYLAK,FORLAK,T17WDE,,C03532,E30109,H01113,,M41RIV,F08DBA,,,,,,,,,,146SSA,,,,,,,,
17053,,9.469734,CTYLAK,FORLAK,T17WDE,,C03532,E30109,H01113,,M08DEE,F08DBA,,P05DEE,,,Q02SOU,,,X10TIF,,,,,,B13DEE,,,,
17054,,6.884464,CTYLAK,FORLAK,T17WDE,,C03532,E29106,H01113,,,F08DBA,,,S05NSH,,,,,,,114SSA,,,,,,,,
17055,,8.867789,CTYLAK,FORLAK,T17WDE,,C03532,E30109,H01113,,M41RIV,F08DBA,,P05DEE,,,,,,,,,,,,,,,,
17056,,8.837324,CTYLAK,FORLAK,T17WDE,,C03532,E30109,H01113,,M08DEE,F08DBA,,,,,,,,,,146SSA,,,,B13DEE,,,,
17057,,7.907701,CTYLAK,FORLAK,T17WDE,,C03532,E29106,H01113,,M03BAN,F08DBA,,P05DEE,,,,,,,,,,,,,,,,
17058,,9.457237,CTYLAK,FORLAK,T17WDE,,C03532,E30109,H01113,,M08DEE,F08DBA,,P05DEE,,,,,,,,146SSA,,,,B13DEE,,,,
17059,,7.920198,CTYLAK,FORLAK,T17WDE,,C03532,E29106,H01113,,M03BAN,F08DBA,,P05DEE,,,Q02SOU,,,,,,,,,,,,,
17060,"10,863,513",7.460004,CTYLAK,FORLAK,T17WDE,,C03532,E29106,H01113,,M03BAN,F08DBA,,,S05NSH,,Q02SOU,,,,,113SSA,,,,,,,,
17061,,7.300285,CTYLAK,FORLAK,T17WDE,,C03532,E29106,H01113,,M03BAN,F08DBA,,,,,Q02SOU,,,,,114SSA,,,,,,,,
17062,,7.907701,CTYLAK,FORLAK,T17WDE,,C03532,E29106,H01113,,M03BAN,F08DBA,,P05DEE,,,,,,,,114SSA,,,,,,,,
17063,,7.300285,CTYLAK,FORLAK,T17WDE,,C03532,E29106,H01113,,M03BAN,F08DBA,,,,,Q02SOU,,,X08TIF,,,,,,,,,,
17064,,7.287788,CTYLAK,FORLAK,T17WDE,,C03532,E29106,H01113,,M03BAN,F08DBA,,,,,,,,X08TIF,,,,,,,,,,
17065,,7.287788,CTYLAK,FORLAK,T17WDE,,C03532,E29106,H01113,,M03BAN,F08DBA,,,,,,,,X08TIF,,114SSA,,,,,,,,
17066,,7.907701,CTYLAK,FORLAK,T17WDE,,C03532,E29106,H01113,,M03BAN,F08DBA,,P05DEE,,,,,,X08TIF,,,,,,,,,,
17067,,7.920198,CTYLAK,FORLAK,T17WDE,,C03532,E29106,H01113,,M03BAN,F08DBA,,P05DEE,,,Q02SOU,,,X08TIF,,,,,,,,,,
17068,,7.907701,CTYLAK,FORLAK,T17WDE,,C03532,E29106,H01113,,M03BAN,F08DBA,,P05DEE,,,,,,X08TIF,,114SSA,,,,,,,,
17069, -   ,9.469734,CTYLAK,FORLAK,T17WDE,,C03532,E30109,H01113,,M08DEE,F08DBA,,P05DEE,,,Q02SOU,,,X11TIF,,,,,,B13DEE,,,,
17070,,8.766053,CTYLAK,FORLAK,T17WDE,,C03532,E30109,H01113,,M17HPA,,,P10HPA,,,Q02SOU,,,,,,,,,,,,,
17071,,8.988539,CTYLAK,FORLAK,T17WDE,,C03532,E31112,H01113,,M17HPA,,,P10HPA,S05NSH,,Q02SOU,,,,,,,,,,,,,
17072,,8.988539,CTYLAK,FORLAK,T17WDE,,C03532,E31112,H01113,,M17HPA,,,P10HPA,S05NSH,,Q02SOU,,,,,,,,,,,,,
17073,,9.142127,CTYLAK,FORLAK,T17WDE,,C03532,E30109,H01113,,M03BAN,F08DBA,,P05DEE,,,Q02SOU,,,,,,,,,,,,,
17074, -   ,6.000734,CTYLAK,FORLAK,T17WDE,,C03532,E18067,H02115,,M24LFO,,,,S05NSH,,,,,X19TIF,,,,,,,,,,
17075,,5.841015,CTYLAK,FORLAK,T17WDE,,C03532,E18067,H02115,,M24LFO,,,,,,,,,X19TIF,,,,,,,,,,
17076,"4,303",7.300285,CTYLAK,FORLAK,T17WDE,,C03532,E29106,H01113,,M03BAN,F08DBA,,,,,Q02SOU,,,,,128SSA,,,,,,,,
17077,"701,878",8.522214,CTYLAK,FORLAK,T17WDE,,C03532,E30109,H01113,,M03BAN,F08DBA,,,,,Q02SOU,,,,,128SSA,,,,,,,,
17078,"944,335",7.300285,CTYLAK,FORLAK,T17WDE,,C03532,E29106,H01113,,M03BAN,F08DBA,,,,,Q02SOU,,,,,115SSA,128SSA,,,,,,,
17079,,9.142127,CTYLAK,FORLAK,T17WDE,,C03532,E30109,H01113,,M03BAN,F08DBA,,P05DEE,,,Q02SOU,,,,,128SSA,,,,,,,,
17080,"12,912",8.522214,CTYLAK,FORLAK,T17WDE,,C03532,E30109,H01113,,M03BAN,F08DBA,,,,,Q02SOU,,,,,115SSA,128SSA,,,,,,,
17081,"5,098,244",7.287788,CTYLAK,FORLAK,T17WDE,,C03532,E29106,H01113,,M03BAN,F08DBA,,,,,,,,,,116SSA,,,,,,,,
17082, -   ,7.447507,CTYLAK,FORLAK,T17WDE,,C03532,E29106,H01113,,M03BAN,F08DBA,,,S05NSH,,,,,,,116SSA,,,,,,,,
17083,,7.287788,CTYLAK,FORLAK,T17WDE,,C03532,E29106,H01113,,M03BAN,F08DBA,,,,,,,,,,114SSA,116SSA,,,,,,,
17084,"15,770,158",7.447507,CTYLAK,FORLAK,T17WDE,,C03532,E29106,H01113,,M03BAN,F08DBA,,,S05NSH,,,,,,,114SSA,116SSA,,,,,,,
17085,,7.300285,CTYLAK,FORLAK,T17WDE,,C03532,E29106,H01113,,M03BAN,F08DBA,,,,,Q02SOU,,,X08TIF,,116SSA,,,,,,,,
17086,,7.287788,CTYLAK,FORLAK,T17WDE,,C03532,E29106,H01113,,M03BAN,F08DBA,,,,,,,,X08TIF,,116SSA,,,,,,,,
17087,,7.287788,CTYLAK,FORLAK,T17WDE,,C03532,E29106,H01113,,M03BAN,F08DBA,,,,,,,,X08TIF,,114SSA,116SSA,,,,,,,
17088,,7.907701,CTYLAK,FORLAK,T17WDE,,C03532,E29106,H01113,,M03BAN,F08DBA,,P05DEE,,,,,,X08TIF,,116SSA,,,,,,,,
17089,,7.920198,CTYLAK,FORLAK,T17WDE,,C03532,E29106,H01113,,M03BAN,F08DBA,,P05DEE,,,Q02SOU,,,X08TIF,,116SSA,,,,,,,,
17090,,7.907701,CTYLAK,FORLAK,T17WDE,,C03532,E29106,H01113,,M03BAN,F08DBA,,P05DEE,,,,,,X08TIF,,114SSA,116SSA,,,,,,,
17091,"10,569,789",7.300285,CTYLAK,FORLAK,T17WDE,,C03532,E29106,H01113,,M03BAN,F08DBA,,,,,Q02SOU,,,,,115SSA,129SSA,,,,,,,
17092,,7.300285,CTYLAK,FORLAK,T17WDE,,C03532,E29106,H01113,,M03BAN,F08DBA,,,,,Q02SOU,,,,,129SSA,,,,,,,,
17093,,6.000734,CTYLAK,FORLAK,T17WDE,,C03532,E18067,H02115,,M24LFO,,,,S05NSH,,,,,,,245SSA,,,,,,,,
17094,,8.633493,CTYLAK,FORLAK,T17WDE,,C03532,E31112,H01113,,,F08DBA,,P10HPA,,,Q02SOU,,,,,,,,,,,,,
17095,,8.199269,CTYLAK,FORLAK,T17WDE,,C03532,E31112,H01113,,M08DEE,,,,,,Q02SOU,,,,,,,,,B13DEE,,,,
17096,,8.819182,CTYLAK,FORLAK,T17WDE,,C03532,E31112,H01113,,M08DEE,,,P05DEE,,,Q02SOU,,,,,,,,,B13DEE,,,,
17097,"321,474",9.621095,CTYLAK,FORLAK,T17WDE,,C03532,E30109,H01113,,M08DEE,F08DBA,,P10HPA,S05NSH,,Q02SOU,,,,,,,,,B13DEE,,,,
17098,,9.469734,CTYLAK,FORLAK,T17WDE,,C03532,E30109,H01113,,M08DEE,F08DBA,,P05DEE,,,Q02SOU,,,,,146SSA,,,,B13DEE,,,,
17099,,8.756415,CTYLAK,FORLAK,T17WDE,,C03532,E30109,H01113,,M08DEE,,,P05DEE,,,Q02SOU,,,,,,,,,B13DEE,,,,
17100,,7.300285,CTYLAK,FORLAK,T17WDE,,C03532,E29106,H01113,,M03BAN,F08DBA,,,,,Q02SOU,,,,,117SSA,,,,,,,,
17101,,7.300285,CTYLAK,FORLAK,T17WDE,,C03532,E29106,H01113,,M03BAN,F08DBA,,,,,Q02SOU,,,,,118SSA,,,,,,,,
17102,,7.300285,CTYLAK,FORLAK,T17WDE,,C03532,E29106,H01113,,M03BAN,F08DBA,,,,,Q02SOU,,,,,119SSA,,,,,,,,
17103, -   ,7.300285,CTYLAK,FORLAK,T17WDE,,C03532,E29106,H01113,,M03BAN,F08DBA,,,,,Q02SOU,,,,,120SSA,,,,,,,,
17104,,7.233355,CTYLAK,FORLAK,T17WDE,,C03532,E30109,H01113,,M36NOR,,,,,,,,,,,,,,,,,,,
17105,"13,834,265",6.896961,CTYLAK,FORLAK,T17WDE,,C03532,E29106,H01113,,,F08DBA,,,S01DMW,S05NSH,Q02SOU,,,,,,,,,,,,,
17106,,7.460004,CTYLAK,FORLAK,T17WDE,,C03532,E29106,H01113,,M03BAN,F08DBA,,,S01DMW,S05NSH,Q02SOU,,,,,,,,,,,,,
17107,,7.447507,CTYLAK,FORLAK,T17WDE,,C03532,E29106,H01113,,M03BAN,F08DBA,,,S05NSH,,,,,,,114SSA,116SSA,122SSA,,,,,,
17108,,7.447507,CTYLAK,FORLAK,T17WDE,,C03532,E29106,H01113,,M03BAN,F08DBA,,,S05NSH,,,,,,,116SSA,122SSA,,,,,,,
17109,,7.907701,CTYLAK,FORLAK,T17WDE,,C03532,E29106,H01113,,M03BAN,F08DBA,,P05DEE,,,,,,X08TIF,,116SSA,122SSA,,,,,,,
17110, -   ,7.447507,CTYLAK,FORLAK,T17WDE,,C03532,E29106,H01113,,M03BAN,F08DBA,,,S05NSH,,,,,,,114SSA,116SSA,121SSA,,,,,,
17111,,7.447507,CTYLAK,FORLAK,T17WDE,,C03532,E29106,H01113,,M03BAN,F08DBA,,,S05NSH,,,,,,,116SSA,121SSA,,,,,,,
17112,,8.988539,CTYLAK,FORLAK,T17WDE,,C03532,E31112,H01113,,M17HPA,,,P10HPA,S05NSH,,Q02SOU,,,,,185SSA,,,,,,,,
17113,,8.988539,CTYLAK,FORLAK,T17WDE,,C03532,E31112,H01113,,M17HPA,,,P10HPA,S05NSH,,Q02SOU,,,,,186SSA,,,,,,,,
17114,,8.988539,CTYLAK,FORLAK,T17WDE,,C03532,E31112,H01113,,M17HPA,,,P10HPA,S05NSH,,Q02SOU,,,,,187SSA,,,,,,,,
17115,,8.988539,CTYLAK,FORLAK,T17WDE,,C03532,E31112,H01113,,M17HPA,,,P10HPA,S05NSH,,Q02SOU,,,,,188SSA,,,,,,,,
17116,,8.988539,CTYLAK,FORLAK,T17WDE,,C03532,E31112,H01113,,M17HPA,,,P10HPA,S05NSH,,Q02SOU,,,,,189SSA,,,,,,,,
17117,,8.988539,CTYLAK,FORLAK,T17WDE,,C03532,E31112,H01113,,M17HPA,,,P10HPA,S05NSH,,Q02SOU,,,,,190SSA,,,,,,,,
17118,,8.988539,CTYLAK,FORLAK,T17WDE,,C03532,E31112,H01113,,M17HPA,,,P10HPA,S05NSH,,Q02SOU,,,,,191SSA,,,,,,,,
17119,,8.988539,CTYLAK,FORLAK,T17WDE,,C03532,E31112,H01113,,M17HPA,,,P10HPA,S05NSH,,Q02SOU,,,,,192SSA,,,,,,,,
17120,,8.988539,CTYLAK,FORLAK,T17WDE,,C03532,E31112,H01113,,M17HPA,,,P10HPA,S05NSH,,Q02SOU,,,,,193SSA,,,,,,,,
17121,,8.988539,CTYLAK,FORLAK,T17WDE,,C03532,E31112,H01113,,M17HPA,,,P10HPA,S05NSH,,Q02SOU,,,,,194SSA,,,,,,,,
17122,,8.247876,CTYLAK,FORLAK,T17WDE,,C03532,E30109,H01113,,M41RIV,F08DBA,,,,,,,,,,146SSA,,,,,,,,
17123,,7.300285,CTYLAK,FORLAK,T17WDE,,C03532,E29106,H01113,,M03BAN,F08DBA,,,,,Q02SOU,,,,,123SSA,,,,,,,,
17124,"74,924",9.524143,CTYLAK,FORLAK,T17WDE,,C03532,E31112,H01113,,M08DEE,F08DBA,,P10HPA,,,Q02SOU,,,,,,,,,B13DEE,,,,
17125,,7.300285,CTYLAK,FORLAK,T17WDE,,C03532,E29106,H01113,,M03BAN,F08DBA,,,,,Q02SOU,,,,,123SSA,124SSA,,,,,,,
17126,,7.946674,CTYLAK,FORLAK,T17WDE,,C03532,E30109,H01113,,M36NOR,F08DBA,,,,,,,,,,146SSA,,,,,,,,
17127,"3,347,840",7.460004,CTYLAK,FORLAK,T17WDE,,C03532,E29106,H01113,,M03BAN,F08DBA,,,S05NSH,,Q02SOU,,,,,114SSA,,,,,,,,
17128,,7.300285,CTYLAK,FORLAK,T17WDE,,C03532,E29106,H01113,,M03BAN,F08DBA,,,,,Q02SOU,,,,,125SSA,,,,,,,,
17129,,7.920198,CTYLAK,FORLAK,T17WDE,,C03532,E29106,H01113,,M03BAN,F08DBA,,P05DEE,,,Q02SOU,,,X08TIF,,116SSA,125SSA,,,,,,,
17130,,7.300285,CTYLAK,FORLAK,T17WDE,,C03532,E29106,H01113,,M03BAN,F08DBA,,,,,Q02SOU,,,,,115SSA,125SSA,129SSA,,,,,,
17131,"193,978",8.849821,CTYLAK,FORLAK,T17WDE,,C03532,E30109,H01113,,M08DEE,F08DBA,,,,,Q02SOU,,,,,,,,,B13DEE,,,,
17132,"2,440,009",7.300285,CTYLAK,FORLAK,T17WDE,,C03532,E29106,H01113,,M03BAN,F08DBA,,,,,Q02SOU,,,,,126SSA,,,,,,,,
17134,,8.566587,CTYLAK,FORLAK,T17WDE,,C03532,E30109,H01113,,,F08DBA,,P05DEE,,,,,,,,146SSA,,,,,,,,
17135,,7.853268,CTYLAK,FORLAK,T17WDE,,C03532,E30109,H01113,,M36NOR,,,P05DEE,,,,,,,,,,,,,,,,
17136,,8.566587,CTYLAK,FORLAK,T17WDE,,C03532,E30109,H01113,,M36NOR,F08DBA,,P05DEE,,,,,,,,146SSA,,,,,,,,
17138,,8.849821,CTYLAK,FORLAK,T17WDE,,C03532,E30109,H01113,,M08DEE,F08DBA,,,,,Q02SOU,,,,,146SSA,,,,B13DEE,,,,
17139, -   ,7.959171,CTYLAK,FORLAK,T17WDE,,C03532,E30109,H01113,,,F08DBA,,,,,Q02SOU,,,,,146SSA,,,,,,,,
17140,,8.579084,CTYLAK,FORLAK,T17WDE,,C03532,E30109,H01113,,,F08DBA,,P05DEE,,,Q02SOU,,,,,146SSA,,,,,,,,
17141, -   ,7.865765,CTYLAK,FORLAK,T17WDE,,C03532,E30109,H01113,,M36NOR,,,P05DEE,,,Q02SOU,,,,,,,,,,,,,
17142,,8.579084,CTYLAK,FORLAK,T17WDE,,C03532,E30109,H01113,,M36NOR,F08DBA,,P05DEE,,,Q02SOU,,,,,146SSA,,,,,,,,
17144, -   ,8.880286,CTYLAK,FORLAK,T17WDE,,C03532,E30109,H01113,,M41RIV,F08DBA,,P05DEE,,,Q02SOU,,,,,146SSA,,,,,,,,
17145,,8.867789,CTYLAK,FORLAK,T17WDE,,C03532,E30109,H01113,,M41RIV,F08DBA,,P05DEE,,,,,,,,146SSA,,,,,,,,
17146,,8.880286,CTYLAK,FORLAK,T17WDE,,C03532,E30109,H01113,,M41RIV,F08DBA,,P05DEE,,,Q02SOU,,,,,,,,,,,,,
17147,,7.447507,CTYLAK,FORLAK,T17WDE,,C03532,E29106,H01113,,M03BAN,F08DBA,,,S05NSH,,,,,X08TIF,,116SSA,,,,,,,,
17148,,7.447507,CTYLAK,FORLAK,T17WDE,,C03532,E29106,H01113,,M03BAN,F08DBA,,,S05NSH,,,,,X08TIF,,114SSA,116SSA,,,,,,,
17149, -   ,7.300285,CTYLAK,FORLAK,T17WDE,,C03532,E29106,H01113,,M03BAN,F08DBA,,,,,Q02SOU,,,,,116SSA,,,,,,,,
17150,"1,751,620",7.920198,CTYLAK,FORLAK,T17WDE,,C03532,E29106,H01113,,M03BAN,F08DBA,,P05DEE,,,Q02SOU,,,,,116SSA,,,,,,,,
17151,"15,587,930",7.907701,CTYLAK,FORLAK,T17WDE,,C03532,E29106,H01113,,M03BAN,F08DBA,,P05DEE,,,,,,,,116SSA,,,,,,,,
17152,,7.907701,CTYLAK,FORLAK,T17WDE,,C03532,E29106,H01113,,M03BAN,F08DBA,,P05DEE,,,,,,,,114SSA,116SSA,,,,,,,
17153,,7.920198,CTYLAK,FORLAK,T17WDE,,C03532,E29106,H01113,,M03BAN,F08DBA,,P05DEE,,,Q02SOU,,,,,116SSA,125SSA,,,,,,,
17154,,7.300285,CTYLAK,FORLAK,T17WDE,,C03532,E29106,H01113,,M03BAN,F08DBA,,,,,Q02SOU,,,,,115SSA,127SSA,129SSA,,,,,,
17155,"993,731",7.300285,CTYLAK,FORLAK,T17WDE,,C03532,E29106,H01113,,M03BAN,F08DBA,,,,,Q02SOU,,,,,127SSA,,,,,,,,
17156,,7.300285,CTYLAK,FORLAK,T17WDE,,C03532,E29106,H01113,,M03BAN,F08DBA,,,,,Q02SOU,,,,,115SSA,117SSA,,,,,,,
17157,,7.296167,CTYLAK,FORLAK,T17WDE,,C03532,E29106,H01113,,M29LNC,F08DBA,L12VER,,,,,,,,,145SSA,264SSA,,,,,,,
17158,,7.296167,CTYLAK,FORLAK,T17WDE,,C03532,E29106,H01113,,M29LNC,F08DBA,L12VER,,,,,,,,,264SSA,,,,,,,,
17159,,7.865765,CTYLAK,FORLAK,T17WDE,,C03532,E30109,H01113,,M36NOR,,,P05DEE,,,Q02SOU,,,,,,,,,,,,,
17160,"1,749,730",7.658357,CTYLAK,FORLAK,T17WDE,,C03532,E29106,H01113,,M41RIV,F08DBA,,P05DEE,,,Q02SOU,,,,,376SSA,,,,,,,,
17161,"5,487,616",8.880286,CTYLAK,FORLAK,T17WDE,,C03532,E30109,H01113,,M41RIV,F08DBA,,P05DEE,,,Q02SOU,,,,,376SSA,,,,,,,,
17162,,7.658357,CTYLAK,FORLAK,T17WDE,,C03532,E29106,H01113,,M41RIV,F08DBA,,P05DEE,,,Q02SOU,,,,,378SSA,,,,,,,,
17163,"841,107",7.038444,CTYLAK,FORLAK,T17WDE,,C03532,E29106,H01113,,M41RIV,F08DBA,,,,,Q02SOU,,,,,378SSA,,,,,,,,
17164,,8.260373,CTYLAK,FORLAK,T17WDE,,C03532,E30109,H01113,,M41RIV,F08DBA,,P16NOR,,,Q02SOU,,,,,,,,,,,,,
17165,,7.245852,CTYLAK,FORLAK,T17WDE,,C03532,E30109,H01113,,M36NOR,,,P16NOR,,,Q02SOU,,,,,,,,,,,,,
17166,"118,241",8.351081,CTYLAK,FORLAK,T17WDE,,C03532,E30109,H01113,,M41RIV,F08DBA,,,,,,,,,,,,,,B13DEE,,,,
17167,"43,488,161",8.988539,CTYLAK,FORLAK,T17WDE,,C03532,E31112,H01113,,M17HPA,,,P10HPA,S05NSH,,Q02SOU,,,,,,,,,,,,,
17168,,7.920198,CTYLAK,FORLAK,T17WDE,,C03532,E29106,H01113,,M03BAN,F08DBA,,P05DEE,,,Q02SOU,,,,,116SSA,,,,,,,,
17169,,8.707619,CTYLAK,FORLAK,T17WDE,,C03532,E31112,H01113,,M08DEE,,,P10HPA,,,Q02SOU,,,,,,,,,,,,,
18001,"138,244,017",8.698564,CTYLAK,FORLAK,T18MOR,,C03532,E31112,H01113,,M18HIG,,,,S05NSH,,Q02SOU,,,,,,,,,,,,,
18002,"205,266,949",6.017481,CTYLAK,FORLAK,T18MOR,,C03532,E18067,H02115,,M24LFO,,,,S05NSH,,,,,,,,,,,,,,,
18003, -   ,8.686067,CTYLAK,FORLAK,T18MOR,,C03532,E31112,H01113,,M18HIG,,,,S05NSH,,,,,,,,,,,,,,,
18004,"541,739,995",9.005286,CTYLAK,FORLAK,T18MOR,,C03532,E31112,H01113,,M17HPA,,,P10HPA,S05NSH,,Q02SOU,,,,,,,,,,,,,(From ESD 7)
18005,,9.005286,CTYLAK,FORLAK,T18MOR,,C03532,E31112,H01113,,M17HPA,,,P10HPA,S05NSH,,Q02SOU,,,,,,,,,B01108,,,,
18006,"27,877,034",8.942519,CTYLAK,FORLAK,T18MOR,,C03532,E30109,H01113,,M17HPA,,,P10HPA,S05NSH,,Q02SOU,,,,,,,,,,,,,
18007,"1,322,135,949",9.005286,CTYLAK,FORLAK,T18MOR,,C03532,E31112,H01113,,M17HPA,,,P10HPA,S05NSH,,Q02SOU,,,,,,,,,,,,,
18008,,9.005286,CTYLAK,FORLAK,T18MOR,,C03532,E31112,H01113,,M17HPA,,,P10HPA,S05NSH,,Q02SOU,,,,,199SSA,,,,,,,,
18009,,8.845567,CTYLAK,FORLAK,T18MOR,,C03532,E31112,H01113,,M17HPA,,,P10HPA,,,Q02SOU,,,,,,,,,B01108,,,,
18010,"2,559,185",8.7828,CTYLAK,FORLAK,T18MOR,,C03532,E30109,H01113,,M17HPA,,,P10HPA,,,Q02SOU,,,,,,,,,,,,,
18011,,9.005286,CTYLAK,FORLAK,T18MOR,,C03532,E31112,H01113,,M17HPA,,,P10HPA,S05NSH,,Q02SOU,,,,,198SSA,,,,B01108,,,,
18012,,9.549248,CTYLAK,FORLAK,T18MOR,,C03532,E31112,H01113,,M08DEE,F08DBA,,P05DEE,,,Q02SOU,,,,,,,,,B01108,B13DEE,,,
18013,200,9.031545,CTYLAK,FORLAK,T18MOR,,C03532,E31112,H01113,,M24LFO,,,,S05NSH,,,,,,,,,,,,,,,
18014, -   ,8.381234,CTYLAK,FORLAK,T18MOR,,C03532,E31112,H01113,,M17HPA,,,,S05NSH,,,,,,,,,,,,,,,
18015,"1,999,780",9.637842,CTYLAK,FORLAK,T18MOR,,C03532,E30109,H01113,,M08DEE,F08DBA,,P10HPA,S05NSH,,Q02SOU,,,,,,,,,B13DEE,,,,
18017,"30,898,308",9.478123,CTYLAK,FORLAK,T18MOR,,C03532,E30109,H01113,,M08DEE,F08DBA,,P10HPA,,,Q02SOU,,,,,,,,,B13DEE,,,,
18018,,9.54089,CTYLAK,FORLAK,T18MOR,,C03532,E31112,H01113,,M08DEE,F08DBA,,P10HPA,,,Q02SOU,,,,,,,,,B01108,B13DEE,,,
18019,,9.005286,CTYLAK,FORLAK,T18MOR,,C03532,E31112,H01113,,M17HPA,,,P10HPA,S05NSH,,Q02SOU,,,X15TIF,,,,,,,,,,
18020,,8.942519,CTYLAK,FORLAK,T18MOR,,C03532,E30109,H01113,,M17HPA,,,P10HPA,S05NSH,,Q02SOU,,,,,200SSA,,,,,,,,
18021,,7.485085,CTYLAK,FORLAK,T18MOR,,C03532,E31112,H01113,,,,,,S05NSH,,Q02SOU,,,,,,,,,,,,,
18022,"90,205",7.472588,CTYLAK,FORLAK,T18MOR,,C03532,E31112,H01113,,,,,,S05NSH,,,,,,,,,,,,,,,
18023,,9.005286,CTYLAK,FORLAK,T18MOR,,C03532,E31112,H01113,,M17HPA,,,P10HPA,S05NSH,,Q02SOU,,,,,,,,,,,,,
18024,,9.005286,CTYLAK,FORLAK,T18MOR,,C03532,E31112,H01113,,M17HPA,,,P10HPA,S05NSH,,Q02SOU,,,,,,,,,B01108,,,,
18025,,8.942519,CTYLAK,FORLAK,T18MOR,,C03532,E30109,H01113,,M17HPA,,,P10HPA,S05NSH,,Q02SOU,,,,,,,,,,,,,
18026,,9.005286,CTYLAK,FORLAK,T18MOR,,C03532,E31112,H01113,,M17HPA,,,P10HPA,S05NSH,,Q02SOU,,,,,,,,,,,,,
18027,,8.7828,CTYLAK,FORLAK,T18MOR,,C03532,E30109,H01113,,M17HPA,,,P10HPA,,,Q02SOU,,,,,,,,,,,,,
18028,,9.005286,CTYLAK,FORLAK,T18MOR,,C03532,E31112,H01113,,M17HPA,,,P10HPA,S05NSH,,Q02SOU,,,,,198SSA,,,,B01108,,,,
18029,,9.005286,CTYLAK,FORLAK,T18MOR,,C03532,E31112,H01113,,M17HPA,,,P10HPA,S05NSH,,Q02SOU,,,,,201SSA,,,,B01108,,,,
18030,,9.005286,CTYLAK,FORLAK,T18MOR,,C03532,E31112,H01113,,M17HPA,,,P10HPA,S05NSH,,Q02SOU,,,X15TIF,,202SSA,,,,,,,,
18031,,5.355172,CTYLAK,FORLAK,T18MOR,,C03532,,H01113,,M24LFO,,,,S05NSH,,,,,,,,,,,,,,,
18032,,4.704861,CTYLAK,FORLAK,T18MOR,,C03532,,H01113,,M17HPA,,,,S05NSH,,,,,,,,,,,,,,,
18033,,3.808712,CTYLAK,FORLAK,T18MOR,,C03532,,H01113,,,,,,S05NSH,,Q02SOU,,,,,,,,,,,,,
18034,,3.796215,CTYLAK,FORLAK,T18MOR,,C03532,,H01113,,,,,,S05NSH,,,,,,,,,,,,,,,
18035,,5.022191,CTYLAK,FORLAK,T18MOR,,C03532,,H01113,,M18HIG,,,,S05NSH,,Q02SOU,,,,,,,,,,,,,
18036,,5.009694,CTYLAK,FORLAK,T18MOR,,C03532,,H01113,,M18HIG,,,,S05NSH,,,,,,,,,,,,,,,
18037,"7,778,875",8.992789,CTYLAK,FORLAK,T18MOR,,C03532,E31112,H01113,,M17HPA,,,P10HPA,S05NSH,,,,,,,,,,,,,,,
18038,,5.316416,CTYLAK,FORLAK,T18MOR,,C03532,,H01113,,M17HPA,,,P10HPA,S05NSH,,,,,,,,,,,,,,,
18039,"48,078,715",9.486481,CTYLAK,FORLAK,T18MOR,,C03532,E30109,H01113,,M08DEE,F08DBA,,P05DEE,,,Q02SOU,,,,,,,,,B13DEE,,,,
18040,,9.005286,CTYLAK,FORLAK,T18MOR,,C03532,E31112,H01113,,M17HPA,,,P10HPA,S05NSH,,Q02SOU,,,X15TIF,,195SSA,,,,,,,,
18041,,9.005286,CTYLAK,FORLAK,T18MOR,,C03532,E31112,H01113,,M17HPA,,,P10HPA,S05NSH,,Q02SOU,,,X15TIF,,196SSA,,,,,,,,
18042,,9.005286,CTYLAK,FORLAK,T18MOR,,C03532,E31112,H01113,,M17HPA,,,P10HPA,S05NSH,,Q02SOU,,,X15TIF,,197SSA,,,,,,,,
18043,,9.005286,CTYLAK,FORLAK,T18MOR,,C03532,E31112,H01113,,M17HPA,,,P10HPA,S05NSH,,Q02SOU,,,,,202SSA,,,,,,,,
18044,,9.005286,CTYLAK,FORLAK,T18MOR,,C03532,E31112,H01113,,M17HPA,,,P10HPA,S05NSH,,Q02SOU,,,,,,,,,,,,,
18045,"14,791,896",8.698564,CTYLAK,FORLAK,T18MOR,,C03532,E31112,H01113,,M18HIG,,,,S05NSH,,Q02SOU,,,X14TIF,,,,,,,,,,
18046,,9.005286,CTYLAK,FORLAK,T18MOR,,C03532,E31112,H01113,,M17HPA,,,P10HPA,S05NSH,,Q02SOU,,,X14TIF,,,,,,,,,,
18047,,9.005286,CTYLAK,FORLAK,T18MOR,,C03532,E31112,H01113,,M17HPA,,,P10HPA,S05NSH,,Q02SOU,,,X17TIF,,,,,,B01108,,,,
18048,,9.005286,CTYLAK,FORLAK,T18MOR,,C03532,E31112,H01113,,M17HPA,,,P10HPA,S05NSH,,Q02SOU,,,,,203SSA,,,,,,,,
18049,,9.005286,CTYLAK,FORLAK,T18MOR,,C03532,E31112,H01113,,M17HPA,,,P10HPA,S05NSH,,Q02SOU,,,,,204SSA,,,,,,,,
18050,,9.005286,CTYLAK,FORLAK,T18MOR,,C03532,E31112,H01113,,M17HPA,,,P10HPA,S05NSH,,Q02SOU,,,,,204SSA,,,,,,,,
18051,,9.005286,CTYLAK,FORLAK,T18MOR,,C03532,E31112,H01113,,M17HPA,,,P10HPA,S05NSH,,Q02SOU,,,,,195SSA,204SSA,,,,,,,
18052,,9.005286,CTYLAK,FORLAK,T18MOR,,C03532,E31112,H01113,,M17HPA,,,P10HPA,S05NSH,,Q02SOU,,,,,196SSA,204SSA,,,,,,,
18053,,9.005286,CTYLAK,FORLAK,T18MOR,,C03532,E31112,H01113,,M17HPA,,,P10HPA,S05NSH,,Q02SOU,,,,,197SSA,204SSA,,,,,,,
18054,,9.005286,CTYLAK,FORLAK,T18MOR,,C03532,E31112,H01113,,M17HPA,,,P10HPA,S05NSH,,Q02SOU,,,,,202SSA,204SSA,,,,,,,
18055,,9.005286,CTYLAK,FORLAK,T18MOR,,C03532,E31112,H01113,,M17HPA,,,P10HPA,S05NSH,,Q02SOU,,,,,204SSA,,,,,,,,
18056,,9.005286,CTYLAK,FORLAK,T18MOR,,C03532,E31112,H01113,,M17HPA,,,P10HPA,S05NSH,,Q02SOU,,,,,203SSA,204SSA,,,,,,,
18057,,9.005286,CTYLAK,FORLAK,T18MOR,,C03532,E31112,H01113,,M17HPA,,,P10HPA,S05NSH,,Q02SOU,,,,,195SSA,,,,,,,,
18058,,9.005286,CTYLAK,FORLAK,T18MOR,,C03532,E31112,H01113,,M17HPA,,,P10HPA,S05NSH,,Q02SOU,,,,,196SSA,,,,,,,,
18059,,9.005286,CTYLAK,FORLAK,T18MOR,,C03532,E31112,H01113,,M17HPA,,,P10HPA,S05NSH,,Q02SOU,,,,,197SSA,,,,,,,,
18060,,9.005286,CTYLAK,FORLAK,T18MOR,,C03532,E31112,H01113,,M17HPA,,,P10HPA,S05NSH,,Q02SOU,,,,,203SSA,,,,,,,,
18061,,9.005286,CTYLAK,FORLAK,T18MOR,,C03532,E31112,H01113,,M17HPA,,,P10HPA,S05NSH,,Q02SOU,,,,,195SSA,204SSA,,,,,,,
18062,,9.005286,CTYLAK,FORLAK,T18MOR,,C03532,E31112,H01113,,M17HPA,,,P10HPA,S05NSH,,Q02SOU,,,,,196SSA,204SSA,,,,,,,
18063,,9.005286,CTYLAK,FORLAK,T18MOR,,C03532,E31112,H01113,,M17HPA,,,P10HPA,S05NSH,,Q02SOU,,,,,197SSA,204SSA,,,,,,,
18064,,9.005286,CTYLAK,FORLAK,T18MOR,,C03532,E31112,H01113,,M17HPA,,,P10HPA,S05NSH,,Q02SOU,,,,,203SSA,204SSA,,,,,,,
18065,,8.084143,CTYLAK,FORLAK,T18MOR,,C03532,E31112,H01113,,,,,P10HPA,S05NSH,,,,,,,,,,,,,,,
18066,,10.79327,CTYLAK,FORLAK,T18MOR,,C03532,E31112,H01113,,M17HPA,,,P10HPA,S05NSH,,Q02SOU,,,,,205SSA,,,,B01108,,,,
18067,,10.79327,CTYLAK,FORLAK,T18MOR,,C03532,E31112,H01113,,M17HPA,,,P10HPA,S05NSH,,Q02SOU,,,X17TIF,,205SSA,,,,B01108,,,,
18068,,9.145141,CTYLAK,FORLAK,T18MOR,,C03532,E31112,H01113,,M17HPA,,,P10HPA,S05NSH,,Q02SOU,,,,,206SSA,,,,,,,,(From ESD 7)
18069,,9.145141,CTYLAK,FORLAK,T18MOR,,C03532,E31112,H01113,,M17HPA,,,P10HPA,S05NSH,,Q02SOU,,,,,206SSA,,,,B01108,,,,
18070, -   ,9.082374,CTYLAK,FORLAK,T18MOR,,C03532,E30109,H01113,,M17HPA,,,P10HPA,S05NSH,,Q02SOU,,,,,206SSA,,,,,,,,
18071, -   ,8.845567,CTYLAK,FORLAK,T18MOR,,C03532,E31112,H01113,,M17HPA,,,P10HPA,,,Q02SOU,,,,,,,,,,,,,
18072, -   ,9.549248,CTYLAK,FORLAK,T18MOR,,C03532,E31112,H01113,,M08DEE,F08DBA,,P05DEE,,,Q02SOU,,,,,,,,,B13DEE,,,,
18073,"673,397",9.005286,CTYLAK,FORLAK,T18MOR,,C03532,E31112,H01113,,M17HPA,,,P10HPA,S05NSH,,Q02SOU,,,X17TIF,,,,,,,,,,
18074, -   ,10.79327,CTYLAK,FORLAK,T18MOR,,C03532,E31112,H01113,,M17HPA,,,P10HPA,S05NSH,,Q02SOU,,,,,205SSA,,,,,,,,
18075,"5,033,604",10.79327,CTYLAK,FORLAK,T18MOR,,C03532,E31112,H01113,,M17HPA,,,P10HPA,S05NSH,,Q02SOU,,,X17TIF,,205SSA,,,,,,,,
18076,,9.145141,CTYLAK,FORLAK,T18MOR,,C03532,E31112,H01113,,M17HPA,,,P10HPA,S05NSH,,Q02SOU,,,,,206SSA,,,,,,,,
18077,"12,445,174",9.145141,CTYLAK,FORLAK,T18MOR,,C03532,E31112,H01113,,M17HPA,,,P10HPA,S05NSH,,Q02SOU,,,X58TIF,,206SSA,,,,,,,,
18078,"16,156,068",9.082374,CTYLAK,FORLAK,T18MOR,,C03532,E30109,H01113,,M17HPA,,,P10HPA,S05NSH,,Q02SOU,,,X58TIF,,206SSA,,,,,,,,
18079,"91,524,552",9.114305,CTYLAK,FORLAK,T18MOR,,C03532,E31112,H01113,,M17HPA,,,P10HPA,S05NSH,,Q02SOU,,,,,412SSA,,,,,,,,(From ESD 7)
18080,"526,874",9.114305,CTYLAK,FORLAK,T18MOR,,C03532,E31112,H01113,,M17HPA,,,P10HPA,S05NSH,,Q02SOU,,,,,195SSA,412SSA,,,,,,,
18081,"2,556,411",9.114305,CTYLAK,FORLAK,T18MOR,,C03532,E31112,H01113,,M17HPA,,,P10HPA,S05NSH,,Q02SOU,,,,,196SSA,412SSA,,,,,,,
18082,"6,292,704",9.114305,CTYLAK,FORLAK,T18MOR,,C03532,E31112,H01113,,M17HPA,,,P10HPA,S05NSH,,Q02SOU,,,,,197SSA,412SSA,,,,,,,
18083,"33,488",8.393731,CTYLAK,FORLAK,T18MOR,,C03532,E31112,H01113,,M17HPA,,,,S05NSH,,Q02SOU,,,,,,,,,,,,,
18084,,9.310119,CTYLAK,FORLAK,T18MOR,,C03532,E31112,H01113,,M18HIG,,,P10HPA,S05NSH,,Q02SOU,,,X14TIF,,,,,,,,,,
18085,,9.310119,CTYLAK,FORLAK,T18MOR,,C03532,E31112,H01113,,M18HIG,,,P10HPA,S05NSH,,Q02SOU,,,,,,,,,,,,,(From ESD 7)
18086,,8.393731,CTYLAK,FORLAK,T18MOR,,C03532,E31112,H01113,,M17HPA,,,,S05NSH,,Q02SOU,,,X14TIF,,,,,,,,,,
01R01,"1,407,764",0.341065,,,,,,,,,,,,,,,,,,,,,,,,,,,,
01R02,"1,407,764",0.159719,,,,,,,,,,,,,S05NSH,,,,,,,,,,,,,,,
01R03,"210,356",0.922622,,,,,,,,,,F05BPA,,,,,,,,,,,,,,,,,,
01R04,"202,265",0.23098,,,,,,,,,,F23WHA,,,,,,,,,,,,,,,,,,
01R05,"1,407,764",0.2958,,,,,C03532,,,,,,,,,,,,,,,,,,,,,,,
01R06,"594,659",2.279898,CTYLAK,FORLAK,T01BEN,R01BEN,,,,,M54WHA,,,,,,,,,,,,,,,,,,,
01R07,"1,407,764",3.483696,,,,,,,H08126,,,,,,,,,,,,,,,,,B12126,,,,
01R08,"796,924",4.383728,,,,,,E01001,,,,,,,,,,,,,,,,,,,,,,
01R09,"610,840",4.660545,,,,,,E03003,,,,,,,,,,,,,,,,,,B06003,,,,
01R10,"412,620",0.948497,CTYLAK,FORLAK,T01BEN,R01BEN,,,,,,,,,,,,,,,,,,,,,,,,
01R11,"400,485",0.948497,CTYLAK,FORLAK,T01BEN,R01BEN,,,,,M06BPA,,,,,,,,,,,,,,,,,,,
02R01,"976,331",0.341065,,,,,,,,,,,L15ZBE,,,,,,,,,,,,,,,,,
02R02,"976,331",0.159719,,,,,,,,,,,,,S05NSH,,,,,,,,,,,,,,,
02R03,"976,331",0.958691,,,,,,,,,,,,P23ZIO,,,,,,,,,,,,,,,,
02R04,"976,331",0.2958,,,,,C03532,,,,,,,,,,,,,,,,,,,,,,,
02R05,"976,331",2.125777,,,,,,,,,M55ZIO,,,,,,,,,,,,,,,,,,,
02R06,"976,331",3.483696,,,,,,,H08126,,,,,,,,,,,,,,,,,B12126,,,,
02R07,"976,331",5.906668,,,,,,E04006,,,,,,,,,,,,,,,,,,,,,,
02R08,"976,331",1.02222,CTYLAK,FORLAK,T02ZIO,,,,,,,,,,,,,,,,,,,,,,,,,
03R01,"3,142,502",1.015736,CTYLAK,FORLAK,T03NEW,R03NEW,,,,,,,,,,,,,,,,,,,,,,,,
03R02,"1,409,990",4.457355,,,,,,E16056,,,,,,,,,,,,,,,,,,,,,,
03R03,"1,979,980",4.660545,,,,,,E03003,,,,,,,,,,,,,,,,,,B06003,,,,
03R04,"1,409,990",2.937783,,,,,,,H05121,,,,,,,,,,,,,,,,,B10121,,,,
03R05,"1,979,980",3.483696,,,,,,,H08126,,,,,,,,,,,,,,,,,B12126,,,,
03R06,"3,389,970",0.2958,,,,,C03532,,,,,,,,,,,,,,,,,,,,,,,
03R07,"247,468",1.029334,CTYLAK,FORLAK,T03NEW,R03NEW,,,,,M50WAD,,,,,,,,,,,,,,,,,,,
03R08,"3,389,970",0.738804,,,,,,,,,,F18NEW,,,,,,,,,,,,,,,,,,
03R09,"1,409,990",0.311003,,,,,,,,,,,L13WNE,,,,,,,,,,,,,,,,,
04R01,"289,555",1.189211,CTYLAK,FORLAK,T04ANT,R04ANT,,,,,,,,,,,,,,,,,,,,,,,,
04R02,"175,488",3.915689,,,,,,E08033,,,,,,,,,,,,,,,,,,,,,,
04R03,"628,247",4.561621,,,,,,E09034,,,,,,,,,,,,,,,,,,,,,,
04R04,"803,735",3.000734,,,,,,,H03117,,,,,,,,,,,,,,,,,,,,,
04R05,"803,735",0.2958,,,,,C03532,,,,,,,,,,,,,,,,,,,,,,,
04R06,"514,180",2.143349,CTYLAK,FORLAK,T04ANT,R04ANT,,,,,M01ANT,,,,,,,,,,,,,,,,,,,
04R07,"168,468",0.801564,,,,,,,,,,F01ANT,,,,,,,,,,,,,,,,,,
04R08,"803,735",0.428825,,,,,,,,,,,L01ANT,,,,,,,,,,,,,,,,,
04R09,"226,380",0.079257,,,,,,,,,,,,,,,,,,,,149SSA,,,,,,,,
05R01,"184,262",1.218682,CTYLAK,FORLAK,T05LVI,R05LVI,,,,,,,,,,,,,,,,,,,,,,,,
05R02,"977,468",3.871731,,,,,,E13041,,,,,,,,,,,,,,,,,,,,,,
05R03,"698,442",3.000734,,,,,,,H03117,,,,,,,,,,,,,,,,,,,,,
05R04,"279,026",3.476421,,,,,,,H09127,,,,,,,,,,,,,,,,,,,,,
05R05,"977,468",0.2958,,,,,C03532,,,,,,,,,,,,,,,,,,,,,,,
05R06,"793,206",2.14126,CTYLAK,FORLAK,T05LVI,R05LVI,,,,,M25LVI,,,,,,,,,,,,,,,,,,,
05R07,"126,351",0.000085,,,,,,,,,,,,,S03LRE,,,,,,,,,,,,,,,
05R08,"977,468",0.749735,,,,,,,,,,F13LVI,,,,,,,,,,,,,,,,,,
05R09,"977,468",0.471438,,,,,,,,,,,L10LVI,,,,,,,,,,,,,,,,,
06R01, -   ,1.282451,CTYLAK,FORLAK,T06GRA,R06GRA,,,,,,,,,,,,,,,,,,,,,,,,
06R02,"124,720",3.53292,,,,,,E32114,,,,,,,,,,,,,,,,,,,,,,
06R03,"124,720",2.263175,,,,,,,H06124,,,,,,,,,,,,,,,,,B11124,,,,
06R04,"124,720",0.2958,,,,,C03532,,,,,,,,,,,,,,,,,,,,,,,
06R05,"124,720",2.088883,CTYLAK,FORLAK,T06GRA,R06GRA,,,,,M10FLA,,,,,,,,,,,,,,,,,,,
06R06,"124,720",0.577557,,,,,,,,,,F09FLA,,,,,,,,,,,,,,,,,,
06R07,"124,720",0.339605,,,,,,,,,,,L06FLA,,,,,,,,,,,,,,,,,
07R01,"412,396",0.900804,CTYLAK,FORLAK,T07AVO,R07AVO,,,,,,,,,,,,,,,,,,,,,,,,
07R02,"944,125",5.049451,,,,,,E14046,,,,,,,,,,,,,,,,,,,,,,
07R03,"944,125",3.476421,,,,,,,H09127,,,,,,,,,,,,,,,,,,,,,
07R04,"944,125",0.2958,,,,,C03532,,,,,,,,,,,,,,,,,,,,,,,
07R05,"440,475",1.438281,CTYLAK,FORLAK,T07AVO,R07AVO,,,,,M12GRA,,,,,,,,,,,,,,,,,,,
07R06,"91,254",0.634915,,,,,,,,,,,,P17RLA,,,,,,,,,,,,,,,,
07R07,"556,297",0.474001,,,,,,,,,,,,P08GRA,,,,,,,,,,,,,,,,
07R08,"5,265",0,,,,,,,,,,,,,S07RLA,,,,,,,,,,,,,,,
07R09,"91,254",0.912566,,,,,,,,,,F12GRL,,,,,,,,,,,,,,,,,,
07R10,"852,872",0.830954,,,,,,,,,,F11GRA,,,,,,,,,,,,,,,,,,
07R11,"91,254",0.524354,,,,,,,,,,,L11RLA,,,,,,,,,,,,,,,,,
07R12,"852,872",0.423793,,,,,,,,,,,L08GRA,,,,,,,,,,,,,,,,,
07R13,"440,475",0,,,,,,,,,,,,,,,,,WTRCLC,,,,,,,B16CLC,,,,
07R14,"91,254",1.607009,CTYLAK,FORLAK,T07AVO,R07AVO,,,,,M43RLB,,,,,,,,,,,,,,,,,,,
08R01,"1,572,132",1.380827,CTYLAK,FORLAK,T08WAR,R08WAR,,,,,,,,,,,,,,,,,,,,,,,,
08R02,"1,409,287",4.315136,,,,,,E15050,,,,,,,,,,,,,,,,,,B08050,,,,
08R03,"2,466,637",4.457355,,,,,,E16056,,,,,,,,,,,,,,,,,,,,,,
08R04,"3,875,924",2.937783,,,,,,,H05121,,,,,,,,,,,,,,,,,B10121,,,,
08R05,"3,875,924",0.2958,,,,,C03532,,,,,,,,,,,,,,,,,,,,,,,
08R06,"408,372",3.810407,CTYLAK,FORLAK,T08WAR,R08WAR,,,,,M52WAK,,,,,,,,,,,,,,,,,,,
08R07,"1,292,670",1.380827,CTYLAK,FORLAK,T08WAR,R08WAR,,,,,M14GUR,,,,,,,,,,,,,,,B14GUR,,,,
08R08,"1,569,605",0.506778,,,,,,,,,,,,P09GUR,,,,,,,,,,,,,,,,
08R09,"2,197,256",0.159719,,,,,,,,,,,,,S05NSH,,,,,,,,,,,,,,,
08R10,"2,052,149",0.687632,,,,,,,,,,F21WWA,,,,,,,,,,,,,,,,,,
08R11,"1,808,075",0.311003,,,,,,,,,,,L13WNE,,,,,,,,,,,,,,,,,
08R12,"1,292,670",0,,,,,,,,,,,,,,,,,WTRCLC,,,,,,,B16CLC,,,,
08R13,"521,844",2.485086,CTYLAK,FORLAK,T08WAR,R08WAR,,,,,M39PCI,,,,,,,,,,,,,,,,,,,
08R14,"301,375",0.823414,,,,,,,,,,,,P20WAK,,,,,,,,,,,,,,,,
08R15,"80,906",6.191493,CTYLAK,FORLAK,T08WAR,R08WAR,,,,,M35NCH,,,,,,,,,,,,,,,B04NCH,,,,
09R01,"5,467,959",5.002426,,,,,,,,U01060,,,,,,,,,,,,,,,,,,,,
09R02,"820,862",7.106205,,,,,,,,U05187,,,,,,,,,,,,,,,,,,,,
09R03,"2,243,756",1.065085,CTYLAK,FORLAK,T09WAK,R09WAK,,,,,,,,,,,,,,,,,,,,,,,,
09R04,"6,288,820",0.2958,,,,,C03532,,,,,,,,,,,,,,,,,,,,,,,
09R05,"2,936,986",3.494665,CTYLAK,FORLAK,T09WAK,R09WAK,,,,,M52WAK,,,,,,,,,,,,,,,,,,,
09R06,"719,729",5.875751,CTYLAK,FORLAK,T09WAK,R09WAK,,,,,M35NCH,,,,,,,,,,,,,,,B04NCH,,,,
09R07,"5,571,114",0.823414,,,,,,,,,,,,P20WAK,,,,,,,,,,,,,,,,
09R08,"677,253",0.691998,,,,,,,,,,,,P06FOS,,,,,,,,,,,,,,,,
09R09,"6,288,820",0.159719,,,,,,,,,,,,,S05NSH,,,,,,,,,,,,,,,
09R10,"805,015",0.922622,,,,,,,,,,F05BPA,,,,,,,,,,,,,,,,,,
09R11,"388,349",1.065085,CTYLAK,FORLAK,T09WAK,R09WAK,,,,,M06BPA,,,,,,,,,,,,,,,,,,,
10R01,"1,774,480",2.898102,,,,,,E17065,,,,,,,,,,,,,,,,,,,,,,
10R02,"1,573,703",0.836277,CTYLAK,FORLAK,T10SHI,R10SHI,,,,,,,,,,,,,,,,,,,,,,,,
10R03,"2,395,404",7.106205,,,,,,,,U05187,,,,,,,,,,,,,,,,,,,,
10R04,"3,583,751",1.535025,,,,,,,H02115,,,,,,,,,,,,,,,,,,,,,
10R05,"5,979,156",0.2958,,,,,C03532,,,,,,,,,,,,,,,,,,,,,,,
10R06,"1,709,258",1.665664,CTYLAK,FORLAK,T10SHI,R10SHI,,,,,M23LBL,,,,,,,,,,,,,,,B05LBL,,,,
10R07,"886,924",5.646943,CTYLAK,FORLAK,T10SHI,R10SHI,,,,,M35NCH,,,,,,,,,,,,,,,B04NCH,,,,
10R08,"2,152,955",0.691998,,,,,,,,,,,,P06FOS,,,,,,,,,,,,,,,,
10R09,"2,016,930",0.519804,,,,,,,,,,,,P12LBL,,,,,,,,,,,,,,,,
10R10,"5,851,309",0.159719,,,,,,,,,,,,,S05NSH,,,,,,,,,,,,,,,
10R11,"1,079,637",0.624238,,,,,,,,,,F20ROC,,,,,,,,,,,,,,,,,,
10R12,"2,235,376",0,,,,,,,,,,,,,,,Q01LBL,,,,,,,,,,,,,
10R13,"4,356,902",0,,,,,,,,,,,,,,,,,WTRCLC,,,,,,,B16CLC,,,,
10R14,"1,809,271",2.395234,CTYLAK,FORLAK,T10SHI,R10SHI,,,,,M24LFO,,,,,,,,,,,,,,,,,,,
10R15,"1,809,271",1.65232,,,,,,E18067,,,,,,,,,,,,,,,,,,,,,,
11R01,"924,822",1.807172,,,,,,E21072,,,,,,,,,,,,,,,,,,,,,,
11R02,"1,340,728",4.0174,,,,,,E22073,,,,,,,,,,,,,,,,,,,,,,
11R03,"308,858",4.737319,,,,,,E24076,,,,,,,,,,,,,,,,,,,,,,
11R04,"3,032,935",0.891375,CTYLAK,FORLAK,T11LIB,R11LIB,,,,,,,,,,,,,,,,,,,,,,,,
11R05,"3,144,062",2.749589,,,,,,,H10128,,,,,,,,,,,,,,,,,,,,,
11R06,"1,618,000",2.518894,,,,,,,H04120,,,,,,,,,,,,,,,,,,,,,
11R07,"4,762,062",0.2958,,,,,C03532,,,,,,,,,,,,,,,,,,,,,,,
11R08,"258,959",1.58318,CTYLAK,FORLAK,T11LIB,R11LIB,,,,,M28LIB,,,,,,,,,,,,,,,,,,,
11R09,"135,126",0.985031,CTYLAK,FORLAK,T11LIB,R11LIB,,,,,M32MET,,,,,,,,,,,,,,,,,,,
11R10,"1,316,160",2.363441,CTYLAK,FORLAK,T11LIB,R11LIB,,,,,M33MUN,,,,,,,,,,,,,,,B17MU2,,,,
11R11,"1,279,307",0.472539,,,,,,,,,,,,P15MUN,,,,,,,,,,,,B15MUN,,,,
11R12,"929,671",0.159719,,,,,,,,,,,,,S05NSH,,,,,,,,,,,,,,,
11R13,"2,737,693",0.483348,,,,,,,,,,F15LIB,,,,,,,,,,,,,,,,,,
11R14,"624,737",0.632745,,,,,,,,,,F07COU,,,,,,,,,,,,,,B09COU,,,,
11R15,"886,765",0,,,,,,,,,,,,,,,Q01LBL,,,,,,,,,,,,,
11R16,"4,189,971",0.288013,,,,,,,,,,,L04CME,,,,,,,,,,,,,,,,,
11R17,"2,477,626",0,,,,,,,,,,,,,,,,,WTRCLC,,,,,,,B16CLC,,,,
11R18,"1,475,934",2.960831,,,,,,E19068,,,,,,,,,,,,,,,,,,,,,,
11R19,"250,185",3.081082,,,,,,E20070,,,,,,,,,,,,,,,,,,,,,,
11R20,"18,882",5.702041,CTYLAK,FORLAK,T11LIB,R11LIB,,,,,M35NCH,,,,,,,,,,,,,,,B04NCH,,,,
11R21,"461,533",4.6354,,,,,,E23075,,,,,,,,,,,,,,,,,,,,,,
11R22,"572,091",0.357597,,,,,,,,,,,L07FRE,,,,,,,,,,,,,,,,,
11R23,"544,013",0.459718,,,,,,E24076,,,,,,,,,,,,,,,,,,,,,,
12R01,129861,4.737319,CTYLAK,FORLAK,T12FRE,R12FRE,,,,,,,,,,,,,,,,,,,,,,,,
12R02,622982,1.005491,,,,,,,H04120,,,,,,,,,,,,,,,,,,,,,
12R03,528219,2.518894,,,,,C03532,,,,,,,,,,,,,,,,,,,,,,,
12R04,731785,0.2958,,,,,,,,,,,,P15MUN,,,,,,,,,,,,B15MUN,,,,
12R05,152674,0.472539,,,,,,,,,,F07COU,,,,,,,,,,,,,,B09COU,,,,
12R06,331672,0.632745,,,,,,,,,,,L07FRE,,,,,,,,,,,,,,,,,
12R07,731785,0.357597,,,,,,E25079,,,,,,,,,,,,,,,,,,,,,,
12R08,436965,3.051104,,,,,,E20070,,,,,,,,,,,,,,,,,,,,,,
12R09,7020,3.081082,,,,,,E23075,,,,,,,,,,,,,,,,,,,,,,
12R10,157939,4.6354,,,,,,,H09127,,,,,,,,,,,,,,,,,,,,,
12R11,203566,3.476421,CTYLAK,FORLAK,T12FRE,R12FRE,,,,,M28LIB,,,,,,,,,,,,,,,,,,,
12R12,108803,1.697296,,,,,,,,,,F11GRA,,,,,,,,,,,,,,,,,,
12R13,400113,0.830954,,,,,,,,,,,,,,,,,WTRCLC,,,,,,,B16CLC,,,,
12R14,108803,0,CTYLAK,FORLAK,T14CUB,R14CUB,,,,,,,,,,,,,,,,,,,,,,,,
14R01,871790,1.051257,,,,,,,,,,,,,,,,,,,,,,,,,,,,
14R02,2416580,4.658603,,,,,,,,U06220,,,,,,,,,,,,,,,,,,,,
14R03,2416580,0.397433,,,,,C01512,,,,,,,,,,,,,,,,,,,,,,,
14R04,1281845,1.600848,CTYLAK,FORLAK,T14CUB,R14CUB,,,,,M04BAR,,,,,,,,,,,,,,,,,,,
14R05,1433572,0.744905,,,,,,,,,,,,P02BAR,,,,,,,,,,,,,,,,
14R06,1343068,0.490986,,,,,,,,,,F04BCO,,,,,,,,,,,,,,,,,,
14R07,2416580,0.242383,,,,,,,,,,,L02BAR,,,,,,,,,,,,,,,,,
14R08,262945,1.37372,CTYLAK,FORLAK,T14CUB,R14CUB,,,,,M22LBA,,,,,,,,,,,,,,,,,,,
14R09,384304,0.04702,,,,,,,,,,,,P03BHI,,,,,,,,,,,,,,,,
14R10,97087,0,,,,,,,,,,,,,,,,,,,,111SSA,,,,,,,,
15R01,7020,4.737319,,,,,,E24076,,,,,,,,,,,,,,,,,,,,,,
15R02,301839,3.051104,,,,,,E25079,,,,,,,,,,,,,,,,,,,,,,
15R03,1193318,5.264862,,,,,,,,U02095,,,,,,,,,,,,,,,,,,,,
15R04,698443,0.907412,CTYLAK,FORLAK,T15ELA,R15ELA,,,,,,,,,,,,,,,,,,,,,,,,
15R05,38607,4.658603,,,,,,,,U06220,,,,,,,,,,,,,,,,,,,,
15R06,308859,3.192244,,,,,,,H07125,,,,,,,,,,,,,,,,,,,,,
15R07,38607,0.397433,,,,,C01512,,,,,,,,,,,,,,,,,,,,,,,
15R08,1502177,0.2958,,,,,C03532,,,,,,,,,,,,,,,,,,,,,,,
15R09,98273,1.570464,CTYLAK,FORLAK,T15ELA,R15ELA,,,,,M16HWO,,,,,,,,,,,,,,,,,,,
15R10,710726,1.986682,CTYLAK,FORLAK,T15ELA,R15ELA,,,,,M26LZU,,,,,,,,,,,,,,,,,,,
15R11,33343,0.907412,CTYLAK,FORLAK,T15ELA,R15ELA,,,,,M09DPA,,,,,,,,,,,,,,,,,,,
15R12,131616,0.472539,,,,,,,,,,,,P15MUN,,,,,,,,,,,,B15MUN,,,,
15R13,359750,0.555438,,,,,,,,,,F14LZU,,,,,,,,,,,,,,,,,,
15R14,431700,0.632745,,,,,,,,,,F07COU,,,,,,,,,,,,,,B09COU,,,,
15R15,38607,0.490986,,,,,,,,,,F04BCO,,,,,,,,,,,,,,,,,,
15R16,147410,0.242383,,,,,,,,,,,L02BAR,,,,,,,,,,,,,,,,,
15R17,1393375,0.330708,,,,,,,,,,,L05ELA,,,,,,,,,,,,,,,,,
16R01,1168751,0.857972,CTYLAK,FORLAK,T16VER,R16VER,,,,,,,,,,,,,,,,,,,,,,,,
16R02,515935,3.697458,,,,,,E27102,,,,,,,,,,,,,,,,,,,,,,
16R03,375544,4.0174,,,,,,E22073,,,,,,,,,,,,,,,,,,,,,,
16R04,473818,3.298012,,,,,,E28103,,,,,,,,,,,,,,,,,,,,,,
16R05,372035,2.749589,,,,,,,H10128,,,,,,,,,,,,,,,,,,,,,
16R06,989752,3.192244,,,,,,,H07125,,,,,,,,,,,,,,,,,,,,,
16R07,3510,2.518894,,,,,,,H04120,,,,,,,,,,,,,,,,,,,,,
16R08,1365297,0.2958,,,,,C03532,,,,,,,,,,,,,,,,,,,,,,,
16R09,38607,1.755175,CTYLAK,FORLAK,T16VER,R16VER,,,,,M07BGR,,,,,,,,,,,,,,,,,,,
16R10,157939,0.857972,CTYLAK,FORLAK,T16VER,R16VER,,,,,M49VHI,,,,,,,,,,,,,,,,,,,
16R11,280781,0.459718,,,,,,,,,,,,P18VHI,,,,,,,,,,,,,,,,
16R12,322898,0.632745,,,,,,,,,,F07COU,,,,,,,,,,,,,,B09COU,,,,
16R13,680893,0.853348,,,,,,,,,,F16LRI,,,,,,,,,,,,,,,,,,
16R14,282536,0.887053,,,,,,,,,,F17LGR,,,,,,,,,,,,,,,,,,
16R15,372035,0.288013,,,,,,,,,,,L04CME,,,,,,,,,,,,,,,,,
16R16,993262,0.319933,,,,,,,,,,,L12VER,,,,,,,,,,,,,,,,,
16R17,163204,0,,,,,,,,,,,,,,,,,WTRCLC,,,,,,,B16CLC,,,,
17R01,1783977,0.159719,,,,,,,,,,,,,S05NSH,,,,,,,,,,,,,,,
17R02,922328,0.012497,,,,,,,,,,,,,,,Q02SOU,,,,,,,,,,,,,
17R03,1063914,1.558957,,,,,,,,,M24LFO,,,,,,,,,,,,,,,,,,,
17R04,720063,0.908646,,,,,,,,,M17HPA,,,,,,,,,,,,,,,,,,,
17R05,720063,0.611555,,,,,,,,,,,,P10HPA,,,,,,,,,,,,,,,,
17R06,1783977,0.2958,,,,,C03532,,,,,,,,,,,,,,,,,,,,,,,
17R07,1063914,1.535025,,,,,,,H02115,,,,,,,,,,,,,,,,,,,,,
17R08,720063,2.525036,,,,,,,H01113,,,,,,,,,,,,,,,,,,,,,
17R09,1063914,1.65232,,,,,,E18067,,,,,,,,,,,,,,,,,,,,,,
17R10,720063,3.676373,,,,,,E31112,,,,,,,,,,,,,,,,,,,,,,
17R11,1783977,0.798913,CTYLAK,FORLAK,T17WDE,,,,,,,,,,,,,,,,,,,,,,,,,
18R01,4078072,0.159719,,,,,,,,,,,,,S05NSH,,,,,,,,,,,,,,,
18R02,3366099,0.012497,,,,,,,,,,,,,,,Q02SOU,,,,,,,,,,,,,
18R03,481391,1.558957,,,,,,,,,M24LFO,,,,,,,,,,,,,,,,,,,
18R04,376688,1.213479,,,,,,,,,M18HIG,,,,,,,,,,,,,,,,,,,
18R05,3219993,0.908646,,,,,,,,,M17HPA,,,,,,,,,,,,,,,,,,,
18R06,2010312,0.611555,,,,,,,,,,,,P10HPA,,,,,,,,,,,,,,,,
18R07,4078072,0.2958,,,,,C03532,,,,,,,,,,,,,,,,,,,,,,,
18R08,481391,1.535025,,,,,,,H02115,,,,,,,,,,,,,,,,,,,,,
18R09,3596681,2.525036,,,,,,,H01113,,,,,,,,,,,,,,,,,,,,,
18R10,481391,1.65232,,,,,,E18067,,,,,,,,,,,,,,,,,,,,,,
18R11,3596681,3.676373,,,,,,E31112,,,,,,,,,,,,,,,,,,,,,,
18R12,4078072,0.81566,CTYLAK,FORLAK,T18MOR,,,,,,,,,,,,,,,,,,,,,,,,,
