TCA, EAV , Rate ,CTY,FOR,TWP,RBT,COL,ESD,HSD,USD,MUN,FIR,LIB,PRK,SAN1,SAN2,MSQ,POR,WTR,TIF,TIF,SSA1,SSA2,SSA3,SSA4,SP1,SP2,SP3,SP4,Other
01001," 116,580,506 ", 11.756989 ,CTYLAK,FORLAK,T01BEN,R01BEN,C03532,E01001,H08126,,M54WHA,,L15ZBE,,S05NSH,,,,,,,,,,,B12126,,,,
01002," 3,273,232 ", 12.159200 ,CTYLAK,FORLAK,T01BEN,R01BEN,C03532,E03003,H08126,,M54WHA,,L15ZBE,,S05NSH,,,,,,,,,,,B06003,B12126,,,
01003," 4,783,173 ", 10.615769 ,CTYLAK,FORLAK,T01BEN,R01BEN,C03532,E01001,H08126,,,F23WHA,L15ZBE,,S05NSH,,,,,,,,,,,B12126,,,,
01004," 11,802 ", 14.292067 ,CTYLAK,FORLAK,T01BEN,R01BEN,C03532,E04006,H08126,,,F23WHA,L15ZBE,P23ZIO,S05NSH,,,,,,,,,,,B12126,,,,
01005," 662,421 ", 11.017980 ,CTYLAK,FORLAK,T01BEN,R01BEN,C03532,E03003,H08126,,,F23WHA,L15ZBE,,S05NSH,,,,,,,,,,,B06003,B12126,,,
01006," 13,975 ", 14.387901 ,CTYLAK,FORLAK,T01BEN,R01BEN,C03532,E04006,H08126,,M54WHA,,L15ZBE,,S05NSH,,,,,,,,,,,B12126,,,,
01007," 33,310 ", 11.814944 ,CTYLAK,FORLAK,T01BEN,R01BEN,C03532,E03003,H08126,,,F05BPA,L15ZBE,,S05NSH,,,PORWAK,,,,,,,,B06003,B12126,,,
01008, -   , 11.657889 ,CTYLAK,FORLAK,T01BEN,R01BEN,C03532,E03003,H08126,,,F05BPA,L15ZBE,,,,,,,,,,,,,B06003,B12126,,,
01009, -   , 11.814944 ,CTYLAK,FORLAK,T01BEN,R01BEN,C03532,E03003,H08126,,,F05BPA,L15ZBE,,S05NSH,,,,,,,,,,,B06003,B12126,,,
01010," 8,675,281 ", 10.860925 ,CTYLAK,FORLAK,T01BEN,R01BEN,C03532,E03003,H08126,,,F23WHA,L15ZBE,,,,,,,,,,,,,B06003,B12126,,,
01011, -   , 10.617931 ,CTYLAK,FORLAK,T01BEN,R01BEN,C03532,E03003,H08126,,,,L15ZBE,,,,,,,,,,,,,B06003,B12126,,,
01012," 9,843,215 ", 12.002145 ,CTYLAK,FORLAK,T01BEN,R01BEN,C03532,E03003,H08126,,M54WHA,,L15ZBE,,,,,,,,,,,,,B06003,B12126,,,
01013, -   , 14.038640 ,CTYLAK,FORLAK,T01BEN,R01BEN,C03532,E03003,H08126,,M52WAK,,,P20WAK,S05NSH,,,,,,,,,,,B06003,B12126,,,
01014," 18,991,167 ", 11.179519 ,CTYLAK,FORLAK,T01BEN,R01BEN,C03532,,,U01060,M52WAK,,,P20WAK,S05NSH,,,PORWAK,,,,,,,,,,,,
01015," 2,124,759 ", 13.246681 ,CTYLAK,FORLAK,T01BEN,R01BEN,C03532,E04006,H08126,,,F23WHA,L15ZBE,,S05NSH,,,,,,,,,,,B12126,,,,
01016, -   , 13.089626 ,CTYLAK,FORLAK,T01BEN,R01BEN,C03532,E04006,H08126,,,F23WHA,L15ZBE,,,,,,,,,,,,,B12126,,,,
01017," 973,367 ", 13.881585 ,CTYLAK,FORLAK,T01BEN,R01BEN,C03532,E03003,H08126,,M52WAK,,,P20WAK,,,,PORWAK,,,,,,,,B06003,B12126,,,
01018, -   , 11.022464 ,CTYLAK,FORLAK,T01BEN,R01BEN,C03532,,,U01060,M52WAK,,,P20WAK,,,,,,,,,,,,,,,,
01019, -   , 13.003687 ,CTYLAK,FORLAK,T01BEN,R01BEN,C03532,E04006,H08126,,,,L15ZBE,,S05NSH,,,,,,,,,,,B12126,,,,
01020, -   , 11.179519 ,CTYLAK,FORLAK,T01BEN,R01BEN,C03532,,,U01060,M52WAK,,,P20WAK,S05NSH,,,,,,,,,,,,,,,
01021," 41,726 ", 11.906311 ,CTYLAK,FORLAK,T01BEN,R01BEN,C03532,E03003,H08126,,,F23WHA,L15ZBE,P23ZIO,,,,,,,,,,,,B06003,B12126,,,
01022, -   , 11.663317 ,CTYLAK,FORLAK,T01BEN,R01BEN,C03532,E03003,H08126,,,,L15ZBE,P23ZIO,,,,,,,,,,,,B06003,B12126,,,
01023, -   , 13.005322 ,CTYLAK,FORLAK,T01BEN,R01BEN,C03532,E03003,H08126,,M52WAK,,,,,,,,,,,,,,,B06003,B12126,,,
01024, -   , 12.860330 ,CTYLAK,FORLAK,T01BEN,R01BEN,C03532,E03003,H08126,,,F05BPA,L15ZBE,P23ZIO,S05NSH,,,,,,,,,,,B06003,B12126,,,
01025, -   , 10.774986 ,CTYLAK,FORLAK,T01BEN,R01BEN,C03532,E03003,H08126,,,,L15ZBE,,S05NSH,,,,,,,,,,,B06003,B12126,,,
01026, -   , 13.162377 ,CTYLAK,FORLAK,T01BEN,R01BEN,C03532,E03003,H08126,,M52WAK,,,,S05NSH,,,PORWAK,,,,,,,,B06003,B12126,,,
01027, -   , 14.038640 ,CTYLAK,FORLAK,T01BEN,R01BEN,C03532,E03003,H08126,,M52WAK,,,P20WAK,S05NSH,,,,,,,,,,,B06003,B12126,,,
01028," 24,622 ", 13.162377 ,CTYLAK,FORLAK,T01BEN,R01BEN,C03532,E03003,H08126,,M52WAK,,,,S05NSH,,,PORWAK,,,,,,,,B06003,B12126,,,
01029, -   , 12.691207 ,CTYLAK,FORLAK,T01BEN,R01BEN,C03532,E03003,H08126,,,F05BPA,L15ZBE,P20WAK,S05NSH,,,,,,,,,,,B06003,B12126,,,
01030, -   , 12.534152 ,CTYLAK,FORLAK,T01BEN,R01BEN,C03532,E03003,H08126,,,F05BPA,L15ZBE,P20WAK,,,,PORWAK,,,,,,,,B06003,B12126,,,
01031, -   , 12.691207 ,CTYLAK,FORLAK,T01BEN,R01BEN,C03532,E03003,H08126,,,F05BPA,L15ZBE,P20WAK,S05NSH,,,PORWAK,,,,,,,,B06003,B12126,,,
01032, -   , 11.657889 ,CTYLAK,FORLAK,T01BEN,R01BEN,C03532,E03003,H08126,,,F05BPA,L15ZBE,,,,,,,,,,,,,B06003,B12126,,,
01033," 16,645,880 ", 11.814944 ,CTYLAK,FORLAK,T01BEN,R01BEN,C03532,E03003,H08126,,M06BPA,F05BPA,L15ZBE,,S05NSH,,,,,,,,,,,B06003,B12126,,,
01034," 7,192,243 ", 11.657889 ,CTYLAK,FORLAK,T01BEN,R01BEN,C03532,E03003,H08126,,M06BPA,F05BPA,L15ZBE,,,,,,,,,,,,,B06003,B12126,,,
01035, -   , 11.814944 ,CTYLAK,FORLAK,T01BEN,R01BEN,C03532,E03003,H08126,,M06BPA,F05BPA,L15ZBE,,S05NSH,,,,,,,,,,,B06003,B12126,,,(From BP San)
01036," 6,469,942 ", 10.860925 ,CTYLAK,FORLAK,T01BEN,R01BEN,C03532,E03003,H08126,,M06BPA,F23WHA,L15ZBE,,,,,,,,,,,,,B06003,B12126,,,
01037, -   , 10.617931 ,CTYLAK,FORLAK,T01BEN,R01BEN,C03532,E03003,H08126,,M06BPA,,L15ZBE,,,,,,,,,,,,,B06003,B12126,,,
01038, -   , 12.860330 ,CTYLAK,FORLAK,T01BEN,R01BEN,C03532,E03003,H08126,,M06BPA,F05BPA,L15ZBE,P23ZIO,S05NSH,,,,,,,,,,,B06003,B12126,,,
01039, -   , 10.774986 ,CTYLAK,FORLAK,T01BEN,R01BEN,C03532,E03003,H08126,,M06BPA,,L15ZBE,,S05NSH,,,,,,,,,,,B06003,B12126,,,
01040, -   , 12.691207 ,CTYLAK,FORLAK,T01BEN,R01BEN,C03532,E03003,H08126,,M06BPA,F05BPA,L15ZBE,P20WAK,S05NSH,,,,,,,,,,,B06003,B12126,,,
01041," 457,648 ", 12.534152 ,CTYLAK,FORLAK,T01BEN,R01BEN,C03532,E03003,H08126,,M06BPA,F05BPA,L15ZBE,P20WAK,,,,PORWAK,,,,,,,,B06003,B12126,,,
01042," 132,098 ", 12.691207 ,CTYLAK,FORLAK,T01BEN,R01BEN,C03532,E03003,H08126,,M06BPA,F05BPA,L15ZBE,P20WAK,S05NSH,,,PORWAK,,,,,,,,B06003,B12126,,,
01043, -   , 11.657889 ,CTYLAK,FORLAK,T01BEN,R01BEN,C03532,E03003,H08126,,M06BPA,F05BPA,L15ZBE,,,,,,,,,,,,,B06003,B12126,,,
01044," 82,156 ", 11.017980 ,CTYLAK,FORLAK,T01BEN,R01BEN,C03532,E03003,H08126,,M06BPA,F23WHA,L15ZBE,,S05NSH,,,,,,,,,,,B06003,B12126,,,
01045, -   , 12.063366 ,CTYLAK,FORLAK,T01BEN,R01BEN,C03532,E03003,H08126,,,F23WHA,L15ZBE,P23ZIO,S05NSH,,,,,,,,,,,B06003,B12126,,,
01046, -   , 13.204586 ,CTYLAK,FORLAK,T01BEN,R01BEN,C03532,E03003,H08126,,M54WHA,,L15ZBE,P23ZIO,S05NSH,,,,,,,,,,,B06003,B12126,,,
01047, -   , 13.047531 ,CTYLAK,FORLAK,T01BEN,R01BEN,C03532,E03003,H08126,,M54WHA,,L15ZBE,P23ZIO,,,,,,,,,,,,B06003,B12126,,,
01048," 1,393,533 ", 10.860925 ,CTYLAK,FORLAK,T01BEN,R01BEN,C03532,E03003,H08126,,M50WAD,F23WHA,L15ZBE,,,,,,,,,,,,,B06003,B12126,,,
01049, -   , 11.906311 ,CTYLAK,FORLAK,T01BEN,R01BEN,C03532,E03003,H08126,,M50WAD,F23WHA,L15ZBE,P23ZIO,,,,,,,,,,,,B06003,B12126,,,
01050, -   , 11.657889 ,CTYLAK,FORLAK,T01BEN,R01BEN,C03532,E03003,H08126,,M06BPA,F05BPA,L15ZBE,,,,,,,,,136SSA,,,,B06003,B12126,,,
01051, -   , 11.657889 ,CTYLAK,FORLAK,T01BEN,R01BEN,C03532,E03003,H08126,,M06BPA,F05BPA,L15ZBE,,,,,,,,,140SSA,,,,B06003,B12126,,,
01052, -   , 13.727118 ,CTYLAK,FORLAK,T01BEN,R01BEN,C03532,E03003,H08126,,M52WAK,,,P20WAK,,,,,,,,136SSA,,,,B06003,B12126,,,
01053, -   , 12.063366 ,CTYLAK,FORLAK,T01BEN,R01BEN,C03532,E03003,H08126,,M50WAD,F23WHA,L15ZBE,P23ZIO,S05NSH,,,,,,,,,,,B06003,B12126,,,
01054," 1,270,875 ", 11.814944 ,CTYLAK,FORLAK,T01BEN,R01BEN,C03532,E03003,H08126,,M06BPA,F05BPA,L15ZBE,,S05NSH,,,,,X04TIF,,,,,,B06003,B12126,,,
01055, -   , 11.814944 ,CTYLAK,FORLAK,T01BEN,R01BEN,C03532,E03003,H08126,,M06BPA,F05BPA,L15ZBE,,S05NSH,,,,,X04TIF,,,,,,B06003,B12126,,,
01056, -   , 14.043645 ,CTYLAK,FORLAK,T01BEN,R01BEN,C03532,E04006,H08126,,,F05BPA,L15ZBE,,S05NSH,,,,,,,,,,,B12126,,,,
01057," 45,734 ", 11.657889 ,CTYLAK,FORLAK,T01BEN,R01BEN,C03532,E03003,H08126,,M06BPA,F05BPA,L15ZBE,,,,,,,,,141SSA,,,,B06003,B12126,,,
01058," 49,049 ", 10.860925 ,CTYLAK,FORLAK,T01BEN,R01BEN,C03532,E03003,H08126,,M06BPA,F23WHA,L15ZBE,,,,,,,,,142SSA,,,,B06003,B12126,,,
01059," 119,322 ", 11.657889 ,CTYLAK,FORLAK,T01BEN,R01BEN,C03532,E03003,H08126,,M06BPA,F05BPA,L15ZBE,,,,,,,,,139SSA,,,,B06003,B12126,,,
01060," 203,230 ", 10.860925 ,CTYLAK,FORLAK,T01BEN,R01BEN,C03532,E03003,H08126,,M06BPA,F23WHA,L15ZBE,,,,,,,,,138SSA,,,,B06003,B12126,,,
01061," 186,101 ", 10.860925 ,CTYLAK,FORLAK,T01BEN,R01BEN,C03532,E03003,H08126,,M06BPA,F23WHA,L15ZBE,,,,,,,,,137SSA,,,,B06003,B12126,,,
01062, -   , 11.657889 ,CTYLAK,FORLAK,T01BEN,R01BEN,C03532,E03003,H08126,,M06BPA,F05BPA,L15ZBE,,,,,,,,,138SSA,,,,B06003,B12126,,,
01063, -   , 11.775708 ,CTYLAK,FORLAK,T01BEN,,C03532,E03003,H08126,,,,L15ZBE,P23ZIO,S05NSH,,,,,,,,,,,B06003,B12126,,,
01064, -   , 11.775708 ,CTYLAK,FORLAK,T01BEN,,C03532,E03003,H08126,,M06BPA,,L15ZBE,P23ZIO,S05NSH,,,,,,,,,,,B06003,B12126,,,
01065, -   , 11.284097 ,CTYLAK,FORLAK,T01BEN,R01BEN,C03532,E03003,H08126,,,,,P20WAK,S05NSH,,,,,,,,,,,B06003,B12126,,,
01066, -   , 11.284097 ,CTYLAK,FORLAK,T01BEN,R01BEN,C03532,E03003,H08126,,M06BPA,,,P20WAK,S05NSH,,,,,,,,,,,B06003,B12126,,,
01067, -   , 14.921543 ,CTYLAK,FORLAK,T01BEN,R01BEN,C03532,E03003,H08126,,M52WAK,F05BPA,L15ZBE,P20WAK,,,,,,,,,,,,B06003,B12126,,,
01068, -   , 11.756989 ,CTYLAK,FORLAK,T01BEN,R01BEN,C03532,E01001,H08126,,M54WHA,,L15ZBE,,S05NSH,,,,,X42TIF,,,,,,B12126,,,,
01069, -   , 15.078598 ,CTYLAK,FORLAK,T01BEN,R01BEN,C03532,E03003,H08126,,M52WAK,F05BPA,L15ZBE,P20WAK,S05NSH,,,,,,,,,,,B06003,B12126,,,
01070," 429,843 ", 12.860330 ,CTYLAK,FORLAK,T01BEN,R01BEN,C03532,E03003,H08126,,M06BPA,F05BPA,L15ZBE,P23ZIO,S05NSH,,,,,,,,,,,B06003,B12126,,,
01071, -   , 11.284097 ,CTYLAK,FORLAK,T01BEN,R01BEN,C03532,E03003,H08126,,M06BPA,,,P20WAK,S05NSH,,,PORWAK,,X07TIF,,,,,,B06003,B12126,,,
01072, -   , 12.691207 ,CTYLAK,FORLAK,T01BEN,R01BEN,C03532,E03003,H08126,,M06BPA,F05BPA,L15ZBE,P20WAK,S05NSH,,,PORWAK,,X07TIF,,,,,,B06003,B12126,,,
01073," 999,352 ", 11.814944 ,CTYLAK,FORLAK,T01BEN,R01BEN,C03532,E03003,H08126,,M06BPA,F05BPA,L15ZBE,,S05NSH,,,,,X07TIF,,,,,,B06003,B12126,,,
01074," 2,113,892 ", 11.814944 ,CTYLAK,FORLAK,T01BEN,R01BEN,C03532,E03003,H08126,,M06BPA,F05BPA,L15ZBE,,S05NSH,,,,,X06TIF,,,,,,B06003,B12126,,,
01075," 299,795 ", 11.657889 ,CTYLAK,FORLAK,T01BEN,R01BEN,C03532,E03003,H08126,,M06BPA,F05BPA,L15ZBE,,,,,,,X06TIF,,,,,,B06003,B12126,,,
01076, -   , 12.534152 ,CTYLAK,FORLAK,T01BEN,R01BEN,C03532,E03003,H08126,,M06BPA,F05BPA,L15ZBE,P20WAK,,,,,,X06TIF,,,,,,B06003,B12126,,,
01077, -   , 12.691207 ,CTYLAK,FORLAK,T01BEN,R01BEN,C03532,E03003,H08126,,M06BPA,F05BPA,L15ZBE,P20WAK,S05NSH,,,PORWAK,,X06TIF,,,,,,B06003,B12126,,,
01078," 3,425,749 ", 10.860925 ,CTYLAK,FORLAK,T01BEN,R01BEN,C03532,E03003,H08126,,M06BPA,F23WHA,L15ZBE,,,,,,,X07TIF,,,,,,B06003,B12126,,,
01079, -   , 10.860925 ,CTYLAK,FORLAK,T01BEN,R01BEN,C03532,E03003,H08126,,M06BPA,F23WHA,L15ZBE,,,,,,,X07TIF,,138SSA,,,,B06003,B12126,,,
01080," 3,761,435 ", 11.657889 ,CTYLAK,FORLAK,T01BEN,R01BEN,C03532,E03003,H08126,,M06BPA,F05BPA,L15ZBE,,,,,,,X07TIF,,,,,,B06003,B12126,,,
01081, -   , 11.657889 ,CTYLAK,FORLAK,T01BEN,R01BEN,C03532,E03003,H08126,,M06BPA,F05BPA,L15ZBE,,,,,,,X07TIF,,138SSA,,,,B06003,B12126,,,
01082, -   , 11.657889 ,CTYLAK,FORLAK,T01BEN,R01BEN,C03532,E03003,H08126,,M06BPA,F05BPA,L15ZBE,,,,,,,X07TIF,,140SSA,,,,B06003,B12126,,,
01083, -   , 11.657889 ,CTYLAK,FORLAK,T01BEN,R01BEN,C03532,E03003,H08126,,M06BPA,F05BPA,L15ZBE,,,,,,,X07TIF,,136SSA,,,,B06003,B12126,,,
01084, -   , 11.999983 ,CTYLAK,FORLAK,T01BEN,R01BEN,C03532,E01001,H08126,,M54WHA,F23WHA,L15ZBE,,S05NSH,,,,,,,,,,,B12126,,,,
01085," 266,479 ", 11.657889 ,CTYLAK,FORLAK,T01BEN,R01BEN,C03532,E03003,H08126,,M06BPA,F05BPA,L15ZBE,,,,,,,,,143SSA,,,,B06003,B12126,,,
01086," 370,028 ", 10.860925 ,CTYLAK,FORLAK,T01BEN,R01BEN,C03532,E03003,H08126,,M06BPA,F23WHA,L15ZBE,,,,,,,X07TIF,,133SSA,,,,B06003,B12126,,,
01087, -   , 10.860925 ,CTYLAK,FORLAK,T01BEN,R01BEN,C03532,E03003,H08126,,M06BPA,F23WHA,L15ZBE,,,,,,,X07TIF,,133SSA,138SSA,,,B06003,B12126,,,
01088," 130,958 ", 11.657889 ,CTYLAK,FORLAK,T01BEN,R01BEN,C03532,E03003,H08126,,M06BPA,F05BPA,L15ZBE,,,,,,,X07TIF,,134SSA,,,,B06003,B12126,,,
01089," 363,266 ", 11.657889 ,CTYLAK,FORLAK,T01BEN,R01BEN,C03532,E03003,H08126,,M06BPA,F05BPA,L15ZBE,,,,,,,,,135SSA,,,,B06003,B12126,,,
01090," 760,782 ", 10.860925 ,CTYLAK,FORLAK,T01BEN,R01BEN,C03532,E03003,H08126,,M06BPA,F23WHA,L15ZBE,,,,,,,,,135SSA,,,,B06003,B12126,,,
01091," 46,913 ", 10.860925 ,CTYLAK,FORLAK,T01BEN,R01BEN,C03532,E03003,H08126,,M06BPA,F23WHA,L15ZBE,,,,,,,X07TIF,,135SSA,,,,B06003,B12126,,,
01092," 1,084 ", 11.657889 ,CTYLAK,FORLAK,T01BEN,R01BEN,C03532,E03003,H08126,,M06BPA,F05BPA,L15ZBE,,,,,,,X07TIF,,135SSA,,,,B06003,B12126,,,
01093, -   , 12.245139 ,CTYLAK,FORLAK,T01BEN,R01BEN,C03532,E03003,H08126,,M54WHA,F23WHA,L15ZBE,,,,,,,,,,,,,B06003,B12126,,,
01094, -   , 14.202335 ,CTYLAK,FORLAK,T01BEN,R01BEN,C03532,E03003,H08126,,M52WAK,F05BPA,,,S05NSH,,,,,,,,,,,B06003,B12126,,,
01095," 12,026,120 ", 11.814944 ,CTYLAK,FORLAK,T01BEN,R01BEN,C03532,E03003,H08126,,M06BPA,F05BPA,L15ZBE,,S05NSH,,,,,,,140SSA,,,,B06003,B12126,,,
01096," 376,412 ", 11.814944 ,CTYLAK,FORLAK,T01BEN,R01BEN,C03532,E03003,H08126,,M06BPA,F05BPA,L15ZBE,,S05NSH,,,,,X07TIF,,140SSA,,,,B06003,B12126,,,
01097," 184,010 ", 11.017980 ,CTYLAK,FORLAK,T01BEN,R01BEN,C03532,E03003,H08126,,M06BPA,F23WHA,L15ZBE,,S05NSH,,,,,X07TIF,,,,,,B06003,B12126,,,
01098, -   , 11.017980 ,CTYLAK,FORLAK,T01BEN,R01BEN,C03532,E03003,H08126,,M06BPA,F23WHA,L15ZBE,,S05NSH,,,,,X07TIF,,133SSA,,,,B06003,B12126,,,
01099, -   , 11.814944 ,CTYLAK,FORLAK,T01BEN,R01BEN,C03532,E03003,H08126,,M06BPA,F05BPA,L15ZBE,,S05NSH,,,,,X07TIF,,135SSA,,,,B06003,B12126,,,
01100, -   , 11.017980 ,CTYLAK,FORLAK,T01BEN,R01BEN,C03532,E03003,H08126,,M06BPA,F23WHA,L15ZBE,,S05NSH,,,,,X07TIF,,135SSA,,,,B06003,B12126,,,
01101, -   , 11.814944 ,CTYLAK,FORLAK,T01BEN,R01BEN,C03532,E03003,H08126,,M06BPA,F05BPA,L15ZBE,,S05NSH,,,,,,,143SSA,,,,B06003,B12126,,,
01102, -   , 11.814944 ,CTYLAK,FORLAK,T01BEN,R01BEN,C03532,E03003,H08126,,M06BPA,F05BPA,L15ZBE,,S05NSH,,,PORWAK,,X07TIF,,,,,,B06003,B12126,,,
01103, -   , 11.814944 ,CTYLAK,FORLAK,T01BEN,R01BEN,C03532,E03003,H08126,,M06BPA,F05BPA,L15ZBE,,S05NSH,,,,,X07TIF,,140SSA,,,,B06003,B12126,,,
01104," 336,691 ", 11.814944 ,CTYLAK,FORLAK,T01BEN,R01BEN,C03532,E03003,H08126,,M06BPA,F05BPA,L15ZBE,,S05NSH,,,PORWAK,,,,415SSA,,,,B06003,B12126,,,
01105," 6,596,947 ", 11.756989 ,CTYLAK,FORLAK,T01BEN,R01BEN,C03532,E01001,H08126,,M54WHA,,L15ZBE,,S05NSH,,,,,X64TIF,,,,,,B12126,,,,
01106," 14,008,477 ", 14.038640 ,CTYLAK,FORLAK,T01BEN,R01BEN,C03532,E03003,H08126,,M52WAK,,,P20WAK,S05NSH,,,PORWAK,,,,,,,,B06003,B12126,,,
01107," 69,649,362 ", 11.814944 ,CTYLAK,FORLAK,T01BEN,R01BEN,C03532,E03003,H08126,,M06BPA,F05BPA,L15ZBE,,S05NSH,,,PORWAK,,,,,,,,B06003,B12126,,,
01108," 2,724,951 ", 11.814944 ,CTYLAK,FORLAK,T01BEN,R01BEN,C03532,E03003,H08126,,M06BPA,F05BPA,L15ZBE,,S05NSH,,,PORWAK,,X04TIF,,,,,,B06003,B12126,,,
01109," 494,336 ", 11.814944 ,CTYLAK,FORLAK,T01BEN,R01BEN,C03532,E03003,H08126,,M06BPA,F05BPA,L15ZBE,,S05NSH,,,PORWAK,,X07TIF,,,,,,B06003,B12126,,,
01110," 1,165,543 ", 11.814944 ,CTYLAK,FORLAK,T01BEN,R01BEN,C03532,E03003,H08126,,M06BPA,F05BPA,L15ZBE,,S05NSH,,,PORWAK,,X06TIF,,,,,,B06003,B12126,,,
01111, -   , 11.657889 ,CTYLAK,FORLAK,T01BEN,R01BEN,C03532,E03003,H08126,,M06BPA,F05BPA,L15ZBE,,,,,PORWAK,,X06TIF,,,,,,B06003,B12126,,,
01112," 503,400 ", 12.534152 ,CTYLAK,FORLAK,T01BEN,R01BEN,C03532,E03003,H08126,,M06BPA,F05BPA,L15ZBE,P20WAK,,,,PORWAK,,X06TIF,,,,,,B06003,B12126,,,
01113," 3,785,693 ", 11.657889 ,CTYLAK,FORLAK,T01BEN,R01BEN,C03532,E03003,H08126,,M06BPA,F05BPA,L15ZBE,,,,,PORWAK,,X07TIF,,,,,,B06003,B12126,,,
01114," 6,570 ", 11.814944 ,CTYLAK,FORLAK,T01BEN,R01BEN,C03532,E03003,H08126,,,F05BPA,L15ZBE,,S05NSH,,,,,,,,,,,B06003,B12126,,,
02001," 91,051,767 ", 14.218703 ,CTYLAK,FORLAK,T02ZIO,,C03532,E03003,H08126,,M55ZIO,,L15ZBE,P23ZIO,S05NSH,,,,,,,,,,,B06003,B12126,,,
02002," 182,210 ", 15.402018 ,CTYLAK,FORLAK,T02ZIO,,C03532,E04006,H08126,,M55ZIO,,L15ZBE,,S05NSH,,,,,,,,,,,B12126,,,,
02003," 199,161,572 ", 16.447404 ,CTYLAK,FORLAK,T02ZIO,,C03532,E04006,H08126,,M55ZIO,,L15ZBE,P23ZIO,S05NSH,,,,,,,,,,,B12126,,,,
02004," 29,210 ", 16.290349 ,CTYLAK,FORLAK,T02ZIO,,C03532,E04006,H08126,,M55ZIO,,L15ZBE,P23ZIO,,,,,,,,,,,,B12126,,,,
02005, -   , 15.244963 ,CTYLAK,FORLAK,T02ZIO,,C03532,E04006,H08126,,M55ZIO,,L15ZBE,,,,,,,,,,,,,B12126,,,,
02006," 4,360,290 ", 14.061648 ,CTYLAK,FORLAK,T02ZIO,,C03532,E03003,H08126,,M55ZIO,,L15ZBE,P23ZIO,,,,,,,,,,,,B06003,B12126,,,
02007," 59,743 ", 13.816492 ,CTYLAK,FORLAK,T02ZIO,,C03532,E01001,H08126,,M55ZIO,,L15ZBE,P23ZIO,S05NSH,,,,,,,,,,,B12126,,,,
02008, -   , 14.218703 ,CTYLAK,FORLAK,T02ZIO,,C03532,E03003,H08126,,M55ZIO,,L15ZBE,P23ZIO,S05NSH,,,,,,,,,,,B06003,B12126,,,(From BP San)
02009, -   , 13.173317 ,CTYLAK,FORLAK,T02ZIO,,C03532,E03003,H08126,,M55ZIO,,L15ZBE,,S05NSH,,,,,,,,,,,B06003,B12126,,,
02010, -   , 13.016262 ,CTYLAK,FORLAK,T02ZIO,,C03532,E03003,H08126,,M55ZIO,,L15ZBE,,,,,,,,,,,,,B06003,B12126,,,
02011, -   , 13.173317 ,CTYLAK,FORLAK,T02ZIO,,C03532,E03003,H08126,,M55ZIO,,L15ZBE,,S05NSH,,,,,,,,,,,B06003,B12126,,,
02012, -   , 12.649110 ,CTYLAK,FORLAK,T02ZIO,,C03532,E03003,H08126,,M55ZIO,,,,,,,,,,,,,,,B06003,B12126,,,
02013," 21,700 ", 13.694496 ,CTYLAK,FORLAK,T02ZIO,,C03532,E03003,H08126,,M55ZIO,,,P23ZIO,,,,,,,,,,,,B06003,B12126,,,
02014, -   , 16.447404 ,CTYLAK,FORLAK,T02ZIO,,C03532,E04006,H08126,,M55ZIO,,L15ZBE,P23ZIO,S05NSH,,,,,X53TIF,,,,,,B12126,,,,
02015, -   , 14.218703 ,CTYLAK,FORLAK,T02ZIO,,C03532,E03003,H08126,,M55ZIO,,L15ZBE,P23ZIO,S05NSH,,,,,X54TIF,,,,,,B06003,B12126,,,
02016," 2,358,621 ", 14.218703 ,CTYLAK,FORLAK,T02ZIO,,C03532,E03003,H08126,,M55ZIO,,L15ZBE,P23ZIO,S05NSH,,,,,X55TIF,,,,,,B06003,B12126,,,
02017," 377,375 ", 16.447404 ,CTYLAK,FORLAK,T02ZIO,,C03532,E04006,H08126,,M55ZIO,,L15ZBE,P23ZIO,S05NSH,,,,,X55TIF,,,,,,B12126,,,,
02018, -   , 14.218703 ,CTYLAK,FORLAK,T02ZIO,,C03532,E03003,H08126,,M55ZIO,,L15ZBE,P23ZIO,S05NSH,,,,,X55TIF,,,,,,B06003,B12126,,,
02019, -   , 12.771106 ,CTYLAK,FORLAK,T02ZIO,,C03532,E01001,H08126,,M55ZIO,,L15ZBE,,S05NSH,,,,,,,,,,,B12126,,,,
02020," 778,915 ", 13.259256 ,CTYLAK,FORLAK,T02ZIO,,C03532,E03003,H08126,,M55ZIO,F23WHA,L15ZBE,,,,,,,,,,,,,B06003,B12126,,,
02021, -   , 13.403230 ,CTYLAK,FORLAK,T02ZIO,,C03532,E03003,H08126,,M55ZIO,F18NEW,,,,,,,,,,,,,,B06003,B12126,,,
02022, -   , 14.304642 ,CTYLAK,FORLAK,T02ZIO,,C03532,E03003,H08126,,M55ZIO,F23WHA,L15ZBE,P23ZIO,,,,,,,,,,,,B06003,B12126,,,
02023, -   , 13.560285 ,CTYLAK,FORLAK,T02ZIO,,C03532,E03003,H08126,,M55ZIO,F18NEW,,,S05NSH,,,,,,,,,,,B06003,B12126,,,
02024, -   , 14.605671 ,CTYLAK,FORLAK,T02ZIO,,C03532,E03003,H08126,,M55ZIO,F18NEW,,P23ZIO,S05NSH,,,,,,,,,,,B06003,B12126,,,
02025, -   , 14.448616 ,CTYLAK,FORLAK,T02ZIO,,C03532,E03003,H08126,,M55ZIO,F18NEW,,P23ZIO,,,,,,,,,,,,B06003,B12126,,,
02026, -   , 16.690398 ,CTYLAK,FORLAK,T02ZIO,,C03532,E04006,H08126,,M55ZIO,F23WHA,L15ZBE,P23ZIO,S05NSH,,,,,,,,,,,B12126,,,,
02027, -   , 13.851551 ,CTYLAK,FORLAK,T02ZIO,,C03532,E03003,H08126,,M55ZIO,,,P23ZIO,S05NSH,,,,,,,,,,,B06003,B12126,,,
02028," 2,296,333 ", 14.218703 ,CTYLAK,FORLAK,T02ZIO,,C03532,E03003,H08126,,M55ZIO,,L15ZBE,P23ZIO,S05NSH,,,,,X56TIF,,,,,,B06003,B12126,,,
02029," 1,189,429 ", 14.218703 ,CTYLAK,FORLAK,T02ZIO,,C03532,E03003,H08126,,M55ZIO,,L15ZBE,P23ZIO,S05NSH,,,,,X57TIF,,,,,,B06003,B12126,,,
02030," 7,271 ", 13.851551 ,CTYLAK,FORLAK,T02ZIO,,C03532,E03003,H08126,,M55ZIO,,,P23ZIO,S05NSH,,,,,X57TIF,,,,,,B06003,B12126,,,
02031," 537,316 ", 13.694496 ,CTYLAK,FORLAK,T02ZIO,,C03532,E03003,H08126,,M55ZIO,,,P23ZIO,,,,,,X57TIF,,,,,,B06003,B12126,,,
02032," 6,636,701 ", 14.061648 ,CTYLAK,FORLAK,T02ZIO,,C03532,E03003,H08126,,M55ZIO,,L15ZBE,P23ZIO,,,,,,X57TIF,,,,,,B06003,B12126,,,
02033, -   , 15.402018 ,CTYLAK,FORLAK,T02ZIO,,C03532,E04006,H08126,,M55ZIO,,L15ZBE,,S05NSH,,,,,X62TIF,,,,,,B12126,,,,
02034," 6,000,451 ", 16.447404 ,CTYLAK,FORLAK,T02ZIO,,C03532,E04006,H08126,,M55ZIO,,L15ZBE,P23ZIO,S05NSH,,,,,X62TIF,,,,,,B12126,,,,
02035," 14,741,249 ", 14.218703 ,CTYLAK,FORLAK,T02ZIO,,C03532,E03003,H08126,,M55ZIO,,L15ZBE,P23ZIO,S05NSH,,,,,X65TIF,,,,,,B06003,B12126,,,
02036," 176,190 ", 15.402018 ,CTYLAK,FORLAK,T02ZIO,,C03532,E04006,H08126,,M55ZIO,,L15ZBE,,S05NSH,,,,,X65TIF,,,,,,B12126,,,,
02037," 5,362,194 ", 16.447404 ,CTYLAK,FORLAK,T02ZIO,,C03532,E04006,H08126,,M55ZIO,,L15ZBE,P23ZIO,S05NSH,,,,,X65TIF,,,,,,B12126,,,,
02038," 158,622 ", 16.290349 ,CTYLAK,FORLAK,T02ZIO,,C03532,E04006,H08126,,M55ZIO,,L15ZBE,P23ZIO,,,,,,X65TIF,,,,,,B12126,,,,
02039," 147,391 ", 15.244963 ,CTYLAK,FORLAK,T02ZIO,,C03532,E04006,H08126,,M55ZIO,,L15ZBE,,,,,,,X65TIF,,,,,,B12126,,,,
02040," 545,658 ", 14.061648 ,CTYLAK,FORLAK,T02ZIO,,C03532,E03003,H08126,,M55ZIO,,L15ZBE,P23ZIO,,,,,,X65TIF,,,,,,B06003,B12126,,,
02041," 60,946 ", 13.016262 ,CTYLAK,FORLAK,T02ZIO,,C03532,E03003,H08126,,M55ZIO,,L15ZBE,,,,,,,X65TIF,,,,,,B06003,B12126,,,
02042, -   , 13.173317 ,CTYLAK,FORLAK,T02ZIO,,C03532,E03003,H08126,,M55ZIO,,L15ZBE,,S05NSH,,,,,X65TIF,,,,,,B06003,B12126,,,
02043, -   , 14.218703 ,CTYLAK,FORLAK,T02ZIO,,C03532,E03003,H08126,,M55ZIO,,L15ZBE,P23ZIO,S05NSH,,,,,X56TIF,X65TIF,,,,,B06003,B12126,,,
03001," 9,728,522 ", 11.063672 ,CTYLAK,FORLAK,T03NEW,R03NEW,C03532,E03003,H08126,,,F18NEW,,,,,,,,,,,,,,B06003,B12126,,,
03002," 7,717,199 ", 11.063672 ,CTYLAK,FORLAK,T03NEW,R03NEW,C03532,E03003,H08126,,M50WAD,F18NEW,,,,,,,,,,,,,,B06003,B12126,,,
03003, -   , 10.163119 ,CTYLAK,FORLAK,T03NEW,R03NEW,C03532,E03003,H03117,,,F18NEW,,,,,,,,,,,,,,B06003,,,,
03005," 25,917,904 ", 11.650280 ,CTYLAK,FORLAK,T03NEW,R03NEW,C03532,E06024,H05121,,M50WAD,F18NEW,L13WNE,,,,,,,,,,,,,B10121,,,,
03006, -   , 9.732065 ,CTYLAK,FORLAK,T03NEW,R03NEW,C03532,E03003,H05121,,,F18NEW,L13WNE,,,,,,,,,,,,,B06003,B10121,,,
03007," 6,332,994 ", 11.650280 ,CTYLAK,FORLAK,T03NEW,R03NEW,C03532,E06024,H05121,,,F18NEW,L13WNE,,,,,,,,,,,,,B10121,,,,
03008," 11,315,399 ", 11.375607 ,CTYLAK,FORLAK,T03NEW,R03NEW,C03532,E03003,H08126,,,F18NEW,L13WNE,,,,,,,,,,,,,B06003,B12126,,,
03009," 1,866,542 ", 11.979338 ,CTYLAK,FORLAK,T03NEW,R03NEW,C03532,E06024,H05121,,M37OMC,F18NEW,L13WNE,,,,,,,,,,,,,B10121,,,,
03010," 93,889 ", 11.704665 ,CTYLAK,FORLAK,T03NEW,R03NEW,C03532,E03003,H08126,,M37OMC,F18NEW,L13WNE,,,,,,,,,,,,,B06003,B12126,,,
03011," 199,594 ", 9.236160 ,CTYLAK,FORLAK,T03NEW,R03NEW,C03532,E16056,H05121,,,F18NEW,L13WNE,,,,,,,,,,,,,B10121,,,,
03012," 58,773,071 ", 9.236160 ,CTYLAK,FORLAK,T03NEW,R03NEW,C03532,E16056,H05121,,M50WAD,F18NEW,L13WNE,,,,,,,,,,,,,B10121,,,,
03013," 25,667,094 ", 11.375607 ,CTYLAK,FORLAK,T03NEW,R03NEW,C03532,E03003,H08126,,M50WAD,F18NEW,L13WNE,,,,,,,,,,,,,B06003,B12126,,,
03014, -   , 10.924648 ,CTYLAK,FORLAK,T03NEW,R03NEW,C03532,E16056,H05121,,M52WAK,,,,,,,,,,,,,,,B10121,,,,
03015, -   , 9.929681 ,CTYLAK,FORLAK,T03NEW,R03NEW,C03532,E09034,H03117,,,F18NEW,,,,,,,,,,,,,,,,,,
03016, -   , 11.800911 ,CTYLAK,FORLAK,T03NEW,R03NEW,C03532,E16056,H05121,,M52WAK,,,P20WAK,,,,PORWAK,,,,,,,,B10121,,,,
03017," 311,680 ", 10.112423 ,CTYLAK,FORLAK,T03NEW,R03NEW,C03532,E16056,H05121,,M50WAD,F18NEW,L13WNE,P20WAK,,,,,,,,,,,,B10121,,,,
03018, -   , 11.063672 ,CTYLAK,FORLAK,T03NEW,R03NEW,C03532,E03003,H08126,,M06BPA,F18NEW,,,,,,,,,,,,,,B06003,B12126,,,
03019, -   , 9.732065 ,CTYLAK,FORLAK,T03NEW,R03NEW,C03532,E03003,H05121,,M06BPA,F18NEW,L13WNE,,,,,,,,,,,,,B06003,B10121,,,
03020, -   , 9.236160 ,CTYLAK,FORLAK,T03NEW,R03NEW,C03532,E16056,H05121,,M06BPA,F18NEW,L13WNE,,,,,,,,,,,,,B10121,,,,
03021, -   , 11.420553 ,CTYLAK,FORLAK,T03NEW,R03NEW,C03532,E03003,H05121,,M52WAK,,,,,,,,,,,,,,,B06003,B10121,,,
03022, -   , 10.112423 ,CTYLAK,FORLAK,T03NEW,R03NEW,C03532,E16056,H05121,,M06BPA,F18NEW,L13WNE,P20WAK,,,,,,,,,,,,B10121,,,,
03023," 261,320 ", 11.957966 ,CTYLAK,FORLAK,T03NEW,R03NEW,C03532,E16056,H05121,,M52WAK,,,P20WAK,S05NSH,,,PORWAK,,,,,,,,B10121,,,,
03024," 168,698 ", 9.393215 ,CTYLAK,FORLAK,T03NEW,R03NEW,C03532,E16056,H05121,,M50WAD,F18NEW,L13WNE,,S05NSH,,,,,,,,,,,B10121,,,,
03025, -   , 10.269478 ,CTYLAK,FORLAK,T03NEW,R03NEW,C03532,E16056,H05121,,M50WAD,F18NEW,L13WNE,P20WAK,S05NSH,,,,,,,,,,,B10121,,,,
03026," 9,571,976 ", 10.366739 ,CTYLAK,FORLAK,T03NEW,R03NEW,C03532,E09034,H03117,,,F18NEW,L01ANT,,,,,,,,,,,,,,,,,
03027, -   , 11.392730 ,CTYLAK,FORLAK,T03NEW,R03NEW,C03532,E03003,H08126,,M37OMC,F18NEW,,,,,,,,,,,,,,B06003,B12126,,,
03028," 574,439 ", 10.695797 ,CTYLAK,FORLAK,T03NEW,R03NEW,C03532,E09034,H03117,,M37OMC,F18NEW,L01ANT,,,,,,,,,,,,,,,,,
03029, -   , 11.063672 ,CTYLAK,FORLAK,T03NEW,R03NEW,C03532,E03003,H08126,,,F18NEW,,,,,,,,,,342SSA,,,,B06003,B12126,,,
03030," 262,870 ", 11.650280 ,CTYLAK,FORLAK,T03NEW,R03NEW,C03532,E06024,H05121,,,F18NEW,L13WNE,,,,,,,,,342SSA,,,,B10121,,,,
03031," 3,491,413 ", 11.979338 ,CTYLAK,FORLAK,T03NEW,R03NEW,C03532,E06024,H05121,,M37OMC,F18NEW,L13WNE,,,,,,,,,342SSA,,,,B10121,,,,
03032," 14,177 ", 11.704665 ,CTYLAK,FORLAK,T03NEW,R03NEW,C03532,E03003,H08126,,M37OMC,F18NEW,L13WNE,,,,,,,,,342SSA,,,,B06003,B12126,,,
03033," 27,866 ", 10.366739 ,CTYLAK,FORLAK,T03NEW,R03NEW,C03532,E09034,H03117,,,F18NEW,L01ANT,,,,,,,,,342SSA,,,,,,,,
03034, -   , 11.392730 ,CTYLAK,FORLAK,T03NEW,R03NEW,C03532,E03003,H08126,,M37OMC,F18NEW,,,,,,,,,,342SSA,,,,B06003,B12126,,,
03035," 108,960 ", 10.695797 ,CTYLAK,FORLAK,T03NEW,R03NEW,C03532,E09034,H03117,,M37OMC,F18NEW,L01ANT,,,,,,,,,342SSA,,,,,,,,
03036, -   , 12.434512 ,CTYLAK,FORLAK,T03NEW,R03NEW,C03532,E06024,H05121,,M37OMC,F18NEW,L13WNE,P13LND,,,,,,,,,,,,B10121,,,,
03037, -   , 12.484629 ,CTYLAK,FORLAK,T03NEW,R03NEW,C03532,E06024,H05121,,M37OMC,F18NEW,L13WNE,P13LND,S04LND,,,,,,,,,,,B10121,,,,
03038, -   , 11.430824 ,CTYLAK,FORLAK,T03NEW,R03NEW,C03532,E03003,H08126,,M50WAD,F18NEW,L15ZBE,,,,,,,,,,,,,B06003,B12126,,,
03039, -   , 12.006352 ,CTYLAK,FORLAK,T03NEW,R03NEW,C03532,E06024,H05121,,M30LND,F18NEW,L13WNE,,,,,,WTRCLC,,,,,,,B10121,B16CLC,,,
03040, -   , 10.112423 ,CTYLAK,FORLAK,T03NEW,R03NEW,C03532,E16056,H05121,,,F18NEW,L13WNE,P20WAK,,,,,,,,,,,,B10121,,,,
03041, -   , 10.596516 ,CTYLAK,FORLAK,T03NEW,R03NEW,C03532,E09034,H03117,,M01ANT,,L01ANT,,,,,,,,,,,,,,,,,
03042, -   , 10.596516 ,CTYLAK,FORLAK,T03NEW,R03NEW,C03532,E09034,H03117,,M01ANT,,L01ANT,,,,,,,,,342SSA,,,,,,,,
03043, -   , 12.109058 ,CTYLAK,FORLAK,T03NEW,R03NEW,C03532,E03003,H08126,,,F18NEW,,P23ZIO,,,,,,,,,,,,B06003,B12126,,,
03044, -   , 11.063672 ,CTYLAK,FORLAK,T03NEW,R03NEW,C03532,E03003,H08126,,M06BPA,F18NEW,,,,,,,,,,140SSA,,,,B06003,B12126,,,
03045, -   , 9.236160 ,CTYLAK,FORLAK,T03NEW,R03NEW,C03532,E16056,H05121,,M06BPA,F18NEW,L13WNE,,,,,,,,,140SSA,,,,B10121,,,,
03046, -   , 9.732065 ,CTYLAK,FORLAK,T03NEW,R03NEW,C03532,E03003,H05121,,M50WAD,F18NEW,L13WNE,,,,,,,,,,,,,B06003,B10121,,,
03047," 17,979 ", 11.375607 ,CTYLAK,FORLAK,T03NEW,R03NEW,C03532,E03003,H08126,,M06BPA,F18NEW,L13WNE,,,,,,,,,,,,,B06003,B12126,,,
03048," 59,064 ", 11.375607 ,CTYLAK,FORLAK,T03NEW,R03NEW,C03532,E03003,H08126,,,F18NEW,L13WNE,,,,,,,,,342SSA,,,,B06003,B12126,,,
03049, -   , 11.375607 ,CTYLAK,FORLAK,T03NEW,R03NEW,C03532,E03003,H08126,,M06BPA,F18NEW,L13WNE,,,,,,,,,140SSA,,,,B06003,B12126,,,
03050, -   , 9.236160 ,CTYLAK,FORLAK,T03NEW,R03NEW,C03532,E16056,H05121,,,F18NEW,L13WNE,,,,,,,,,140SSA,,,,B10121,,,,
03051, -   , 10.366739 ,CTYLAK,FORLAK,T03NEW,R03NEW,C03532,E09034,H03117,,,F18NEW,L01ANT,,,,,,,X01TIF,,342SSA,,,,,,,,
03052, -   , 10.596516 ,CTYLAK,FORLAK,T03NEW,R03NEW,C03532,E09034,H03117,,M01ANT,,L01ANT,,,,,,,X01TIF,,342SSA,,,,,,,,
03053, -   , 11.577608 ,CTYLAK,FORLAK,T03NEW,R03NEW,C03532,E03003,H05121,,M52WAK,,,,S05NSH,,,,,,,,,,,B06003,B10121,,,
03054, -   , 10.269478 ,CTYLAK,FORLAK,T03NEW,R03NEW,C03532,E16056,H05121,,M06BPA,F18NEW,L13WNE,P20WAK,S05NSH,,,,,,,,,,,B10121,,,,
03055, -   , 11.081703 ,CTYLAK,FORLAK,T03NEW,R03NEW,C03532,E16056,H05121,,M52WAK,,,,S05NSH,,,PORWAK,,,,,,,,B10121,,,,
03056, -   , 9.889120 ,CTYLAK,FORLAK,T03NEW,R03NEW,C03532,E03003,H05121,,M06BPA,F18NEW,L13WNE,,S05NSH,,,,,,,,,,,B06003,B10121,,,
03057, -   , 9.236160 ,CTYLAK,FORLAK,T03NEW,R03NEW,C03532,E16056,H05121,,M06BPA,F18NEW,L13WNE,,,,,,,X07TIF,,140SSA,,,,B10121,,,,
03058, -   , 9.236160 ,CTYLAK,FORLAK,T03NEW,R03NEW,C03532,E16056,H05121,,M06BPA,F18NEW,L13WNE,,,,,PORWAK,,X07TIF,,,,,,B10121,,,,
03059, -   , 9.732065 ,CTYLAK,FORLAK,T03NEW,R03NEW,C03532,E03003,H05121,,M06BPA,F18NEW,L13WNE,,,,,,,X07TIF,,,,,,B06003,B10121,,,
03060, -   , 9.889120 ,CTYLAK,FORLAK,T03NEW,R03NEW,C03532,E03003,H05121,,M06BPA,F18NEW,L13WNE,,S05NSH,,,,,X07TIF,,,,,,B06003,B10121,,,
03061, -   , 10.112423 ,CTYLAK,FORLAK,T03NEW,R03NEW,C03532,E16056,H05121,,M06BPA,F18NEW,L13WNE,P20WAK,,,,,,X07TIF,,,,,,B10121,,,,
03062, -   , 11.350636 ,CTYLAK,FORLAK,T03NEW,R03NEW,C03532,E09034,H03117,,M01ANT,F18NEW,L01ANT,,,,,,,,,,,,,,,,,
03063, -   , 11.661445 ,CTYLAK,FORLAK,T03NEW,R03NEW,C03532,E03003,H08126,,M06BPA,F05BPA,L13WNE,,,,,,,,,140SSA,,,,B06003,B12126,,,
03064," 321,320 ", 11.131887 ,CTYLAK,FORLAK,T03NEW,R03NEW,C03532,E09034,H03117,,M01ANT,F01ANT,L01ANT,,,,,,,,,,,,,,,,,
03065," 31,404 ", 11.131887 ,CTYLAK,FORLAK,T03NEW,R03NEW,C03532,E09034,H03117,,M01ANT,F01ANT,L01ANT,,,,,,,X01TIF,,342SSA,,,,,,,,
03066, -   , 9.393215 ,CTYLAK,FORLAK,T03NEW,R03NEW,C03532,E16056,H05121,,M06BPA,F18NEW,L13WNE,,S05NSH,,,PORWAK,,X07TIF,,,,,,B10121,,,,
03067," 266,627 ", 9.236160 ,CTYLAK,FORLAK,T03NEW,R03NEW,C03532,E16056,H05121,,M50WAD,F18NEW,L13WNE,,,,,PORWAK,,,,,,,,B06003,B10121,,,
03068," 76,851 ", 9.237552 ,CTYLAK,FORLAK,T03NEW,R03NEW,C03532,E16056,H05121,,M50WAD,F18NEW,L13WNE,,,,,,,,,,,,,B06003,B10121,B12126,,
03069, -   , 9.393215 ,CTYLAK,FORLAK,T03NEW,R03NEW,C03532,E16056,H05121,,M50WAD,F18NEW,L13WNE,,S05NSH,,,,,,,,,,,B10121,,,,
03070, -   , 11.532662 ,CTYLAK,FORLAK,T03NEW,R03NEW,C03532,E03003,H08126,,M50WAD,F18NEW,L13WNE,,S05NSH,,,,,,,,,,,B06003,B12126,,,
03071," 26,043,348 ", 9.393215 ,CTYLAK,FORLAK,T03NEW,R03NEW,C03532,E16056,H05121,,M06BPA,F18NEW,L13WNE,,S05NSH,,,,,,,140SSA,,,,B10121,,,,
03072, -   , 11.532662 ,CTYLAK,FORLAK,T03NEW,R03NEW,C03532,E03003,H08126,,M06BPA,F18NEW,L13WNE,,S05NSH,,,,,,,,,,,B06003,B12126,,,
03073," 24,827,828 ", 11.532662 ,CTYLAK,FORLAK,T03NEW,R03NEW,C03532,E03003,H08126,,M06BPA,F18NEW,L13WNE,,S05NSH,,,,,,,140SSA,,,,B06003,B12126,,,
03074, -   , 9.393215 ,CTYLAK,FORLAK,T03NEW,R03NEW,C03532,E16056,H05121,,M06BPA,F18NEW,L13WNE,,S05NSH,,,,,X07TIF,,140SSA,,,,B10121,,,,
03075, -   , 11.818500 ,CTYLAK,FORLAK,T03NEW,R03NEW,C03532,E03003,H08126,,M06BPA,F05BPA,L13WNE,,S05NSH,,,,,,,140SSA,,,,B06003,B12126,,,
03076, -   , 9.393215 ,CTYLAK,FORLAK,T03NEW,R03NEW,C03532,E16056,H05121,,M06BPA,F18NEW,L13WNE,,S05NSH,,,,,,,,,,,B10121,,,,
03077," 528,851 ", 9.236160 ,CTYLAK,FORLAK,T03NEW,R03NEW,C03532,E16056,H05121,,,F18NEW,L13WNE,,,,,PORWAK,,,,,,,,B10121,,,,
03078," 9,608,623 ", 9.236160 ,CTYLAK,FORLAK,T03NEW,R03NEW,C03532,E16056,H05121,,M50WAD,F18NEW,L13WNE,,,,,PORWAK,,,,,,,,B10121,,,,
03079, -   , 9.393215 ,CTYLAK,FORLAK,T03NEW,R03NEW,C03532,E16056,H05121,,M50WAD,F18NEW,L13WNE,,S05NSH,,,PORWAK,,,,,,,,B10121,,,,
03080, -   , 9.393215 ,CTYLAK,FORLAK,T03NEW,R03NEW,C03532,E16056,H05121,,M06BPA,F18NEW,L13WNE,,S05NSH,,,PORWAK,,,,140SSA,,,,B10121,,,,
03081, -   , 9.393215 ,CTYLAK,FORLAK,T03NEW,R03NEW,C03532,E16056,H05121,,M06BPA,F18NEW,L13WNE,,S05NSH,,,PORWAK,,X07TIF,,140SSA,,,,B10121,,,,
04001, -   , 8.819933 ,CTYLAK,FORLAK,T04ANT,R04ANT,C03532,E32114,H06124,,M10FLA,,L06FLA,,,,,,,,,,,,,B11124,,,,
04002, -   , 8.764112 ,CTYLAK,FORLAK,T04ANT,R04ANT,C03532,E32114,H03117,,,,L01ANT,,,,,,,,,,,,,,,,,
04003," 32,550,072 ", 8.639361 ,CTYLAK,FORLAK,T04ANT,R04ANT,C03532,E32114,H06124,,,F09FLA,L01ANT,,,,,,,,,,,,,B11124,,,,
04004, -   , 8.036251 ,CTYLAK,FORLAK,T04ANT,R04ANT,C03532,E32114,H06124,,,,L01ANT,,,,,,,,,,,,,B11124,,,,
04005," 2,121,318 ", 12.490221 ,CTYLAK,FORLAK,T04ANT,R04ANT,C03532,E06024,H03117,,,F01ANT,L01ANT,,,,,,,,,,,,,,,,,
04006, -   , 9.803197 ,CTYLAK,FORLAK,T04ANT,R04ANT,C03532,E09034,H03117,,,,L01ANT,,,,,,,,,,,,,,,,,
04007," 51,444,143 ", 9.604083 ,CTYLAK,FORLAK,T04ANT,R04ANT,C03532,E08033,H03117,,,F01ANT,L01ANT,,,,,,,,,,,,,,,,,
04008, -   , 10.787094 ,CTYLAK,FORLAK,T04ANT,R04ANT,C03532,E09034,H03117,,M01ANT,,L01ANT,,,,,,,,,,,,,,,,,
04009, -   , 1.955056 ,CTYLAK,FORLAK,T04ANT,R04ANT,C03532,E02002,H13157,,,,L01ANT,,,,,,,,,,,,,,,,,
04010," 125,823,247 ", 10.338568 ,CTYLAK,FORLAK,T04ANT,R04ANT,C03532,E09034,H03117,,,F01ANT,L01ANT,,,,,,,,,,,,,,,,,
04011, -   , 10.052609 ,CTYLAK,FORLAK,T04ANT,R04ANT,C03532,E08033,H03117,,M01ANT,,L01ANT,,,,,,,,,,,,,,,,,
04012," 94,288,067 ", 9.454059 ,CTYLAK,FORLAK,T04ANT,R04ANT,C03532,E10036,H03117,,,F01ANT,L01ANT,,,,,,,,,,,,,,,,,
04013," 5,874,425 ", 9.601241 ,CTYLAK,FORLAK,T04ANT,R04ANT,C03532,E13041,H03117,,,F01ANT,L01ANT,,,,,,,,,,,,,,,,,
04014, -   , 8.873231 ,CTYLAK,FORLAK,T04ANT,R04ANT,C03532,E32114,H06124,,M10FLA,,L01ANT,,,,,,,,,,,,,B11124,,,,
04015, -   , 9.299483 ,CTYLAK,FORLAK,T04ANT,R04ANT,C03532,E32114,H03117,,,F01ANT,L01ANT,,,,,,,,,,,,,,,,,
04016, -   , 2.490427 ,CTYLAK,FORLAK,T04ANT,R04ANT,C03532,E02002,H13157,,,F01ANT,L01ANT,,,,,,,,,,,,,,,,,
04017, -   , 10.787094 ,CTYLAK,FORLAK,T04ANT,R04ANT,C03532,E09034,H03117,,M01ANT,,L01ANT,,,,,,,X02TIF,,,,,,,,,,
04018," 209,192 ", 11.321936 ,CTYLAK,FORLAK,T04ANT,R04ANT,C03532,E09034,H03117,,M25LVI,F01ANT,L01ANT,,,,,,WTRCLC,,,,,,,B16CLC,,,,
04019," 3,754 ", 10.640177 ,CTYLAK,FORLAK,T04ANT,R04ANT,C03532,E09034,H03117,,M10FLA,,L01ANT,,,,,,,,,,,,,,,,,
04020," 27,156,071 ", 10.426166 ,CTYLAK,FORLAK,T04ANT,R04ANT,C03532,E09034,H03117,,,F01ANT,L01ANT,,,,,,,,,149SSA,,,,,,,,
04021," 16,883,525 ", 9.691681 ,CTYLAK,FORLAK,T04ANT,R04ANT,C03532,E08033,H03117,,,F01ANT,L01ANT,,,,,,,,,149SSA,,,,,,,,
04022, -   , 10.874692 ,CTYLAK,FORLAK,T04ANT,R04ANT,C03532,E09034,H03117,,M01ANT,,L01ANT,,,,,,,,,149SSA,,,,,,,,
04023," 306,892 ", 11.409534 ,CTYLAK,FORLAK,T04ANT,R04ANT,C03532,E09034,H03117,,M25LVI,F01ANT,L01ANT,,,,,,WTRCLC,,,149SSA,,,,B16CLC,,,,
04024, -   , 10.140207 ,CTYLAK,FORLAK,T04ANT,R04ANT,C03532,E08033,H03117,,M01ANT,,L01ANT,,,,,,,,,149SSA,,,,,,,,
04025," 67,073 ", 12.819279 ,CTYLAK,FORLAK,T04ANT,R04ANT,C03532,E06024,H03117,,M37OMC,F01ANT,L01ANT,,,,,,,,,,,,,,,,,
04026," 98,041 ", 10.338568 ,CTYLAK,FORLAK,T04ANT,R04ANT,C03532,E09034,H03117,,,F01ANT,L01ANT,,,,,,,,,342SSA,,,,,,,,
04027, -   , 10.787094 ,CTYLAK,FORLAK,T04ANT,R04ANT,C03532,E09034,H03117,,M01ANT,,L01ANT,,,,,,,,,342SSA,,,,,,,,
04028, -   , 12.490221 ,CTYLAK,FORLAK,T04ANT,R04ANT,C03532,E06024,H03117,,,F01ANT,L01ANT,,,,,,,,,342SSA,,,,,,,,
04029, -   , 10.787094 ,CTYLAK,FORLAK,T04ANT,R04ANT,C03532,E09034,H03117,,M01ANT,,L01ANT,,,,,,,,,101SSA,342SSA,,,,,,,
04030, -   , 10.338568 ,CTYLAK,FORLAK,T04ANT,R04ANT,C03532,E09034,H03117,,,F01ANT,L01ANT,,,,,,,,,101SSA,342SSA,,,,,,,
04031, -   , 10.787094 ,CTYLAK,FORLAK,T04ANT,R04ANT,C03532,E09034,H03117,,M01ANT,,L01ANT,,,,,,,,,102SSA,342SSA,,,,,,,
04032, -   , 10.587451 ,CTYLAK,FORLAK,T04ANT,R04ANT,C03532,E08033,H03117,,M25LVI,F01ANT,L01ANT,,,,,,WTRCLC,,,,,,,B16CLC,,,,
04033," 1,944,442 ", 11.410063 ,CTYLAK,FORLAK,T04ANT,R04ANT,C03532,E09034,H03117,,M01ANT,F01ANT,L01ANT,,,,,,,,,149SSA,,,,,,,,
04034," 244,180,376 ", 11.322465 ,CTYLAK,FORLAK,T04ANT,R04ANT,C03532,E09034,H03117,,M01ANT,F01ANT,L01ANT,,,,,,,,,,,,,,,,,
04035, -   , 11.175548 ,CTYLAK,FORLAK,T04ANT,R04ANT,C03532,E09034,H03117,,M10FLA,F01ANT,L01ANT,,,,,,,,,,,,,,,,,
04036, -   , 10.787094 ,CTYLAK,FORLAK,T04ANT,R04ANT,C03532,E09034,H03117,,M01ANT,,L01ANT,,,,,,,X01TIF,,,,,,,,,,
04037, -   , 10.787094 ,CTYLAK,FORLAK,T04ANT,R04ANT,C03532,E09034,H03117,,M01ANT,,L01ANT,,,,,,,X01TIF,,342SSA,,,,,,,,
04038, -   , 11.661815 ,CTYLAK,FORLAK,T04ANT,R04ANT,C03532,E09034,H03117,,M25LVI,F01ANT,L01ANT,,,,,,WTRCLC,,,154SSA,,,,B16CLC,,,,
04039," 8,285,481 ", 11.749413 ,CTYLAK,FORLAK,T04ANT,R04ANT,C03532,E09034,H03117,,M25LVI,F01ANT,L01ANT,,,,,,WTRCLC,,,149SSA,154SSA,,,B16CLC,,,,
04040," 50,320,979 ", 9.423043 ,CTYLAK,FORLAK,T04ANT,R04ANT,C03532,E32114,H06124,,M10FLA,F09FLA,L06FLA,,,,,,,,,,,,,B11124,,,,
04041," 7,080,979 ", 9.476341 ,CTYLAK,FORLAK,T04ANT,R04ANT,C03532,E32114,H06124,,M10FLA,F09FLA,L01ANT,,,,,,,,,,,,,B11124,,,,
04042," 43,418,009 ", 10.587980 ,CTYLAK,FORLAK,T04ANT,R04ANT,C03532,E08033,H03117,,M01ANT,F01ANT,L01ANT,,,,,,,,,,,,,,,,,
04043," 428,589 ", 10.675578 ,CTYLAK,FORLAK,T04ANT,R04ANT,C03532,E08033,H03117,,M01ANT,F01ANT,L01ANT,,,,,,,,,149SSA,,,,,,,,
04044," 16,947,557 ", 11.322465 ,CTYLAK,FORLAK,T04ANT,R04ANT,C03532,E09034,H03117,,M01ANT,F01ANT,L01ANT,,,,,,,,,342SSA,,,,,,,,
04045," 28,491,885 ", 11.322465 ,CTYLAK,FORLAK,T04ANT,R04ANT,C03532,E09034,H03117,,M01ANT,F01ANT,L01ANT,,,,,,,,,101SSA,342SSA,,,,,,,
04046," 36,104,632 ", 11.322465 ,CTYLAK,FORLAK,T04ANT,R04ANT,C03532,E09034,H03117,,M01ANT,F01ANT,L01ANT,,,,,,,,,102SSA,342SSA,,,,,,,
04047," 2,126 ", 11.322465 ,CTYLAK,FORLAK,T04ANT,R04ANT,C03532,E09034,H03117,,M01ANT,F01ANT,L01ANT,,,,,,,X01TIF,,,,,,,,,,
04048," 154,188 ", 11.322465 ,CTYLAK,FORLAK,T04ANT,R04ANT,C03532,E09034,H03117,,M01ANT,F01ANT,L01ANT,,,,,,,X01TIF,,342SSA,,,,,,,,
04049," 2,299,631 ", 11.243287 ,CTYLAK,FORLAK,T04ANT,R04ANT,C03532,E09034,H03117,,M10FLA,F09FLA,L01ANT,,,,,,,,,,,,,,,,,
04050, -   , 10.338568 ,CTYLAK,FORLAK,T04ANT,R04ANT,C03532,E09034,H03117,,,F01ANT,L01ANT,,,,,,,X60TIF,,,,,,,,,,
04051, -   , 10.426166 ,CTYLAK,FORLAK,T04ANT,R04ANT,C03532,E09034,H03117,,,F01ANT,L01ANT,,,,,,,X60TIF,,149SSA,,,,,,,,
04052, -   , 11.410063 ,CTYLAK,FORLAK,T04ANT,R04ANT,C03532,E09034,H03117,,M01ANT,F01ANT,L01ANT,,,,,,,X60TIF,,149SSA,,,,,,,,
04053," 401,618 ", 11.322465 ,CTYLAK,FORLAK,T04ANT,R04ANT,C03532,E09034,H03117,,M01ANT,F01ANT,L01ANT,,,,,,,X60TIF,,,,,,,,,,
04054, -   , 10.587980 ,CTYLAK,FORLAK,T04ANT,R04ANT,C03532,E08033,H03117,,M01ANT,F01ANT,L01ANT,,,,,,,X60TIF,,,,,,,,,,
04055, 177 , 10.675578 ,CTYLAK,FORLAK,T04ANT,R04ANT,C03532,E08033,H03117,,M01ANT,F01ANT,L01ANT,,,,,,,X60TIF,,149SSA,,,,,,,,
04056," 140,367 ", 9.367222 ,CTYLAK,FORLAK,T04ANT,R04ANT,C03532,E32114,H03117,,,F09FLA,L01ANT,,,,,,,,,,,,,,,,,
04057, -   , 10.406307 ,CTYLAK,FORLAK,T04ANT,R04ANT,C03532,E09034,H03117,,,F09FLA,L01ANT,,,,,,,,,,,,,,,,,
04058, -   , 2.558166 ,CTYLAK,FORLAK,T04ANT,R04ANT,C03532,E02002,H13157,,,F09FLA,L01ANT,,,,,,,,,,,,,,,,,
05001," 4,719,344 ", 10.952012 ,CTYLAK,FORLAK,T05LVI,R05LVI,C03532,E13041,H03117,,M25LVI,F13LVI,L10LVI,,,,,,WTRCLC,,,,,,,B16CLC,,,,
05002, -   , 10.084684 ,CTYLAK,FORLAK,T05LVI,R05LVI,C03532,,,U03116,,F13LVI,L10LVI,,S03LRE,,,,,,,,,,,,,,,
05003," 1,402,560 ", 12.857624 ,CTYLAK,FORLAK,T05LVI,R05LVI,C03532,E06024,H03117,,,F13LVI,L10LVI,,,,,,,,,,,,,,,,,
05004," 7,551,712 ", 9.971486 ,CTYLAK,FORLAK,T05LVI,R05LVI,C03532,E08033,H03117,,,F13LVI,L10LVI,,,,,,,,,,,,,,,,,
05005," 21,024,620 ", 10.705971 ,CTYLAK,FORLAK,T05LVI,R05LVI,C03532,E09034,H03117,,,F13LVI,L10LVI,,,,,,,,,,,,,,,,,
05006," 2,614,873 ", 9.821462 ,CTYLAK,FORLAK,T05LVI,R05LVI,C03532,E10036,H03117,,,F13LVI,L10LVI,,,,,,,,,,,,,,,,,
05007," 185,966 ", 11.689339 ,CTYLAK,FORLAK,T05LVI,R05LVI,C03532,E09034,H03117,,M25LVI,F13LVI,L10LVI,,,,,,WTRCLC,,,,,,,B16CLC,,,,
05008," 57,247,487 ", 9.968644 ,CTYLAK,FORLAK,T05LVI,R05LVI,C03532,E13041,H03117,,,F13LVI,L10LVI,,,,,,,,,,,,,,,,,
05009, -   , 11.211262 ,CTYLAK,FORLAK,T05LVI,R05LVI,C03532,E09034,H03117,,,F13LVI,L10LVI,P13LND,S04LND,,,,,,,,,,,,,,,
05010," 11,195,661 ", 8.572943 ,CTYLAK,FORLAK,T05LVI,R05LVI,C03532,E11037,H06124,,,F13LVI,L10LVI,,,,,,,,,,,,,B11124,,,,
05011," 11,824,704 ", 9.454422 ,CTYLAK,FORLAK,T05LVI,R05LVI,C03532,E13041,H06124,,,F13LVI,L10LVI,,S03LRE,,,,,,,,,,,B11124,,,,
05012, -   , 8.572943 ,CTYLAK,FORLAK,T05LVI,R05LVI,C03532,E11037,H06124,,,F13LVI,L10LVI,,S02FLH,,,,,,,,,,,B11124,,,,
05013, -   , 14.093344 ,CTYLAK,FORLAK,T05LVI,R05LVI,C03532,E06024,H09127,,,F13LVI,L10LVI,,,,,,,,,,,,,,,,,
05014," 54,740,417 ", 11.204364 ,CTYLAK,FORLAK,T05LVI,R05LVI,C03532,E13041,H09127,,,F13LVI,L10LVI,,,,,,,,,,,,,,,,,
05015, -   , 9.968644 ,CTYLAK,FORLAK,T05LVI,R05LVI,C03532,E13041,H03117,,,F13LVI,L10LVI,,S02FLH,,,,,,,,,,,,,,,
05016," 140,285 ", 12.374438 ,CTYLAK,FORLAK,T05LVI,R05LVI,C03532,E14046,H09127,,,F13LVI,L10LVI,,,,,,,,,,,,,,,,,
05017," 844,010 ", 11.473152 ,CTYLAK,FORLAK,T05LVI,R05LVI,C03532,E15050,H09127,,,F13LVI,L10LVI,,,,,,,,,,,,,B08050,,,,
05018, -   , 10.830007 ,CTYLAK,FORLAK,T05LVI,R05LVI,C03532,E13041,H03117,,M30LND,F13LVI,L10LVI,P13LND,S04LND,,,,WTRCLC,,,,,,,B16CLC,,,,
05019, -   , 12.065727 ,CTYLAK,FORLAK,T05LVI,R05LVI,C03532,E13041,H09127,,M30LND,F13LVI,L10LVI,P13LND,S04LND,,,,WTRCLC,,,,,,,B16CLC,,,,
05020, -   , 13.718987 ,CTYLAK,FORLAK,T05LVI,R05LVI,C03532,E06024,H03117,,M30LND,F13LVI,L10LVI,P13LND,S04LND,,,,WTRCLC,,,,,,,B16CLC,,,,
05021, -   , 10.779890 ,CTYLAK,FORLAK,T05LVI,R05LVI,C03532,E13041,H03117,,M30LND,F13LVI,L10LVI,P13LND,,,,,WTRCLC,,,,,,,B16CLC,,,,
05022, -   , 11.567334 ,CTYLAK,FORLAK,T05LVI,R05LVI,C03532,E09034,H03117,,M30LND,F13LVI,L10LVI,P13LND,S04LND,,,,WTRCLC,,,,,,,B16CLC,,,,
05023, -   , 10.473935 ,CTYLAK,FORLAK,T05LVI,R05LVI,C03532,E13041,H03117,,,F13LVI,L10LVI,P13LND,S04LND,,,,,,,,,,,,,,,
05024, -   , 9.240783 ,CTYLAK,FORLAK,T05LVI,R05LVI,C03532,E13041,H06124,,,F13LVI,L10LVI,,,,,,,,,,,,,B11124,,,,
05025," 3,654,611 ", 10.182283 ,CTYLAK,FORLAK,T05LVI,R05LVI,C03532,E13041,H03117,,,F13LVI,L10LVI,,S03LRE,,,,,,,,,,,,,,,
05026," 140,765 ", 11.418003 ,CTYLAK,FORLAK,T05LVI,R05LVI,C03532,E13041,H09127,,,F13LVI,L10LVI,,S03LRE,,,,,,,,,,,,,,,
05027, -   , 8.786582 ,CTYLAK,FORLAK,T05LVI,R05LVI,C03532,E11037,H06124,,,F13LVI,L10LVI,,S03LRE,,,,,,,,,,,B11124,,,,
05028," 6,761,659 ", 11.165651 ,CTYLAK,FORLAK,T05LVI,R05LVI,C03532,E13041,H03117,,M25LVI,F13LVI,L10LVI,,S03LRE,,,,WTRCLC,,,,,,,B16CLC,,,,
05029, -   , 10.224151 ,CTYLAK,FORLAK,T05LVI,R05LVI,C03532,E13041,H06124,,M25LVI,F13LVI,L10LVI,,,,,,WTRCLC,,,,,,,B11124,B16CLC,,,
05030," 618,901 ", 12.187732 ,CTYLAK,FORLAK,T05LVI,R05LVI,C03532,E13041,H09127,,M25LVI,F13LVI,L10LVI,,,,,,WTRCLC,,,,,,,B16CLC,,,,
05031, -   , 12.401371 ,CTYLAK,FORLAK,T05LVI,R05LVI,C03532,E13041,H09127,,M25LVI,F13LVI,L10LVI,,S03LRE,,,,WTRCLC,,,,,,,B16CLC,,,,
05032, -   , 13.213696 ,CTYLAK,FORLAK,T05LVI,R05LVI,C03532,E06024,H03117,,M30LND,F13LVI,L10LVI,,,,,,WTRCLC,,,,,,,B16CLC,,,,
05033," 64,761 ", 11.829224 ,CTYLAK,FORLAK,T05LVI,R05LVI,C03532,E15050,H09127,,M30LND,F13LVI,L10LVI,,,,,,WTRCLC,,,,,,,B08050,B16CLC,,,
05034," 2,574,578 ", 10.437790 ,CTYLAK,FORLAK,T05LVI,R05LVI,C03532,E13041,H06124,,M25LVI,F13LVI,L10LVI,,S03LRE,,,,WTRCLC,,,,,,,B11124,B16CLC,,,
05035, -   , 12.015610 ,CTYLAK,FORLAK,T05LVI,R05LVI,C03532,E13041,H09127,,M30LND,F13LVI,L10LVI,P13LND,,,,,WTRCLC,,,,,,,B16CLC,,,,
05036, -   , 9.741409 ,CTYLAK,FORLAK,T05LVI,R05LVI,C03532,E13041,H06124,,M44RLH,F13LVI,L10LVI,,S03LRE,,,,WTRCLC,,,,,,,B11124,B16CLC,,,
05037, -   , 10.415771 ,CTYLAK,FORLAK,T05LVI,R05LVI,C03532,E13041,H06124,,M44RLH,F13LVI,L10LVI,P17RLA,S03LRE,,,,WTRCLC,,,,,,,B11124,B16CLC,,,
05038, -   , 11.517217 ,CTYLAK,FORLAK,T05LVI,R05LVI,C03532,E09034,H03117,,M30LND,F13LVI,L10LVI,P13LND,,,,,WTRCLC,,,,,,,B16CLC,,,,
05039, -   , 10.847872 ,CTYLAK,FORLAK,T05LVI,R05LVI,C03532,,,U03116,M43RLB,F13LVI,L10LVI,,S03LRE,,,,WTRCLC,,,,,,,B16CLC,,,,
05040," 154,639 ", 12.181191 ,CTYLAK,FORLAK,T05LVI,R05LVI,C03532,E13041,H09127,,M43RLB,F13LVI,L10LVI,,S03LRE,,,,WTRCLC,,,,,,,B16CLC,,,,
05041, -   , 10.217610 ,CTYLAK,FORLAK,T05LVI,R05LVI,C03532,E13041,H06124,,M43RLB,F13LVI,L10LVI,,S03LRE,,,,WTRCLC,,,,,,,B11124,B16CLC,,,
05042, -   , 11.522234 ,CTYLAK,FORLAK,T05LVI,R05LVI,C03532,,,U03116,M43RLB,F13LVI,L10LVI,P17RLA,S03LRE,,,,WTRCLC,,,,,,,B16CLC,,,,
05043," 3,937,367 ", 12.855553 ,CTYLAK,FORLAK,T05LVI,R05LVI,C03532,E13041,H09127,,M43RLB,F13LVI,L10LVI,P17RLA,S03LRE,,,,WTRCLC,,,,,,,B16CLC,,,,
05044, -   , 10.891972 ,CTYLAK,FORLAK,T05LVI,R05LVI,C03532,E13041,H06124,,M43RLB,F13LVI,L10LVI,P17RLA,S03LRE,,,,WTRCLC,,,,,,,B11124,B16CLC,,,
05045, -   , 13.075733 ,CTYLAK,FORLAK,T05LVI,R05LVI,C03532,E13041,H09127,,M25LVI,F13LVI,L10LVI,P17RLA,S03LRE,,,,WTRCLC,,,,,,,B16CLC,,,,
05046, -   , 10.898513 ,CTYLAK,FORLAK,T05LVI,R05LVI,C03532,E13041,H06124,,M25LVI,F13LVI,L10LVI,P17RLA,,,,,WTRCLC,,,,,,,B11124,B16CLC,,,
05047, -   , 11.112152 ,CTYLAK,FORLAK,T05LVI,R05LVI,C03532,E13041,H06124,,M25LVI,F13LVI,L10LVI,P17RLA,S03LRE,,,,WTRCLC,,,,,,,B11124,B16CLC,,,
05048, -   , 12.862094 ,CTYLAK,FORLAK,T05LVI,R05LVI,C03532,E13041,H09127,,M25LVI,F13LVI,L10LVI,P17RLA,,,,,WTRCLC,,,,,,,B16CLC,,,,
05049, -   , 11.878726 ,CTYLAK,FORLAK,T05LVI,R05LVI,C03532,E13041,H09127,,,F13LVI,L10LVI,P17RLA,,,,,,,,,,,,,,,,
05050, -   , 11.002129 ,CTYLAK,FORLAK,T05LVI,R05LVI,C03532,E13041,H03117,,M25LVI,F13LVI,L10LVI,,S04LND,,,,WTRCLC,,,,,,,B16CLC,,,,
05051, -   , 10.830007 ,CTYLAK,FORLAK,T05LVI,R05LVI,C03532,E13041,H03117,,M30LND,F13LVI,L10LVI,P13LND,S04LND,,,,WTRCLC,,,260SSA,,,,B16CLC,,,,
05052," 60,198 ", 12.641914 ,CTYLAK,FORLAK,T05LVI,R05LVI,C03532,E13041,H09127,,M43RLB,F13LVI,L10LVI,P17RLA,,,,,WTRCLC,,,,,,,B16CLC,,,,
05053," 40,070 ", 13.811988 ,CTYLAK,FORLAK,T05LVI,R05LVI,C03532,E14046,H09127,,M43RLB,F13LVI,L10LVI,P17RLA,,,,,WTRCLC,,,,,,,B16CLC,,,,
05054," 256,014 ", 11.967552 ,CTYLAK,FORLAK,T05LVI,R05LVI,C03532,E13041,H09127,,M43RLB,F13LVI,L10LVI,,,,,,WTRCLC,,,,,,,B16CLC,,,,
05055, -   , 13.312798 ,CTYLAK,FORLAK,T05LVI,R05LVI,C03532,E06024,H03117,,,F13LVI,L10LVI,P13LND,,,,,,,,,,,,,,,,
05056," 1,876,857 ", 11.161145 ,CTYLAK,FORLAK,T05LVI,R05LVI,C03532,E09034,H03117,,,F13LVI,L10LVI,P13LND,,,,,,,,,,,,,,,,
05057, -   , 10.423818 ,CTYLAK,FORLAK,T05LVI,R05LVI,C03532,E13041,H03117,,,F13LVI,L10LVI,P13LND,,,,,,,,,,,,,,,,
05058," 242,155 ", 13.668870 ,CTYLAK,FORLAK,T05LVI,R05LVI,C03532,E06024,H03117,,M30LND,F13LVI,L10LVI,P13LND,,,,,WTRCLC,,,,,,,B16CLC,,,,
05059, -   , 14.904590 ,CTYLAK,FORLAK,T05LVI,R05LVI,C03532,E06024,H09127,,M30LND,F13LVI,L10LVI,P13LND,,,,,WTRCLC,,,,,,,B16CLC,,,,
05060, -   , 13.137626 ,CTYLAK,FORLAK,T05LVI,R05LVI,C03532,E14046,H09127,,M43RLB,F13LVI,L10LVI,,,,,,WTRCLC,,,,,,,B16CLC,,,,
05061, -   , 9.769950 ,CTYLAK,FORLAK,T05LVI,R05LVI,C03532,E11037,H06124,,M25LVI,F13LVI,L10LVI,,S03LRE,,,,WTRCLC,,,,,,,B11124,B16CLC,,,
05062, -   , 13.048800 ,CTYLAK,FORLAK,T05LVI,R05LVI,C03532,E14046,H09127,,,F13LVI,L10LVI,P17RLA,,,,,,,,,,,,,,,,
05063, -   , 12.934126 ,CTYLAK,FORLAK,T05LVI,R05LVI,C03532,E14046,H09127,,M12GRA,F13LVI,L10LVI,,,,,,WTRCLC,,,,,,,B16CLC,,,,
05064," 1,395,341 ", 13.413959 ,CTYLAK,FORLAK,T05LVI,R05LVI,C03532,E14046,H09127,,M12GRA,F13LVI,L10LVI,P08GRA,,,,,WTRCLC,,,,,,,B16CLC,,,,
05065, -   , 14.548518 ,CTYLAK,FORLAK,T05LVI,R05LVI,C03532,E06024,H09127,,,F13LVI,L10LVI,P13LND,,,,,,,,,,,,,,,,
05066," 164,806 ", 10.793569 ,CTYLAK,FORLAK,T05LVI,R05LVI,C03532,E09034,H03117,,,F13LVI,L10LVI,,,,,,,,,149SSA,,,,,,,,
05067, -   , 11.776937 ,CTYLAK,FORLAK,T05LVI,R05LVI,C03532,E09034,H03117,,M25LVI,F13LVI,L10LVI,,,,,,WTRCLC,,,149SSA,,,,B16CLC,,,,
05068, -   , 11.560436 ,CTYLAK,FORLAK,T05LVI,R05LVI,C03532,E13041,H09127,,M30LND,F13LVI,L10LVI,,,,,,WTRCLC,,,,,,,B16CLC,,,,
05069, -   , 12.641914 ,CTYLAK,FORLAK,T05LVI,R05LVI,C03532,E13041,H09127,,M43RLB,F13LVI,L10LVI,P17RLA,S07RLA,,,,WTRCLC,,,,,,,B16CLC,,,,
05070, -   , 13.811988 ,CTYLAK,FORLAK,T05LVI,R05LVI,C03532,E14046,H09127,,M43RLB,F13LVI,L10LVI,P17RLA,S07RLA,,,,WTRCLC,,,,,,,B16CLC,,,,
05071, -   , 12.284398 ,CTYLAK,FORLAK,T05LVI,R05LVI,C03532,E15050,H09127,,M30LND,F13LVI,L10LVI,P13LND,,,,,WTRCLC,,,,,,,B08050,B16CLC,,,
05072, -   , 12.092365 ,CTYLAK,FORLAK,T05LVI,R05LVI,C03532,E13041,H09127,,,F13LVI,L10LVI,P17RLA,S03LRE,,,,,,,,,,,,,,,
05073, -   , 10.759046 ,CTYLAK,FORLAK,T05LVI,R05LVI,C03532,,,U03116,,F13LVI,L10LVI,P17RLA,S03LRE,,,,,,,,,,,,,,,
05074, -   , 13.048800 ,CTYLAK,FORLAK,T05LVI,R05LVI,C03532,E14046,H09127,,,F13LVI,L10LVI,P17RLA,S07RLA,,,,,,,,,,,,,,,
05075, -   , 11.062043 ,CTYLAK,FORLAK,T05LVI,R05LVI,C03532,E09034,H03117,,M30LND,F13LVI,L10LVI,,,,,,WTRCLC,,,,,,,B16CLC,,,,
05076," 749,470 ", 13.186682 ,CTYLAK,FORLAK,T05LVI,R05LVI,C03532,E06024,H03117,,M37OMC,F13LVI,L10LVI,,,,,,,,,,,,,,,,,
05077, -   , 13.641856 ,CTYLAK,FORLAK,T05LVI,R05LVI,C03532,E06024,H03117,,M37OMC,F13LVI,L10LVI,P13LND,,,,,,,,,,,,,,,,
05078, -   , 14.422402 ,CTYLAK,FORLAK,T05LVI,R05LVI,C03532,E06024,H09127,,M37OMC,F13LVI,L10LVI,,,,,,,,,,,,,,,,,
05079," 30,424 ", 10.605336 ,CTYLAK,FORLAK,T05LVI,R05LVI,C03532,E13041,H06124,,M44RLH,F12GRL,L10LVI,P17RLA,S03LRE,,,,WTRCLC,,,,,,,B11124,B16CLC,,,
05080," 13,350,104 ", 12.831479 ,CTYLAK,FORLAK,T05LVI,R05LVI,C03532,E13041,H09127,,M43RLB,F12GRL,L10LVI,P17RLA,,,,,WTRCLC,,,,,,,B16CLC,,,,
05081," 23,270,484 ", 11.081537 ,CTYLAK,FORLAK,T05LVI,R05LVI,C03532,E13041,H06124,,M43RLB,F12GRL,L10LVI,P17RLA,S03LRE,,,,WTRCLC,,,,,,,B11124,B16CLC,,,
05082," 32,280,216 ", 13.045118 ,CTYLAK,FORLAK,T05LVI,R05LVI,C03532,E13041,H09127,,M43RLB,F12GRL,L10LVI,P17RLA,S03LRE,,,,WTRCLC,,,,,,,B16CLC,,,,
05083," 31,034,812 ", 11.711799 ,CTYLAK,FORLAK,T05LVI,R05LVI,C03532,,,U03116,M43RLB,F12GRL,L10LVI,P17RLA,S03LRE,,,,WTRCLC,,,,,,,B16CLC,,,,
05084," 390,433 ", 12.370756 ,CTYLAK,FORLAK,T05LVI,R05LVI,C03532,E13041,H09127,,M43RLB,F12GRL,L10LVI,,S03LRE,,,,WTRCLC,,,,,,,B16CLC,,,,
05085, -   , 14.001553 ,CTYLAK,FORLAK,T05LVI,R05LVI,C03532,E14046,H09127,,M43RLB,F12GRL,L10LVI,P17RLA,S07RLA,,,,WTRCLC,,,,,,,B16CLC,,,,
05086, -   , 12.831479 ,CTYLAK,FORLAK,T05LVI,R05LVI,C03532,E13041,H09127,,M43RLB,F12GRL,L10LVI,P17RLA,S07RLA,,,,WTRCLC,,,,,,,B16CLC,,,,
05087, -   , 12.065727 ,CTYLAK,FORLAK,T05LVI,R05LVI,C03532,E13041,H09127,,M30LND,F13LVI,L10LVI,P13LND,S04LND,,,,WTRCLC,,,261SSA,,,,B16CLC,,,,
05088, -   , 12.065727 ,CTYLAK,FORLAK,T05LVI,R05LVI,C03532,E13041,H09127,,M30LND,F13LVI,L10LVI,P13LND,S04LND,,,,WTRCLC,,,262SSA,,,,B16CLC,,,,
05089, -   , 11.112160 ,CTYLAK,FORLAK,T05LVI,R05LVI,C03532,E09034,H03117,,M30LND,F13LVI,L10LVI,,S04LND,,,,WTRCLC,,,,,,,B16CLC,,,,
05090," 42,239 ", 13.186682 ,CTYLAK,FORLAK,T05LVI,R05LVI,C03532,E06024,H03117,,M37OMC,F13LVI,L10LVI,,,,,,,,,342SSA,,,,,,,,
05091, -   , 10.324716 ,CTYLAK,FORLAK,T05LVI,R05LVI,C03532,E13041,H03117,,M30LND,F13LVI,L10LVI,,,,,,WTRCLC,,,,,,,B16CLC,,,,
05092, 208 , 14.954707 ,CTYLAK,FORLAK,T05LVI,R05LVI,C03532,E06024,H09127,,M30LND,F13LVI,L10LVI,P13LND,S04LND,,,,WTRCLC,,,,,,,B16CLC,,,,
05093, -   , 14.143461 ,CTYLAK,FORLAK,T05LVI,R05LVI,C03532,E06024,H09127,,,F13LVI,L10LVI,,S04LND,,,,,,,,,,,,,,,
05094, -   , 14.598635 ,CTYLAK,FORLAK,T05LVI,R05LVI,C03532,E06024,H09127,,,F13LVI,L10LVI,P13LND,S04LND,,,,,,,,,,,,,,,
05095, -   , 10.374833 ,CTYLAK,FORLAK,T05LVI,R05LVI,C03532,E13041,H03117,,M30LND,F13LVI,L10LVI,,S04LND,,,,WTRCLC,,,,,,,B16CLC,,,,
05096," 4,418 ", 11.350338 ,CTYLAK,FORLAK,T05LVI,R05LVI,C03532,E13041,H09127,,M46THL,F13LVI,L10LVI,,,,,,,,,,,,,,,,,
05097," 211,014 ", 11.659538 ,CTYLAK,FORLAK,T05LVI,R05LVI,C03532,E13041,H09127,,,F13LVI,L10LVI,P13LND,,,,,,,,,,,,,,,,
05098, -   , 11.928326 ,CTYLAK,FORLAK,T05LVI,R05LVI,C03532,E15050,H09127,,,F13LVI,L10LVI,P13LND,,,,,,,,,,,,B08050,,,,
05099, -   , 12.857624 ,CTYLAK,FORLAK,T05LVI,R05LVI,C03532,E06024,H03117,,,F13LVI,L10LVI,,,,,,,,,342SSA,,,,,,,,
05100, -   , 13.691973 ,CTYLAK,FORLAK,T05LVI,R05LVI,C03532,E06024,H03117,,M37OMC,F13LVI,L10LVI,P13LND,S04LND,,,,,,,,,,,,,,,
05101," 16,425,972 ", 10.605336 ,CTYLAK,FORLAK,T05LVI,R05LVI,C03532,E13041,H06124,,M44RLH,F12GRL,L10LVI,P17RLA,S03LRE,,,,WTRCLC,,,346SSA,,,,B11124,B16CLC,,,
05102, -   , 14.093344 ,CTYLAK,FORLAK,T05LVI,R05LVI,C03532,E06024,H09127,,,F13LVI,L10LVI,,,,,,,,,263SSA,,,,,,,,
05103, -   , 14.548518 ,CTYLAK,FORLAK,T05LVI,R05LVI,C03532,E06024,H09127,,,F13LVI,L10LVI,P13LND,,,,,,,,263SSA,,,,,,,,
05104, -   , 14.904590 ,CTYLAK,FORLAK,T05LVI,R05LVI,C03532,E06024,H09127,,M30LND,F13LVI,L10LVI,P13LND,,,,,WTRCLC,,,263SSA,,,,B16CLC,,,,
05105, -   , 14.877576 ,CTYLAK,FORLAK,T05LVI,R05LVI,C03532,E06024,H09127,,M37OMC,F13LVI,L10LVI,P13LND,,,,,,,,,,,,,,,,
05106, -   , 13.236799 ,CTYLAK,FORLAK,T05LVI,R05LVI,C03532,E06024,H03117,,M37OMC,F13LVI,L10LVI,,S04LND,,,,,,,,,,,,,,,
05107, -   , 14.449416 ,CTYLAK,FORLAK,T05LVI,R05LVI,C03532,E06024,H09127,,M30LND,F13LVI,L10LVI,,,,,,WTRCLC,,,,,,,B16CLC,,,,
05108, -   , 10.756088 ,CTYLAK,FORLAK,T05LVI,R05LVI,C03532,E09034,H03117,,,F13LVI,L10LVI,,S04LND,,,,,,,,,,,,,,,
05109," 9,894,699 ", 10.605336 ,CTYLAK,FORLAK,T05LVI,R05LVI,C03532,E13041,H06124,,M44RLH,F12GRL,L10LVI,P17RLA,S03LRE,,,,WTRCLC,,,347SSA,,,,B11124,B16CLC,,,
05110, -   , 14.927693 ,CTYLAK,FORLAK,T05LVI,R05LVI,C03532,E06024,H09127,,M37OMC,F13LVI,L10LVI,P13LND,S04LND,,,,,,,,,,,,,,,
05111, -   , 14.954707 ,CTYLAK,FORLAK,T05LVI,R05LVI,C03532,E06024,H09127,,M30LND,F13LVI,L10LVI,P13LND,S04LND,,,,WTRCLC,,,263SSA,,,,B16CLC,,,,
05112, -   , 14.472519 ,CTYLAK,FORLAK,T05LVI,R05LVI,C03532,E06024,H09127,,M37OMC,F13LVI,L10LVI,,S04LND,,,,,,,,,,,,,,,
05113, -   , 13.263813 ,CTYLAK,FORLAK,T05LVI,R05LVI,C03532,E06024,H03117,,M30LND,F13LVI,L10LVI,,S04LND,,,,WTRCLC,,,,,,,B16CLC,,,,
05114," 1,671,438 ", 12.334515 ,CTYLAK,FORLAK,T05LVI,R05LVI,C03532,E15050,H09127,,M30LND,F13LVI,L10LVI,P13LND,S04LND,,,,WTRCLC,,,,,,,B08050,B16CLC,,,
05115, -   , 11.523269 ,CTYLAK,FORLAK,T05LVI,R05LVI,C03532,E15050,H09127,,,F13LVI,L10LVI,,S04LND,,,,,,,,,,,B08050,,,,
05116, -   , 11.709655 ,CTYLAK,FORLAK,T05LVI,R05LVI,C03532,E13041,H09127,,,F13LVI,L10LVI,P13LND,S04LND,,,,,,,,,,,,,,,
05117, -   , 13.641856 ,CTYLAK,FORLAK,T05LVI,R05LVI,C03532,E06024,H03117,,M37OMC,F13LVI,L10LVI,P13LND,,,,,,,,342SSA,,,,,,,,
05118, -   , 13.691973 ,CTYLAK,FORLAK,T05LVI,R05LVI,C03532,E06024,H03117,,M37OMC,F13LVI,L10LVI,P13LND,S04LND,,,,,,,342SSA,,,,,,,,
05119," 66,524,929 ", 11.291891 ,CTYLAK,FORLAK,T05LVI,R05LVI,C03532,E13041,H03117,,M25LVI,F13LVI,L10LVI,,,,,,WTRCLC,,,154SSA,,,,B16CLC,,,,
05120," 32,325,560 ", 12.029218 ,CTYLAK,FORLAK,T05LVI,R05LVI,C03532,E09034,H03117,,M25LVI,F13LVI,L10LVI,,,,,,WTRCLC,,,154SSA,,,,B16CLC,,,,
05121," 9,758,367 ", 10.308523 ,CTYLAK,FORLAK,T05LVI,R05LVI,C03532,E13041,H03117,,,F13LVI,L10LVI,,,,,,WTRCLC,,,154SSA,,,,B16CLC,,,,
05122," 37,647,245 ", 8.912822 ,CTYLAK,FORLAK,T05LVI,R05LVI,C03532,E11037,H06124,,,F13LVI,L10LVI,,,,,,WTRCLC,,,154SSA,,,,B11124,B16CLC,,,
05123, -   , 9.794301 ,CTYLAK,FORLAK,T05LVI,R05LVI,C03532,E13041,H06124,,,F13LVI,L10LVI,,S03LRE,,,,WTRCLC,,,154SSA,,,,B11124,B16CLC,,,
05124, -   , 8.912822 ,CTYLAK,FORLAK,T05LVI,R05LVI,C03532,E11037,H06124,,,F13LVI,L10LVI,,S02FLH,,,,WTRCLC,,,154SSA,,,,B11124,B16CLC,,,
05125, -   , 10.308523 ,CTYLAK,FORLAK,T05LVI,R05LVI,C03532,E13041,H03117,,,F13LVI,L10LVI,,S02FLH,,,,WTRCLC,,,154SSA,,,,B16CLC,,,,
05126," 104,097,653 ", 11.169886 ,CTYLAK,FORLAK,T05LVI,R05LVI,C03532,E13041,H03117,,M30LND,F13LVI,L10LVI,P13LND,S04LND,,,,WTRCLC,,,154SSA,,,,B16CLC,,,,
05127," 13,283,719 ", 12.405606 ,CTYLAK,FORLAK,T05LVI,R05LVI,C03532,E13041,H09127,,M30LND,F13LVI,L10LVI,P13LND,S04LND,,,,WTRCLC,,,154SSA,,,,B16CLC,,,,
05128," 108,062,649 ", 14.058866 ,CTYLAK,FORLAK,T05LVI,R05LVI,C03532,E06024,H03117,,M30LND,F13LVI,L10LVI,P13LND,S04LND,,,,WTRCLC,,,154SSA,,,,B16CLC,,,,
05129," 79,088 ", 11.119769 ,CTYLAK,FORLAK,T05LVI,R05LVI,C03532,E13041,H03117,,M30LND,F13LVI,L10LVI,P13LND,,,,,WTRCLC,,,154SSA,,,,B16CLC,,,,
05130," 77,085,355 ", 11.907213 ,CTYLAK,FORLAK,T05LVI,R05LVI,C03532,E09034,H03117,,M30LND,F13LVI,L10LVI,P13LND,S04LND,,,,WTRCLC,,,154SSA,,,,B16CLC,,,,
05131, -   , 10.522162 ,CTYLAK,FORLAK,T05LVI,R05LVI,C03532,E13041,H03117,,,F13LVI,L10LVI,,S03LRE,,,,WTRCLC,,,154SSA,,,,B16CLC,,,,
05132," 703,535 ", 9.126461 ,CTYLAK,FORLAK,T05LVI,R05LVI,C03532,E11037,H06124,,,F13LVI,L10LVI,,S03LRE,,,,WTRCLC,,,154SSA,,,,B11124,B16CLC,,,
05133," 16,116,865 ", 11.505530 ,CTYLAK,FORLAK,T05LVI,R05LVI,C03532,E13041,H03117,,M25LVI,F13LVI,L10LVI,,S03LRE,,,,WTRCLC,,,154SSA,,,,B16CLC,,,,
05134," 3,750,092 ", 10.564030 ,CTYLAK,FORLAK,T05LVI,R05LVI,C03532,E13041,H06124,,M25LVI,F13LVI,L10LVI,,,,,,WTRCLC,,,154SSA,,,,B11124,B16CLC,,,
05135," 46,788,244 ", 12.527611 ,CTYLAK,FORLAK,T05LVI,R05LVI,C03532,E13041,H09127,,M25LVI,F13LVI,L10LVI,,,,,,WTRCLC,,,154SSA,,,,B16CLC,,,,
05136," 165,413 ", 12.741250 ,CTYLAK,FORLAK,T05LVI,R05LVI,C03532,E13041,H09127,,M25LVI,F13LVI,L10LVI,,S03LRE,,,,WTRCLC,,,154SSA,,,,B16CLC,,,,
05137," 24,656,357 ", 10.777669 ,CTYLAK,FORLAK,T05LVI,R05LVI,C03532,E13041,H06124,,M25LVI,F13LVI,L10LVI,,S03LRE,,,,WTRCLC,,,154SSA,,,,B11124,B16CLC,,,
05138," 4,829,135 ", 12.355489 ,CTYLAK,FORLAK,T05LVI,R05LVI,C03532,E13041,H09127,,M30LND,F13LVI,L10LVI,P13LND,,,,,WTRCLC,,,154SSA,,,,B16CLC,,,,
05139, -   , 11.857096 ,CTYLAK,FORLAK,T05LVI,R05LVI,C03532,E09034,H03117,,M30LND,F13LVI,L10LVI,P13LND,,,,,WTRCLC,,,154SSA,,,,B16CLC,,,,
05140, -   , 13.415612 ,CTYLAK,FORLAK,T05LVI,R05LVI,C03532,E13041,H09127,,M25LVI,F13LVI,L10LVI,P17RLA,S03LRE,,,,WTRCLC,,,154SSA,,,,B16CLC,,,,
05141, -   , 11.452031 ,CTYLAK,FORLAK,T05LVI,R05LVI,C03532,E13041,H06124,,M25LVI,F13LVI,L10LVI,P17RLA,S03LRE,,,,WTRCLC,,,154SSA,,,,B11124,B16CLC,,,
05142, -   , 13.201973 ,CTYLAK,FORLAK,T05LVI,R05LVI,C03532,E13041,H09127,,M25LVI,F13LVI,L10LVI,P17RLA,,,,,WTRCLC,,,154SSA,,,,B16CLC,,,,
05143, -   , 11.342008 ,CTYLAK,FORLAK,T05LVI,R05LVI,C03532,E13041,H03117,,M25LVI,F13LVI,L10LVI,,S04LND,,,,WTRCLC,,,154SSA,,,,B16CLC,,,,
05144," 256,714 ", 14.008749 ,CTYLAK,FORLAK,T05LVI,R05LVI,C03532,E06024,H03117,,M30LND,F13LVI,L10LVI,P13LND,,,,,WTRCLC,,,154SSA,,,,B16CLC,,,,
05145," 630,122 ", 15.244469 ,CTYLAK,FORLAK,T05LVI,R05LVI,C03532,E06024,H09127,,M30LND,F13LVI,L10LVI,P13LND,,,,,WTRCLC,,,154SSA,,,,B16CLC,,,,
05146," 1,662,769 ", 12.116816 ,CTYLAK,FORLAK,T05LVI,R05LVI,C03532,E09034,H03117,,M25LVI,F13LVI,L10LVI,,,,,,WTRCLC,,,149SSA,154SSA,,,B16CLC,,,,
05147, -   , 12.624277 ,CTYLAK,FORLAK,T05LVI,R05LVI,C03532,E15050,H09127,,M30LND,F13LVI,L10LVI,P13LND,,,,,WTRCLC,,,154SSA,,,,B08050,B16CLC,,,
05148, -   , 13.384997 ,CTYLAK,FORLAK,T05LVI,R05LVI,C03532,E13041,H09127,,M43RLB,F12GRL,L10LVI,P17RLA,S03LRE,,,,WTRCLC,,,154SSA,,,,B16CLC,,,,
05149, -   , 11.452039 ,CTYLAK,FORLAK,T05LVI,R05LVI,C03532,E09034,H03117,,M30LND,F13LVI,L10LVI,,S04LND,,,,WTRCLC,,,154SSA,,,,B16CLC,,,,
05150," 38,999,623 ", 15.294586 ,CTYLAK,FORLAK,T05LVI,R05LVI,C03532,E06024,H09127,,M30LND,F13LVI,L10LVI,P13LND,S04LND,,,,WTRCLC,,,154SSA,,,,B16CLC,,,,
05151," 115,609 ", 10.714712 ,CTYLAK,FORLAK,T05LVI,R05LVI,C03532,E13041,H03117,,M30LND,F13LVI,L10LVI,,S04LND,,,,WTRCLC,,,154SSA,,,,B16CLC,,,,
05152, -   , 11.999417 ,CTYLAK,FORLAK,T05LVI,R05LVI,C03532,E13041,H09127,,,F13LVI,L10LVI,P13LND,,,,,WTRCLC,,,154SSA,,,,B16CLC,,,,
05153, -   , 15.294586 ,CTYLAK,FORLAK,T05LVI,R05LVI,C03532,E06024,H09127,,M30LND,F13LVI,L10LVI,P13LND,S04LND,,,,WTRCLC,,,154SSA,263SSA,,,B16CLC,,,,
05154, -   , 13.603692 ,CTYLAK,FORLAK,T05LVI,R05LVI,C03532,E06024,H03117,,M30LND,F13LVI,L10LVI,,S04LND,,,,WTRCLC,,,154SSA,,,,B16CLC,,,,
05155," 60,152 ", 12.674394 ,CTYLAK,FORLAK,T05LVI,R05LVI,C03532,E15050,H09127,,M30LND,F13LVI,L10LVI,P13LND,S04LND,,,,WTRCLC,,,154SSA,,,,B08050,B16CLC,,,
05156, -   , 11.238392 ,CTYLAK,FORLAK,T05LVI,R05LVI,C03532,E13041,H06124,,M25LVI,F13LVI,L10LVI,P17RLA,,,,,WTRCLC,,,154SSA,,,,B11124,B16CLC,,,
05157, -   , 11.421416 ,CTYLAK,FORLAK,T05LVI,R05LVI,C03532,E13041,H06124,,M43RLB,F12GRL,L10LVI,P17RLA,S03LRE,,,,WTRCLC,,,154SSA,,,,B11124,B16CLC,,,
05158, -   , 11.879341 ,CTYLAK,FORLAK,T05LVI,R05LVI,C03532,E15050,H09127,,M30LND,F13LVI,L10LVI,,S04LND,,,,WTRCLC,,,,,,,B08050,B16CLC,,,
05159," 8,858,826 ", 11.291891 ,CTYLAK,FORLAK,T05LVI,R05LVI,C03532,E13041,H03117,,M25LVI,F13LVI,L10LVI,,,,,,WTRCLC,X23TIF,,154SSA,,,,B16CLC,,,,
05160, -   , 13.362915 ,CTYLAK,FORLAK,T05LVI,R05LVI,C03532,E06024,H03117,,,F13LVI,L10LVI,P13LND,S04LND,,,,WTRCLC,,,,,,,B16CLC,,,,
05161, -   , 12.907741 ,CTYLAK,FORLAK,T05LVI,R05LVI,C03532,E06024,H03117,,,F13LVI,L10LVI,,S04LND,,,,,,,,,,,,,,,
05162, -   , 13.702794 ,CTYLAK,FORLAK,T05LVI,R05LVI,C03532,E06024,H03117,,,F13LVI,L10LVI,P13LND,S04LND,,,,,,,154SSA,,,,,,,,
05163," 19,035,668 ", 14.001553 ,CTYLAK,FORLAK,T05LVI,R05LVI,C03532,E14046,H09127,,M43RLB,F12GRL,L10LVI,P17RLA,,,,,WTRCLC,,,,,,,B16CLC,,,,
05164, -   , 14.031852 ,CTYLAK,FORLAK,T05LVI,R05LVI,C03532,E06024,H03117,,M37OMC,F13LVI,L10LVI,P13LND,S04LND,,,,,,,154SSA,,,,,,,,
05165," 80,536 ", 11.291891 ,CTYLAK,FORLAK,T05LVI,R05LVI,C03532,E13041,H03117,,M25LVI,F13LVI,L10LVI,,,,,,WTRCLC,X66TIF,,154SSA,,,,B16CLC,,,,
05166," 675,470 ", 12.527611 ,CTYLAK,FORLAK,T05LVI,R05LVI,C03532,E13041,H09127,,M25LVI,F13LVI,L10LVI,,,,,,WTRCLC,X66TIF,,154SSA,,,,B16CLC,,,,
06001, -   , 8.555375 ,CTYLAK,FORLAK,T06GRA,R06GRA,C03532,E11037,H06124,,M10FLA,,L06FLA,,,,,,,,,,,,,B11124,,,,
06002, -   , 8.769014 ,CTYLAK,FORLAK,T06GRA,R06GRA,C03532,E11037,H06124,,M10FLA,,L06FLA,,S03LRE,,,,,,,,,,,B11124,,,,
06003, -   , 9.191667 ,CTYLAK,FORLAK,T06GRA,R06GRA,C03532,E12038,H06124,,M10FLA,,L06FLA,,,,,,,,,,,,,B07038,B11124,,,
06004, 306 , 10.286691 ,CTYLAK,FORLAK,T06GRA,R06GRA,C03532,E12038,H06124,,M42RLA,F09FLA,L06FLA,,S03LRE,,,,WTRCLC,,,,,,,B07038,B11124,B16CLC,,
06005, -   , 8.921457 ,CTYLAK,FORLAK,T06GRA,R06GRA,C03532,E32114,H06124,,M10FLA,,L06FLA,,,,,,,,,,,,,B11124,,,,
06006, -   , 9.377841 ,CTYLAK,FORLAK,T06GRA,R06GRA,C03532,,,U04118,,F09FLA,L06FLA,,,,,,,,,,,,,,,,,
06007," 89,023,642 ", 8.535144 ,CTYLAK,FORLAK,T06GRA,R06GRA,C03532,E11037,H06124,,,F09FLA,L06FLA,,S03LRE,,,,,,,,,,,B11124,,,,
06008," 932,255 ", 9.553928 ,CTYLAK,FORLAK,T06GRA,R06GRA,C03532,E05015,H06124,,,F09FLA,L06FLA,,,,,,,,,,,,,B11124,,,,
06009," 30,158,578 ", 8.321505 ,CTYLAK,FORLAK,T06GRA,R06GRA,C03532,E11037,H06124,,,F09FLA,L06FLA,,,,,,,,,,,,,B11124,,,,
06010, -   , 10.280888 ,CTYLAK,FORLAK,T06GRA,R06GRA,C03532,E11037,H06124,,M42RLA,F09FLA,L11RLA,P17RLA,S07RLA,,,,WTRCLC,,,,,,,B11124,B16CLC,,,
06011," 45,875,497 ", 8.957797 ,CTYLAK,FORLAK,T06GRA,R06GRA,C03532,E12038,H06124,,,F09FLA,L06FLA,,,,,,,,,,,,,B07038,B11124,,,
06012, -   , 10.917180 ,CTYLAK,FORLAK,T06GRA,R06GRA,C03532,E12038,H06124,,M42RLA,F09FLA,L11RLA,P17RLA,S07RLA,,,,WTRCLC,,,,,,,B07038,B11124,B16CLC,,
06013," 74,107,817 ", 9.171436 ,CTYLAK,FORLAK,T06GRA,R06GRA,C03532,E12038,H06124,,,F09FLA,L06FLA,,S03LRE,,,,,,,,,,,B07038,B11124,,,
06014," 7,350,320 ", 8.687587 ,CTYLAK,FORLAK,T06GRA,R06GRA,C03532,E32114,H06124,,,F09FLA,L06FLA,,,,,,,,,,,,,B11124,,,,
06015," 132,392 ", 12.336639 ,CTYLAK,FORLAK,T06GRA,R06GRA,C03532,E14046,H09127,,,F09FLA,L06FLA,,S03LRE,,,,,,,,,,,,,,,
06016," 164,142 ", 12.123000 ,CTYLAK,FORLAK,T06GRA,R06GRA,C03532,E14046,H09127,,,F09FLA,L06FLA,,,,,,,,,,,,,,,,,
06017, -   , 9.632159 ,CTYLAK,FORLAK,T06GRA,R06GRA,C03532,E12038,H06124,,,F09FLA,L06FLA,P17RLA,,,,,,,,,,,,B07038,B11124,,,
06018," 7,373,566 ", 9.845798 ,CTYLAK,FORLAK,T06GRA,R06GRA,C03532,E12038,H06124,,,F09FLA,L06FLA,P17RLA,S03LRE,,,,,,,,,,,B07038,B11124,,,
06019, -   , 9.405306 ,CTYLAK,FORLAK,T06GRA,R06GRA,C03532,E12038,H06124,,M10FLA,,L06FLA,,S03LRE,,,,,,,,,,,B07038,B11124,,,
06020," 52,209 ", 10.747414 ,CTYLAK,FORLAK,T06GRA,R06GRA,C03532,E12038,H06124,,M42RLA,F09FLA,L06FLA,P17RLA,,,,,WTRCLC,,,,,,,B07038,B11124,B16CLC,,
06021," 24,936,169 ", 10.961053 ,CTYLAK,FORLAK,T06GRA,R06GRA,C03532,E12038,H06124,,M42RLA,F09FLA,L06FLA,P17RLA,S03LRE,,,,WTRCLC,,,,,,,B07038,B11124,B16CLC,,
06022," 6,208,343 ", 9.951816 ,CTYLAK,FORLAK,T06GRA,R06GRA,C03532,E05015,H06124,,M27LAK,F09FLA,L06FLA,,,,,,,,,,,,,B11124,,,,
06023," 29,502,944 ", 9.355685 ,CTYLAK,FORLAK,T06GRA,R06GRA,C03532,E12038,H06124,,M27LAK,F09FLA,L06FLA,,,,,,,,,,,,,B07038,B11124,,,
06024, -   , 9.775729 ,CTYLAK,FORLAK,T06GRA,R06GRA,C03532,,,U04118,M27LAK,F09FLA,L06FLA,,,,,,,,,,,,,,,,,
06025," 3,846,785 ", 13.011001 ,CTYLAK,FORLAK,T06GRA,R06GRA,C03532,E14046,H09127,,,F09FLA,L06FLA,P17RLA,S03LRE,,,,,,,,,,,,,,,
06026, -   , 12.797362 ,CTYLAK,FORLAK,T06GRA,R06GRA,C03532,E14046,H09127,,,F09FLA,L06FLA,P17RLA,,,,,,,,,,,,,,,,
06027," 2,033,837 ", 9.524297 ,CTYLAK,FORLAK,T06GRA,R06GRA,C03532,E05015,H12156,,,F09FLA,L06FLA,,,,,,,,,,,,,,,,,
06028, -   , 10.073052 ,CTYLAK,FORLAK,T06GRA,R06GRA,C03532,E12038,H06124,,M42RLA,F09FLA,L06FLA,,,,,,WTRCLC,,,,,,,B07038,B11124,B16CLC,,
06029, -   , 9.569324 ,CTYLAK,FORLAK,T06GRA,R06GRA,C03532,E12038,H06124,,M27LAK,F09FLA,L06FLA,,S03LRE,,,,,,,,,,,B07038,B11124,,,
06030, -   , 10.494527 ,CTYLAK,FORLAK,T06GRA,R06GRA,C03532,E11037,H06124,,M42RLA,F09FLA,L11RLA,P17RLA,S03LRE,S07RLA,,,WTRCLC,,,,,,,B11124,B16CLC,,,
06031, -   , 9.845798 ,CTYLAK,FORLAK,T06GRA,R06GRA,C03532,E12038,H06124,,,F09FLA,L06FLA,P17RLA,S03LRE,,,,,,,,,,,B03RLB,B07038,B11124,,
06032," 1,315,247 ", 10.298453 ,CTYLAK,FORLAK,T06GRA,R06GRA,C03532,E05015,H06124,,M48VOL,F09FLA,L06FLA,,,,,,WTRCLC,,,,,,,B11124,B16CLC,,,
06033," 256,402 ", 9.702322 ,CTYLAK,FORLAK,T06GRA,R06GRA,C03532,E12038,H06124,,M48VOL,F09FLA,L06FLA,,,,,,WTRCLC,,,,,,,B07038,B11124,B16CLC,,
06034," 19,932,284 ", 9.915961 ,CTYLAK,FORLAK,T06GRA,R06GRA,C03532,E12038,H06124,,M48VOL,F09FLA,L06FLA,,S03LRE,,,,WTRCLC,,,,,,,B07038,B11124,B16CLC,,
06035," 31,021 ", 9.436760 ,CTYLAK,FORLAK,T06GRA,R06GRA,C03532,E11037,H06124,,M42RLA,F09FLA,L06FLA,,,,,,WTRCLC,,,,,,,B11124,B16CLC,,,
06036, -   , 9.650399 ,CTYLAK,FORLAK,T06GRA,R06GRA,C03532,E11037,H06124,,M42RLA,F09FLA,L06FLA,,S03LRE,,,,WTRCLC,,,,,,,B11124,B16CLC,,,
06037, -   , 9.377841 ,CTYLAK,FORLAK,T06GRA,R06GRA,C03532,,,U04118,,F09FLA,L06FLA,,,,,,,,,247SSA,,,,,,,,
06038, -   , 9.553928 ,CTYLAK,FORLAK,T06GRA,R06GRA,C03532,E05015,H06124,,,F09FLA,L06FLA,,,,,,,,,247SSA,,,,B11124,,,,
06039, -   , 8.957797 ,CTYLAK,FORLAK,T06GRA,R06GRA,C03532,E12038,H06124,,,F09FLA,L06FLA,,,,,,,,,247SSA,,,,B07038,B11124,,,
06040, -   , 9.355685 ,CTYLAK,FORLAK,T06GRA,R06GRA,C03532,E12038,H06124,,M27LAK,F09FLA,L06FLA,,,,,,,,,247SSA,,,,B07038,B11124,,,
06041, -   , 9.775729 ,CTYLAK,FORLAK,T06GRA,R06GRA,C03532,,,U04118,M27LAK,F09FLA,L06FLA,,,,,,,,,247SSA,,,,,,,,
06042, -   , 9.436760 ,CTYLAK,FORLAK,T06GRA,R06GRA,C03532,E11037,H06124,,M42RLA,F09FLA,L06FLA,,S07RLA,,,,WTRCLC,,,,,,,B11124,B16CLC,,,
06043, -   , 9.951816 ,CTYLAK,FORLAK,T06GRA,R06GRA,C03532,E05015,H06124,,M27LAK,F09FLA,L06FLA,,,,,,,,,247SSA,,,,B11124,,,,
06044, -   , 8.921457 ,CTYLAK,FORLAK,T06GRA,R06GRA,C03532,E32114,H06124,,M10FLA,,L06FLA,,,,,,,X12TIF,,,,,,B11124,,,,
06045, -   , 9.915961 ,CTYLAK,FORLAK,T06GRA,R06GRA,C03532,E12038,H06124,,M48VOL,F09FLA,L06FLA,,S03LRE,,,,WTRCLC,,,396SSA,,,,B07038,B11124,B16CLC,,
06046," 1,050 ", 13.081164 ,CTYLAK,FORLAK,T06GRA,R06GRA,C03532,E14046,H09127,,M48VOL,F09FLA,L06FLA,,S03LRE,,,,WTRCLC,,,,,,,B16CLC,,,,
06047, -   , 12.867525 ,CTYLAK,FORLAK,T06GRA,R06GRA,C03532,E14046,H09127,,M48VOL,F09FLA,L06FLA,,,,,,WTRCLC,,,,,,,B16CLC,,,,
06048, -   , 13.451894 ,CTYLAK,FORLAK,T06GRA,R06GRA,C03532,E14046,H09127,,M42RLA,F09FLA,L06FLA,,S03LRE,,,,WTRCLC,,,,,,,B16CLC,,,,
06049," 10,351 ", 14.126256 ,CTYLAK,FORLAK,T06GRA,R06GRA,C03532,E14046,H09127,,M42RLA,F09FLA,L06FLA,P17RLA,S03LRE,,,,WTRCLC,,,,,,,B16CLC,,,,
06050," 45,094 ", 13.238255 ,CTYLAK,FORLAK,T06GRA,R06GRA,C03532,E14046,H09127,,M42RLA,F09FLA,L06FLA,,,,,,WTRCLC,,,,,,,B16CLC,,,,
06051, -   , 13.912617 ,CTYLAK,FORLAK,T06GRA,R06GRA,C03532,E14046,H09127,,M42RLA,F09FLA,L06FLA,P17RLA,,,,,WTRCLC,,,,,,,B16CLC,,,,
06052, -   , 8.385511 ,CTYLAK,FORLAK,T06GRA,R06GRA,C03532,E12038,H06124,,,,L06FLA,,S06NMO,,,,,,,,,,,B07038,B11124,,,
06053," 14,134,673 ", 9.386509 ,CTYLAK,FORLAK,T06GRA,R06GRA,C03532,E12038,H06124,,M27LAK,F09FLA,L06FLA,,S06NMO,,,,,,,247SSA,,,,B07038,B11124,,,
06054, -   , 9.806553 ,CTYLAK,FORLAK,T06GRA,R06GRA,C03532,,,U04118,M27LAK,F09FLA,L06FLA,,S06NMO,,,,,,,247SSA,,,,,,,,
06055," 9,546,582 ", 9.982640 ,CTYLAK,FORLAK,T06GRA,R06GRA,C03532,E05015,H06124,,M27LAK,F09FLA,L06FLA,,S06NMO,,,,,,,247SSA,,,,B11124,,,,
06056, -   , 9.386509 ,CTYLAK,FORLAK,T06GRA,R06GRA,C03532,E12038,H06124,,M27LAK,F09FLA,L06FLA,,S06NMO,,,,,,,,,,,B07038,B11124,,,
06057," 23,711,717 ", 9.915961 ,CTYLAK,FORLAK,T06GRA,R06GRA,C03532,E12038,H06124,,M48VOL,F09FLA,L06FLA,,S03LRE,,,,WTRCLC,,,396SSA,399SSA,,,B07038,B11124,B16CLC,,
06058, -   , 9.915961 ,CTYLAK,FORLAK,T06GRA,R06GRA,C03532,E12038,H06124,,M48VOL,F09FLA,L06FLA,,S03LRE,,,,WTRCLC,,,399SSA,,,,B07038,B11124,B16CLC,,
06059," 26,391,460 ", 10.008416 ,CTYLAK,FORLAK,T06GRA,R06GRA,C03532,E12038,H06124,,M10FLA,F09FLA,L06FLA,,S03LRE,,,,,,,,,,,B07038,B11124,,,
06060, -   , 9.915961 ,CTYLAK,FORLAK,T06GRA,R06GRA,C03532,E12038,H06124,,M48VOL,F09FLA,L06FLA,,S03LRE,,,,WTRCLC,,,401SSA,,,,B07038,B11124,B16CLC,,
06061," 34,431,359 ", 9.794777 ,CTYLAK,FORLAK,T06GRA,R06GRA,C03532,E12038,H06124,,M10FLA,F09FLA,L06FLA,,,,,,,,,,,,,B07038,B11124,,,
06062," 284,430 ", 9.702322 ,CTYLAK,FORLAK,T06GRA,R06GRA,C03532,E12038,H06124,,M48VOL,F09FLA,L06FLA,,,,,,WTRCLC,,,394SSA,,,,B07038,B11124,B16CLC,,
06063," 144,168,826 ", 9.524567 ,CTYLAK,FORLAK,T06GRA,R06GRA,C03532,E32114,H06124,,M10FLA,F09FLA,L06FLA,,,,,,,,,,,,,B11124,,,,
06064, -   , 8.875023 ,CTYLAK,FORLAK,T06GRA,R06GRA,C03532,E11037,H06124,,,F09FLA,L06FLA,,S03LRE,,,,WTRCLC,,,154SSA,,,,B11124,B16CLC,,,
06065," 128,044 ", 8.661384 ,CTYLAK,FORLAK,T06GRA,R06GRA,C03532,E11037,H06124,,,F09FLA,L06FLA,,,,,,WTRCLC,,,154SSA,,,,B11124,B16CLC,,,
06066, -   , 9.806553 ,CTYLAK,FORLAK,T06GRA,R06GRA,C03532,,,U04118,M27LAK,F09FLA,L06FLA,,S06NMO,,,,,,,,,,,,,,,
06067," 546,918 ", 11.045298 ,CTYLAK,FORLAK,T06GRA,R06GRA,C03532,,,U04118,M27LAK,F09FLA,L06FLA,,S06NMO,,,,,,,,,,,B07038,B11124,,,
06068," 23,828,654 ", 9.158485 ,CTYLAK,FORLAK,T06GRA,R06GRA,C03532,E11037,H06124,,M10FLA,F09FLA,L06FLA,,,,,,,,,,,,,B11124,,,,
06069, -   , 9.372124 ,CTYLAK,FORLAK,T06GRA,R06GRA,C03532,E11037,H06124,,M10FLA,F09FLA,L06FLA,,S03LRE,,,,,,,,,,,B11124,,,,
06070," 954,718 ", 9.524567 ,CTYLAK,FORLAK,T06GRA,R06GRA,C03532,E32114,H06124,,M10FLA,F09FLA,L06FLA,,,,,,,X12TIF,,,,,,B11124,,,,
06071, -   , 10.280888 ,CTYLAK,FORLAK,T06GRA,R06GRA,C03532,E11037,H06124,,M42RLA,F09FLA,L11RLA,P17RLA,,,,,WTRCLC,,,,,,,B11124,B16CLC,,,
06072," 82,246,460 ", 10.917180 ,CTYLAK,FORLAK,T06GRA,R06GRA,C03532,E12038,H06124,,M42RLA,F09FLA,L11RLA,P17RLA,,,,,WTRCLC,,,,,,,B07038,B11124,B16CLC,,
06073, -   , 10.494527 ,CTYLAK,FORLAK,T06GRA,R06GRA,C03532,E11037,H06124,,M42RLA,F09FLA,L11RLA,P17RLA,S03LRE,,,,WTRCLC,,,,,,,B11124,B16CLC,,,
06074, -   , 9.915961 ,CTYLAK,FORLAK,T06GRA,R06GRA,C03532,E12038,H06124,,M48VOL,F09FLA,L06FLA,,S03LRE,,,,WTRCLC,,,409SSA,,,,B07038,B11124,B16CLC,,
06075," 18,688,735 ", 9.915961 ,CTYLAK,FORLAK,T06GRA,R06GRA,C03532,E12038,H06124,,M48VOL,F09FLA,L06FLA,,S03LRE,,,,WTRCLC,,,409SSA,410SSA,,,B07038,B11124,B16CLC,,
06076, -   , 11.108526 ,CTYLAK,FORLAK,T06GRA,R06GRA,C03532,,,U04118,M27LAK,F22WAC,L06FLA,,S06NMO,,,,,,,,,,,B07038,B11124,,,
07001, -   , 12.759777 ,CTYLAK,FORLAK,T07AVO,R07AVO,C03532,E14046,H09127,,M43RLB,F11GRA,L08GRA,,S07RLA,,,,WTRCLC,,,,,,,B16CLC,,,,
07002," 594,433 ", 11.403556 ,CTYLAK,FORLAK,T07AVO,R07AVO,C03532,,,U03116,M42RLA,F12GRL,L08GRA,P17RLA,,,,,WTRCLC,,,,,,,B16CLC,,,,
07003, -   , 11.529359 ,CTYLAK,FORLAK,T07AVO,R07AVO,C03532,,,U03116,M42RLA,F12GRL,L11RLA,P17RLA,S07RLA,,,,WTRCLC,,,,,,,B16CLC,,,,
07004," 84,776,580 ", 11.529359 ,CTYLAK,FORLAK,T07AVO,R07AVO,C03532,,,U03116,M42RLA,F12GRL,L11RLA,P17RLA,,,,,WTRCLC,,,,,,,B16CLC,,,,
07005, -   , 11.177292 ,CTYLAK,FORLAK,T07AVO,R07AVO,C03532,,,U03116,M43RLB,F12GRL,L11RLA,P17RLA,S07RLA,,,,WTRCLC,,,,,,,B16CLC,,,,
07006," 172,166,354 ", 11.177292 ,CTYLAK,FORLAK,T07AVO,R07AVO,C03532,,,U03116,M43RLB,F12GRL,L11RLA,P17RLA,,,,,WTRCLC,,,,,,,B16CLC,,,,
07007," 4,281,732 ", 14.416020 ,CTYLAK,FORLAK,T07AVO,R07AVO,C03532,E14046,H09127,,M45RLP,F12GRL,L11RLA,P17RLA,,,,,WTRCLC,,,,,,,B16CLC,,,,
07008, -   , 10.070829 ,CTYLAK,FORLAK,T07AVO,R07AVO,C03532,E13041,H06124,,M44RLH,F12GRL,L11RLA,P17RLA,S07RLA,,,,WTRCLC,,,,,,,B11124,B16CLC,,,
07009, -   , 11.912627 ,CTYLAK,FORLAK,T07AVO,R07AVO,C03532,,,U03116,M45RLP,F12GRL,L11RLA,P17RLA,S07RLA,,,,WTRCLC,,,,,,,B16CLC,,,,
07010," 55,651,587 ", 11.912627 ,CTYLAK,FORLAK,T07AVO,R07AVO,C03532,,,U03116,M45RLP,F12GRL,L11RLA,P17RLA,,,,,WTRCLC,,,,,,,B16CLC,,,,
07011," 879,652 ", 13.524695 ,CTYLAK,FORLAK,T07AVO,R07AVO,C03532,E14046,H09127,,M15HAI,F12GRL,L11RLA,P17RLA,,,,,,,,,,,,,,,,
07012," 568,637 ", 10.895499 ,CTYLAK,FORLAK,T07AVO,R07AVO,C03532,,,U03116,M15HAI,F12GRL,L08GRA,P17RLA,,,,,,,,,,,,,,,,
07013," 431,565,000 ", 13.036110 ,CTYLAK,FORLAK,T07AVO,R07AVO,C03532,E14046,H09127,,M12GRA,F11GRA,L08GRA,P08GRA,,,,,WTRCLC,,,,,,,B16CLC,,,,
07014," 356,697 ", 11.786824 ,CTYLAK,FORLAK,T07AVO,R07AVO,C03532,,,U03116,M45RLP,F12GRL,L08GRA,P17RLA,,,,,WTRCLC,,,,,,,B16CLC,,,,
07016, -   , 13.680685 ,CTYLAK,FORLAK,T07AVO,R07AVO,C03532,E14046,H09127,,M43RLB,F12GRL,L11RLA,P17RLA,S07RLA,,,,WTRCLC,,,,,,,B16CLC,,,,
07017," 41,219,901 ", 13.680685 ,CTYLAK,FORLAK,T07AVO,R07AVO,C03532,E14046,H09127,,M43RLB,F12GRL,L11RLA,P17RLA,,,,,WTRCLC,,,,,,,B16CLC,,,,
07018," 36,225 ", 13.495112 ,CTYLAK,FORLAK,T07AVO,R07AVO,C03532,E14046,H09127,,M45RLP,F11GRA,L08GRA,,,,,,WTRCLC,,,,,,,B16CLC,,,,
07019, -   , 14.416020 ,CTYLAK,FORLAK,T07AVO,R07AVO,C03532,E14046,H09127,,M45RLP,F12GRL,L11RLA,P17RLA,S07RLA,,,,WTRCLC,,,,,,,B16CLC,,,,
07020, -   , 9.783842 ,CTYLAK,FORLAK,T07AVO,R07AVO,C03532,E13041,H06124,,,F12GRL,L11RLA,P17RLA,S07RLA,,,,,,,,,,,B11124,,,,
07021," 931,820 ", 9.997481 ,CTYLAK,FORLAK,T07AVO,R07AVO,C03532,E13041,H06124,,,F12GRL,L11RLA,P17RLA,S03LRE,,,,,,,,,,,B11124,,,,
07022, -   , 10.414104 ,CTYLAK,FORLAK,T07AVO,R07AVO,C03532,,,U03116,,F12GRL,L11RLA,P17RLA,S07RLA,,,,,,,,,,,,,,,
07023," 5,626,011 ", 10.414104 ,CTYLAK,FORLAK,T07AVO,R07AVO,C03532,,,U03116,,F12GRL,L11RLA,P17RLA,,,,,,,,,,,,,,,,
07024," 772,589 ", 14.290217 ,CTYLAK,FORLAK,T07AVO,R07AVO,C03532,E14046,H09127,,M45RLP,F12GRL,L08GRA,P17RLA,,,,,WTRCLC,,,,,,,B16CLC,,,,
07025," 1,563,229 ", 11.742998 ,CTYLAK,FORLAK,T07AVO,R07AVO,C03532,,,U03116,M42RLA,F12GRL,L11RLA,P17RLA,S03LRE,,,,WTRCLC,,,,,,,B16CLC,,,,
07026," 6,717,174 ", 9.953381 ,CTYLAK,FORLAK,T07AVO,R07AVO,C03532,,,U03116,,F12GRL,L11RLA,,S03LRE,,,,,,,,,,,,,,,
07027, -   , 13.554882 ,CTYLAK,FORLAK,T07AVO,R07AVO,C03532,E14046,H09127,,M43RLB,F12GRL,L08GRA,P17RLA,S07RLA,,,,WTRCLC,,,,,,,B16CLC,,,,
07028, -   , 12.917497 ,CTYLAK,FORLAK,T07AVO,R07AVO,C03532,E14046,H09127,,,F12GRL,L11RLA,P17RLA,S07RLA,,,,,,,,,,,,,,,
07029, -   , 12.880520 ,CTYLAK,FORLAK,T07AVO,R07AVO,C03532,E14046,H09127,,M43RLB,F12GRL,L08GRA,,S07RLA,,,,WTRCLC,,,,,,,B16CLC,,,,
07030," 9,455 ", 12.917497 ,CTYLAK,FORLAK,T07AVO,R07AVO,C03532,E14046,H09127,,,F12GRL,L11RLA,P17RLA,,,,,,,,,,,,,,,,
07031, -   , 11.021302 ,CTYLAK,FORLAK,T07AVO,R07AVO,C03532,,,U03116,M15HAI,F12GRL,L11RLA,P17RLA,S07RLA,,,,,,,,,,,,,,,
07032," 3,412,556 ", 11.021302 ,CTYLAK,FORLAK,T07AVO,R07AVO,C03532,,,U03116,M15HAI,F12GRL,L11RLA,P17RLA,,,,,,,,,,,,,,,,
07033, -   , 12.117332 ,CTYLAK,FORLAK,T07AVO,R07AVO,C03532,E14046,H09127,,,F12GRL,L08GRA,,,,,,,,,,,,,,,,,
07034," 19,998,562 ", 11.996589 ,CTYLAK,FORLAK,T07AVO,R07AVO,C03532,E14046,H09127,,,F11GRA,L08GRA,,,,,,,,,,,,,,,,,
07035," 923,779 ", 11.095303 ,CTYLAK,FORLAK,T07AVO,R07AVO,C03532,E15050,H09127,,,F11GRA,L08GRA,,,,,,,,,,,,,B08050,,,,
07036," 387,427 ", 12.880520 ,CTYLAK,FORLAK,T07AVO,R07AVO,C03532,E14046,H09127,,M43RLB,F12GRL,L08GRA,,,,,,WTRCLC,,,,,,,B16CLC,,,,
07037," 80,069 ", 12.724530 ,CTYLAK,FORLAK,T07AVO,R07AVO,C03532,E14046,H09127,,M15HAI,F12GRL,L08GRA,,,,,,,,,,,,,,,,,
07038," 85,455 ", 10.288301 ,CTYLAK,FORLAK,T07AVO,R07AVO,C03532,,,U03116,,F12GRL,L08GRA,P17RLA,,,,,,,,,,,,,,,,
07039," 2,781,396 ", 12.791694 ,CTYLAK,FORLAK,T07AVO,R07AVO,C03532,E14046,H09127,,,F12GRL,L08GRA,P17RLA,,,,,,,,,,,,,,,,
07040," 168,703 ", 10.070829 ,CTYLAK,FORLAK,T07AVO,R07AVO,C03532,E13041,H06124,,M44RLH,F12GRL,L11RLA,P17RLA,,,,,WTRCLC,,,,,,,B11124,B16CLC,,,
07041," 742,419 ", 10.914730 ,CTYLAK,FORLAK,T07AVO,R07AVO,C03532,,,U03116,M44RLH,F12GRL,L11RLA,P17RLA,S03LRE,,,,WTRCLC,,,,,,,B16CLC,,,,
07042," 312,237 ", 13.398892 ,CTYLAK,FORLAK,T07AVO,R07AVO,C03532,E14046,H09127,,M15HAI,F12GRL,L08GRA,P17RLA,,,,,,,,,,,,,,,,
07043," 3,740 ", 12.597165 ,CTYLAK,FORLAK,T07AVO,R07AVO,C03532,E14046,H09127,,,F12GRL,L08GRA,P08GRA,,,,,,,,,,,,,,,,
07044," 1,080,544 ", 12.476422 ,CTYLAK,FORLAK,T07AVO,R07AVO,C03532,E14046,H09127,,,F11GRA,L08GRA,P08GRA,,,,,,,,,,,,,,,,
07045, -   , 11.156871 ,CTYLAK,FORLAK,T07AVO,R07AVO,C03532,E14046,H09127,,,,L08GRA,,,,,,,,,,,,,,,,,
07048," 635,271 ", 11.575136 ,CTYLAK,FORLAK,T07AVO,R07AVO,C03532,E15050,H09127,,,F11GRA,L08GRA,P08GRA,,,,,,,,,,,,B08050,,,,
07049," 35,880,912 ", 13.204363 ,CTYLAK,FORLAK,T07AVO,R07AVO,C03532,E14046,H09127,,M15HAI,F12GRL,L08GRA,P08GRA,,,,,,,,,,,,,,,,
07050, -   , 11.721110 ,CTYLAK,FORLAK,T07AVO,R07AVO,C03532,E15050,H09127,,M46THL,F11GRA,L08GRA,P08GRA,,,,,,,,,,,,B08050,,,,
07051," 263,512 ", 12.142563 ,CTYLAK,FORLAK,T07AVO,R07AVO,C03532,E14046,H09127,,M46THL,F11GRA,L08GRA,,,,,,,,,,,,,,,,,
07052," 17,952,998 ", 11.390931 ,CTYLAK,FORLAK,T07AVO,R07AVO,C03532,,,U03116,M43RLB,F12GRL,L11RLA,P17RLA,S03LRE,,,,WTRCLC,,,,,,,B16CLC,,,,
07053, -   , 10.701091 ,CTYLAK,FORLAK,T07AVO,R07AVO,C03532,,,U03116,M44RLH,F12GRL,L11RLA,P17RLA,S07RLA,,,,WTRCLC,,,,,,,B16CLC,,,,
07054," 12,057 ", 12.759777 ,CTYLAK,FORLAK,T07AVO,R07AVO,C03532,E14046,H09127,,M43RLB,F11GRA,L08GRA,,,,,,WTRCLC,,,,,,,B16CLC,,,,
07055," 9,586,940 ", 13.554882 ,CTYLAK,FORLAK,T07AVO,R07AVO,C03532,E14046,H09127,,M43RLB,F12GRL,L08GRA,P17RLA,,,,,WTRCLC,,,,,,,B16CLC,,,,
07056," 9,469,823 ", 11.241277 ,CTYLAK,FORLAK,T07AVO,R07AVO,C03532,E15050,H09127,,M46THL,F11GRA,L08GRA,,,,,,,,,,,,,B08050,,,,
07057," 230,733 ", 9.783842 ,CTYLAK,FORLAK,T07AVO,R07AVO,C03532,E13041,H06124,,,F12GRL,L11RLA,P17RLA,,,,,,,,,,,,B11124,,,,
07058," 13,365,335 ", 10.627743 ,CTYLAK,FORLAK,T07AVO,R07AVO,C03532,,,U03116,,F12GRL,L11RLA,P17RLA,S03LRE,,,,,,,,,,,,,,,
07059," 190,021 ", 13.005333 ,CTYLAK,FORLAK,T07AVO,R07AVO,C03532,E14046,H09127,,,F12GRL,L08GRA,P17RLA,S03LRE,,,,,,,,,,,,,,,
07060," 107,279,139 ", 12.134824 ,CTYLAK,FORLAK,T07AVO,R07AVO,C03532,E15050,H09127,,M12GRA,F11GRA,L08GRA,P08GRA,,,,,WTRCLC,,,,,,,B08050,B16CLC,,,
07061," 22,293,039 ", 13.906949 ,CTYLAK,FORLAK,T07AVO,R07AVO,C03532,E14046,H09127,,M42RLA,F12GRL,L08GRA,P17RLA,,,,,WTRCLC,,,,,,,B16CLC,,,,
07062, -   , 10.716569 ,CTYLAK,FORLAK,T07AVO,R07AVO,C03532,,,U03116,M43RLB,F12GRL,L11RLA,,S03LRE,,,,WTRCLC,,,,,,,B16CLC,,,,
07063," 17,183,078 ", 13.434139 ,CTYLAK,FORLAK,T07AVO,R07AVO,C03532,E14046,H09127,,M43RLB,F11GRA,L08GRA,P17RLA,,,,,WTRCLC,,,,,,,B16CLC,,,,
07064, -   , 13.974945 ,CTYLAK,FORLAK,T07AVO,R07AVO,C03532,E14046,H09127,,M45RLP,F11GRA,L08GRA,P08GRA,,,,,WTRCLC,,,,,,,B16CLC,,,,
07065, -   , 13.073659 ,CTYLAK,FORLAK,T07AVO,R07AVO,C03532,E15050,H09127,,M45RLP,F11GRA,L08GRA,P08GRA,,,,,WTRCLC,,,,,,,B08050,B16CLC,,,
07066," 201,947 ", 12.556277 ,CTYLAK,FORLAK,T07AVO,R07AVO,C03532,E14046,H09127,,M12GRA,F11GRA,L08GRA,,,,,,WTRCLC,,,,,,,B16CLC,,,,
07067, -   , 10.627743 ,CTYLAK,FORLAK,T07AVO,R07AVO,C03532,,,U03116,,F12GRL,L11RLA,P17RLA,S03LRE,S07RLA,,,,,,,,,,,,,,
07068, -   , 14.120588 ,CTYLAK,FORLAK,T07AVO,R07AVO,C03532,E14046,H09127,,M42RLA,F12GRL,L08GRA,P17RLA,S03LRE,,,,WTRCLC,,,,,,,B16CLC,,,,
07069, -   , 13.680685 ,CTYLAK,FORLAK,T07AVO,R07AVO,C03532,E14046,H09127,,M43RLB,F12GRL,L11RLA,P17RLA,S07RLA,,,,WTRCLC,X37TIF,,,,,,B16CLC,,,,
07070, -   , 13.680685 ,CTYLAK,FORLAK,T07AVO,R07AVO,C03532,E14046,H09127,,M43RLB,F12GRL,L11RLA,P17RLA,,,,,WTRCLC,X37TIF,,,,,,B16CLC,,,,
07071, -   , 12.880520 ,CTYLAK,FORLAK,T07AVO,R07AVO,C03532,E14046,H09127,,M43RLB,F12GRL,L08GRA,,,,,,WTRCLC,X37TIF,,,,,,B16CLC,,,,
07072, -   , 13.554882 ,CTYLAK,FORLAK,T07AVO,R07AVO,C03532,E14046,H09127,,M43RLB,F12GRL,L08GRA,P17RLA,,,,,WTRCLC,X37TIF,,,,,,B16CLC,,,,
07073, -   , 12.759777 ,CTYLAK,FORLAK,T07AVO,R07AVO,C03532,E14046,H09127,,M43RLB,F11GRA,L08GRA,,,,,,WTRCLC,X37TIF,,,,,,B16CLC,,,,
07075, -   , 11.742998 ,CTYLAK,FORLAK,T07AVO,R07AVO,C03532,,,U03116,M42RLA,F12GRL,L11RLA,P17RLA,S03LRE,S07RLA,,,WTRCLC,,,,,,,B16CLC,,,,
07076, -   , 11.654991 ,CTYLAK,FORLAK,T07AVO,R07AVO,C03532,E15050,H09127,,M12GRA,F11GRA,L08GRA,,,,,,WTRCLC,,,,,,,B08050,B16CLC,,,
07077, -   , 12.117332 ,CTYLAK,FORLAK,T07AVO,R07AVO,C03532,E14046,H09127,,,F12GRL,L08GRA,,S07RLA,,,,,,,,,,,,,,,
07078, -   , 13.434139 ,CTYLAK,FORLAK,T07AVO,R07AVO,C03532,E14046,H09127,,M43RLB,F11GRA,L08GRA,P17RLA,S07RLA,,,,WTRCLC,,,,,,,B16CLC,,,,
07079, -   , 12.670951 ,CTYLAK,FORLAK,T07AVO,R07AVO,C03532,E14046,H09127,,,F11GRA,L08GRA,P17RLA,,,,,,,,,,,,,,,,
07080, -   , 12.670951 ,CTYLAK,FORLAK,T07AVO,R07AVO,C03532,E14046,H09127,,,F11GRA,L08GRA,P17RLA,S07RLA,,,,,,,,,,,,,,,
07081, -   , 13.434139 ,CTYLAK,FORLAK,T07AVO,R07AVO,C03532,E14046,H09127,,M43RLB,F11GRA,L08GRA,P17RLA,S07RLA,,,,WTRCLC,X37TIF,,,,,,B16CLC,,,,
07082, -   , 12.759777 ,CTYLAK,FORLAK,T07AVO,R07AVO,C03532,E14046,H09127,,M43RLB,F11GRA,L08GRA,,S07RLA,,,,WTRCLC,X37TIF,,,,,,B16CLC,,,,
07083, -   , 13.239610 ,CTYLAK,FORLAK,T07AVO,R07AVO,C03532,E14046,H09127,,M43RLB,F11GRA,L08GRA,P08GRA,,,,,WTRCLC,,,,,,,B16CLC,,,,
07084, -   , 13.434139 ,CTYLAK,FORLAK,T07AVO,R07AVO,C03532,E14046,H09127,,M43RLB,F11GRA,L08GRA,P17RLA,,,,,WTRCLC,X37TIF,,,,,,B16CLC,,,,
07085, -   , 11.996589 ,CTYLAK,FORLAK,T07AVO,R07AVO,C03532,E14046,H09127,,,F11GRA,L08GRA,,,,,,WTRCLC,,,,,,,B16CLC,,,,
07086," 13,728 ", 11.575136 ,CTYLAK,FORLAK,T07AVO,R07AVO,C03532,E15050,H09127,,,F11GRA,L08GRA,P08GRA,,,,,WTRCLC,,,,,,,B08050,B16CLC,,,
07087," 21,748,337 ", 12.142563 ,CTYLAK,FORLAK,T07AVO,R07AVO,C03532,E14046,H09127,,M46THL,F11GRA,L08GRA,,,,,,WTRCLC,,,,,,,B16CLC,,,,
07088, -   , 11.721110 ,CTYLAK,FORLAK,T07AVO,R07AVO,C03532,E15050,H09127,,M46THL,F11GRA,L08GRA,P08GRA,,,,,WTRCLC,,,,,,,B08050,B16CLC,,,
07089, -   , 10.284468 ,CTYLAK,FORLAK,T07AVO,R07AVO,C03532,E13041,H06124,,M44RLH,F12GRL,L11RLA,P17RLA,S03LRE,,,,WTRCLC,,,,,,,B11124,B16CLC,,,
07090," 782,804 ", 13.156853 ,CTYLAK,FORLAK,T07AVO,R07AVO,C03532,E14046,H09127,,M12GRA,F12GRL,L08GRA,P08GRA,,,,,WTRCLC,,,,,,,B16CLC,,,,
07091," 9,425,286 ", 13.083620 ,CTYLAK,FORLAK,T07AVO,R07AVO,C03532,E14046,H09127,,M15HAI,F11GRA,L08GRA,P08GRA,,,,,,,,,,,,,,,,
07092, -   , 11.177292 ,CTYLAK,FORLAK,T07AVO,R07AVO,C03532,,,U03116,M43RLB,F12GRL,L11RLA,P17RLA,S07RLA,,,,WTRCLC,,,345SSA,,,,B16CLC,,,,
07093, -   , 12.603787 ,CTYLAK,FORLAK,T07AVO,R07AVO,C03532,E14046,H09127,,M15HAI,F11GRA,L08GRA,,,,,,,,,,,,,,,,,
07094, -   , 11.403556 ,CTYLAK,FORLAK,T07AVO,R07AVO,C03532,,,U03116,M42RLA,F12GRL,L08GRA,P17RLA,S07RLA,,,,WTRCLC,,,,,,,B16CLC,,,,
07095, -   , 13.906949 ,CTYLAK,FORLAK,T07AVO,R07AVO,C03532,E14046,H09127,,M42RLA,F12GRL,L08GRA,P17RLA,S07RLA,,,,WTRCLC,,,,,,,B16CLC,,,,
07096," 1,409,327 ", 13.230639 ,CTYLAK,FORLAK,T07AVO,R07AVO,C03532,E14046,H09127,,M12GRA,F11GRA,L08GRA,P17RLA,,,,,WTRCLC,,,,,,,B16CLC,,,,
07097, -   , 11.390931 ,CTYLAK,FORLAK,T07AVO,R07AVO,C03532,,,U03116,M43RLB,F12GRL,L11RLA,P17RLA,S03LRE,S07RLA,,,WTRCLC,,,,,,,B16CLC,,,,
07098, -   , 11.177292 ,CTYLAK,FORLAK,T07AVO,R07AVO,C03532,,,U03116,M43RLB,F12GRL,L11RLA,P17RLA,S07RLA,,,,WTRCLC,X34TIF,,,,,,B16CLC,,,,
07099, -   , 13.680685 ,CTYLAK,FORLAK,T07AVO,R07AVO,C03532,E14046,H09127,,M43RLB,F12GRL,L11RLA,P17RLA,S07RLA,,,,WTRCLC,X34TIF,,,,,,B16CLC,,,,
07100, -   , 13.398892 ,CTYLAK,FORLAK,T07AVO,R07AVO,C03532,E14046,H09127,,M15HAI,F12GRL,L08GRA,P17RLA,S07RLA,,,,,,,,,,,,,,,
07101, -   , 13.204363 ,CTYLAK,FORLAK,T07AVO,R07AVO,C03532,E14046,H09127,,M15HAI,F12GRL,L08GRA,P08GRA,S07RLA,,,,,,,,,,,,,,,
07102, -   , 13.524695 ,CTYLAK,FORLAK,T07AVO,R07AVO,C03532,E14046,H09127,,M15HAI,F12GRL,L11RLA,P17RLA,S07RLA,,,,,,,,,,,,,,,
07103, -   , 11.390931 ,CTYLAK,FORLAK,T07AVO,R07AVO,C03532,,,U03116,M43RLB,F12GRL,L11RLA,P17RLA,S03LRE,S07RLA,,,WTRCLC,,,,,,,B16CLC,,,,
07104, -   , 11.177292 ,CTYLAK,FORLAK,T07AVO,R07AVO,C03532,,,U03116,M43RLB,F12GRL,L11RLA,P17RLA,S07RLA,,,,WTRCLC,X35TIF,,,,,,B16CLC,,,,
07105, -   , 11.177292 ,CTYLAK,FORLAK,T07AVO,R07AVO,C03532,,,U03116,M43RLB,F12GRL,L11RLA,P17RLA,,,,,WTRCLC,X35TIF,,,,,,B16CLC,,,,
07106, -   , 10.895499 ,CTYLAK,FORLAK,T07AVO,R07AVO,C03532,,,U03116,M15HAI,F12GRL,L08GRA,P17RLA,S07RLA,,,,,,,,,,,,,,,
07107, -   , 10.996103 ,CTYLAK,FORLAK,T07AVO,R07AVO,C03532,,,U03116,M15HAI,F12GRL,L08GRA,P17RLA,S07RLA,,,,,,,184SSA,,,,,,,,
07108, -   , 11.121906 ,CTYLAK,FORLAK,T07AVO,R07AVO,C03532,,,U03116,M15HAI,F12GRL,L11RLA,P17RLA,S07RLA,,,,,,,184SSA,,,,,,,,
07109, -   , 12.013231 ,CTYLAK,FORLAK,T07AVO,R07AVO,C03532,,,U03116,M45RLP,F12GRL,L11RLA,P17RLA,S07RLA,,,,WTRCLC,,,184SSA,,,,B16CLC,,,,
07110, -   , 12.013231 ,CTYLAK,FORLAK,T07AVO,R07AVO,C03532,,,U03116,M45RLP,F12GRL,L11RLA,P17RLA,,,,,WTRCLC,,,184SSA,,,,B16CLC,,,,
07111," 652,315 ", 10.996103 ,CTYLAK,FORLAK,T07AVO,R07AVO,C03532,,,U03116,M15HAI,F12GRL,L08GRA,P17RLA,,,,,,,,184SSA,,,,,,,,
07112," 24,396,602 ", 11.121906 ,CTYLAK,FORLAK,T07AVO,R07AVO,C03532,,,U03116,M15HAI,F12GRL,L11RLA,P17RLA,,,,,,,,184SSA,,,,,,,,
07113, -   , 13.499496 ,CTYLAK,FORLAK,T07AVO,R07AVO,C03532,E14046,H09127,,M15HAI,F12GRL,L08GRA,P17RLA,,,,,,,,184SSA,,,,,,,,
07114, -   , 13.499496 ,CTYLAK,FORLAK,T07AVO,R07AVO,C03532,E14046,H09127,,M15HAI,F12GRL,L08GRA,P17RLA,S07RLA,,,,,,,184SSA,,,,,,,,
07115, -   , 11.403556 ,CTYLAK,FORLAK,T07AVO,R07AVO,C03532,,,U03116,M42RLA,F12GRL,L08GRA,P17RLA,S07RLA,,,,WTRCLC,,,,,,,B16CLC,,,,
07116, -   , 11.403556 ,CTYLAK,FORLAK,T07AVO,R07AVO,C03532,,,U03116,M42RLA,F12GRL,L08GRA,P17RLA,S07RLA,,,,WTRCLC,,,,,,,B16CLC,,,,
07117, -   , 13.906949 ,CTYLAK,FORLAK,T07AVO,R07AVO,C03532,E14046,H09127,,M42RLA,F12GRL,L08GRA,P17RLA,S07RLA,,,,WTRCLC,,,348SSA,,,,B16CLC,,,,
07118, -   , 11.529359 ,CTYLAK,FORLAK,T07AVO,R07AVO,C03532,,,U03116,M42RLA,F12GRL,L11RLA,P17RLA,S07RLA,,,,WTRCLC,,,349SSA,,,,B16CLC,,,,
07119, -   , 11.403556 ,CTYLAK,FORLAK,T07AVO,R07AVO,C03532,,,U03116,M42RLA,F12GRL,L08GRA,P17RLA,S07RLA,,,,WTRCLC,,,349SSA,,,,B16CLC,,,,
07120, -   , 14.290217 ,CTYLAK,FORLAK,T07AVO,R07AVO,C03532,E14046,H09127,,M45RLP,F12GRL,L08GRA,P17RLA,S07RLA,,,,WTRCLC,,,,,,,B16CLC,,,,
07121, -   , 12.791694 ,CTYLAK,FORLAK,T07AVO,R07AVO,C03532,E14046,H09127,,,F12GRL,L08GRA,P17RLA,S07RLA,,,,,,,,,,,,,,,
07122, -   , 10.867549 ,CTYLAK,FORLAK,T07AVO,R07AVO,C03532,E12038,H06124,,M42RLA,F12GRL,L11RLA,P17RLA,S07RLA,,,,WTRCLC,,,,,,,B07038,B11124,B16CLC,,
07123, -   , 11.786824 ,CTYLAK,FORLAK,T07AVO,R07AVO,C03532,,,U03116,M45RLP,F12GRL,L08GRA,P17RLA,S07RLA,,,,WTRCLC,,,,,,,B16CLC,,,,
07124, -   , 13.554882 ,CTYLAK,FORLAK,T07AVO,R07AVO,C03532,E14046,H09127,,M43RLB,F12GRL,L08GRA,P17RLA,S07RLA,,,,WTRCLC,X37TIF,,,,,,B16CLC,,,,
07125, -   , 11.177292 ,CTYLAK,FORLAK,T07AVO,R07AVO,C03532,,,U03116,M43RLB,F12GRL,L11RLA,P17RLA,S07RLA,,,,WTRCLC,X36TIF,,,,,,B16CLC,,,,
07126, -   , 13.495112 ,CTYLAK,FORLAK,T07AVO,R07AVO,C03532,E14046,H09127,,M45RLP,F11GRA,L08GRA,,S07RLA,,,,WTRCLC,,,,,,,B16CLC,,,,
07127, -   , 11.177292 ,CTYLAK,FORLAK,T07AVO,R07AVO,C03532,,,U03116,M43RLB,F12GRL,L11RLA,P17RLA,S07RLA,,,,WTRCLC,X36TIF,,345SSA,,,,B16CLC,,,,
07128, -   , 11.177292 ,CTYLAK,FORLAK,T07AVO,R07AVO,C03532,,,U03116,M43RLB,F12GRL,L11RLA,P17RLA,S07RLA,,,,WTRCLC,X34TIF,X36TIF,,,,,B16CLC,,,,
07129," 1,121,627 ", 11.177292 ,CTYLAK,FORLAK,T07AVO,R07AVO,C03532,,,U03116,M43RLB,F12GRL,L11RLA,P17RLA,,,,,WTRCLC,X36TIF,,,,,,B16CLC,,,,
07130, -   , 11.451375 ,CTYLAK,FORLAK,T07AVO,R07AVO,C03532,E15050,H09127,,M30LND,F11GRA,L08GRA,,,,,,WTRCLC,,,,,,,B08050,B16CLC,,,
07131, -   , 11.501492 ,CTYLAK,FORLAK,T07AVO,R07AVO,C03532,E15050,H09127,,M30LND,F11GRA,L08GRA,,S04LND,,,,WTRCLC,,,,,,,B08050,B16CLC,,,
07132," 210,201 ", 11.956666 ,CTYLAK,FORLAK,T07AVO,R07AVO,C03532,E15050,H09127,,M30LND,F11GRA,L08GRA,P13LND,S04LND,,,,WTRCLC,,,,,,,B08050,B16CLC,,,
07133, -   , 13.554882 ,CTYLAK,FORLAK,T07AVO,R07AVO,C03532,E14046,H09127,,M43RLB,F12GRL,L08GRA,P17RLA,,,,,WTRCLC,,,,,,,B16CLC,,,,
07134," 14,296,523 ", 10.701091 ,CTYLAK,FORLAK,T07AVO,R07AVO,C03532,,,U03116,M44RLH,F12GRL,L11RLA,P17RLA,,,,,WTRCLC,,,,,,,B16CLC,,,,
07135, -   , 11.177292 ,CTYLAK,FORLAK,T07AVO,R07AVO,C03532,,,U03116,M43RLB,F12GRL,L11RLA,P17RLA,,,,,WTRCLC,,,345SSA,,,,B16CLC,,,,
07136," 42,870,507 ", 13.906949 ,CTYLAK,FORLAK,T07AVO,R07AVO,C03532,E14046,H09127,,M42RLA,F12GRL,L08GRA,P17RLA,,,,,WTRCLC,,,348SSA,,,,B16CLC,,,,
07137," 10,247,791 ", 11.529359 ,CTYLAK,FORLAK,T07AVO,R07AVO,C03532,,,U03116,M42RLA,F12GRL,L11RLA,P17RLA,,,,,WTRCLC,,,349SSA,,,,B16CLC,,,,
07138," 6,534,656 ", 11.403556 ,CTYLAK,FORLAK,T07AVO,R07AVO,C03532,,,U03116,M42RLA,F12GRL,L08GRA,P17RLA,,,,,WTRCLC,,,349SSA,,,,B16CLC,,,,
07139," 2,051,975 ", 10.867549 ,CTYLAK,FORLAK,T07AVO,R07AVO,C03532,E12038,H06124,,M42RLA,F12GRL,L11RLA,P17RLA,,,,,WTRCLC,,,,,,,B07038,B11124,B16CLC,,
07140," 22,027,752 ", 11.177292 ,CTYLAK,FORLAK,T07AVO,R07AVO,C03532,,,U03116,M43RLB,F12GRL,L11RLA,P17RLA,,,,,WTRCLC,X36TIF,,,,,,B16CLC,,,,
07141, -   , 11.177292 ,CTYLAK,FORLAK,T07AVO,R07AVO,C03532,,,U03116,M43RLB,F12GRL,L11RLA,P17RLA,,,,,WTRCLC,X36TIF,,345SSA,,,,B16CLC,,,,
07142, -   , -   ,CTYLAK,FORLAK,T07AVO,R07AVO,C03532,,,U03116,M42RLA,F12GRL,L11RLA,P17RLA,,,,,,,,,,,,,,,,
07143, -   , -   ,CTYLAK,FORLAK,T07AVO,R07AVO,C03532,,,U03116,M42RLA,F12GRL,L11RLA,P17RLA,,,,,WTRCLC,X70TIF,,,,,,B16CLC,,,,
07144, -   , -   ,CTYLAK,FORLAK,T07AVO,R07AVO,C03532,,,U03116,M42RLA,F12GRL,L11RLA,P17RLA,,,,,,,,,,,,,,,,
08001," 276,673,352 ", 9.503248 ,CTYLAK,FORLAK,T08WAR,R08WAR,C03532,E16056,H05121,,M14GUR,,L13WNE,P09GUR,S05NSH,,,,WTRCLC,,,,,,,B10121,B14GUR,B16CLC,,
08002, -   , 9.409376 ,CTYLAK,FORLAK,T08WAR,R08WAR,C03532,E15050,H05121,,M46THL,F21WWA,L13WNE,,,,,,,,,,,,,B08050,B10121,,,
08003," 2,005,603 ", 11.078554 ,CTYLAK,FORLAK,T08WAR,R08WAR,C03532,E15050,H05121,,M52WAK,,,,,,,PORWAK,,,,,,,,B08050,B10121,,,
08004," 829,414 ", 9.767577 ,CTYLAK,FORLAK,T08WAR,R08WAR,C03532,E15050,H05121,,,F21WWA,L13WNE,P09GUR,,,,,,,,,,,,B08050,B10121,,,
08005," 36,138 ", 11.883594 ,CTYLAK,FORLAK,T08WAR,R08WAR,C03532,E06024,H05121,,,F21WWA,L13WNE,,,,,,,,,,,,,B10121,,,,
08006," 58,506,501 ", 9.263402 ,CTYLAK,FORLAK,T08WAR,R08WAR,C03532,E15050,H05121,,,F21WWA,L13WNE,,,,,,,,,,,,,B08050,B10121,,,
08007," 360,484 ", 9.469474 ,CTYLAK,FORLAK,T08WAR,R08WAR,C03532,E16056,H05121,,,F21WWA,L13WNE,,,,,,,,,,,,,B10121,,,,
08008, -   , 8.635946 ,CTYLAK,FORLAK,T08WAR,R08WAR,C03532,E15050,H05121,,,,L13WNE,,,,,,,,,,,,,B08050,B10121,,,
08009," 1,337,140 ", 9.475664 ,CTYLAK,FORLAK,T08WAR,R08WAR,C03532,E15050,H05121,,,F11GRA,L13WNE,,,,,,,,,,,,,B08050,B10121,,,
08010," 10,845,343 ", 9.263402 ,CTYLAK,FORLAK,T08WAR,R08WAR,C03532,E15050,H05121,,M50WAD,F21WWA,L13WNE,,,,,,,,,,,,,B08050,B10121,,,
08011, -   , 9.108522 ,CTYLAK,FORLAK,T08WAR,R08WAR,C03532,E15050,H05121,,,F21WWA,,,S05NSH,,,,,,,,,,,B08050,B10121,,,
08012," 341,729 ", 10.130704 ,CTYLAK,FORLAK,T08WAR,R08WAR,C03532,E16056,H05121,,,F21WWA,L13WNE,P09GUR,S05NSH,,,,,,,,,,,B10121,,,,
08013," 31,930,667 ", 10.494087 ,CTYLAK,FORLAK,T08WAR,R08WAR,C03532,E15050,H05121,,M39PCI,F21WWA,L13WNE,,S05NSH,,,,,,,,,,,B08050,B10121,,,
08014," 613,411 ", 10.337032 ,CTYLAK,FORLAK,T08WAR,R08WAR,C03532,E15050,H05121,,M39PCI,F21WWA,L13WNE,,,,,,,,,,,,,B08050,B10121,,,
08015," 11,303 ", 9.626529 ,CTYLAK,FORLAK,T08WAR,R08WAR,C03532,E16056,H05121,,,F21WWA,L13WNE,,S05NSH,,,,,,,,,,,B10121,,,,
08016," 28,438 ", 11.284626 ,CTYLAK,FORLAK,T08WAR,R08WAR,C03532,E16056,H05121,,M52WAK,,,,,,,PORWAK,,,,,,,,B10121,,,,
08019," 61,106 ", 11.788801 ,CTYLAK,FORLAK,T08WAR,R08WAR,C03532,E16056,H05121,,M52WAK,,,P09GUR,,,,PORWAK,,,,,,,,B10121,,,,
08020, -   , 9.157539 ,CTYLAK,FORLAK,T08WAR,R08WAR,C03532,E16056,H05121,,,F21WWA,,,,,,,,,,,,,,B10121,,,,
08021," 13,318,109 ", 11.954817 ,CTYLAK,FORLAK,T08WAR,R08WAR,C03532,E15050,H05121,,M52WAK,,,P20WAK,,,,PORWAK,,,,,,,,B08050,B10121,,,
08022," 154,254,193 ", 12.111872 ,CTYLAK,FORLAK,T08WAR,R08WAR,C03532,E15050,H05121,,M52WAK,,,P20WAK,S05NSH,,,PORWAK,,,,,,,,B08050,B10121,,,
08024," 107,401,172 ", 12.317944 ,CTYLAK,FORLAK,T08WAR,R08WAR,C03532,E16056,H05121,,M52WAK,,,P20WAK,S05NSH,,,PORWAK,,,,,,,,B10121,,,,
08025, -   , 9.805465 ,CTYLAK,FORLAK,T08WAR,R08WAR,C03532,E15050,H05121,,,F21WWA,L13WNE,P07GPA,,,,,,,,,,,,B08050,B10121,,,
08026, -   , 12.501633 ,CTYLAK,FORLAK,T08WAR,R08WAR,C03532,E14046,H09127,,M46THL,F11GRA,L13WNE,,,,,,,,,,,,,,,,,
08027," 4,246,742 ", 9.973649 ,CTYLAK,FORLAK,T08WAR,R08WAR,C03532,E16056,H05121,,,F21WWA,L13WNE,P09GUR,,,,,,,,,,,,B10121,,,,
08028," 298,047 ", 9.592460 ,CTYLAK,FORLAK,T08WAR,R08WAR,C03532,E15050,H05121,,M37OMC,F21WWA,L13WNE,,,,,,,,,,,,,B08050,B10121,,,
08029," 595,005,898 ", 9.140121 ,CTYLAK,FORLAK,T08WAR,R08WAR,C03532,E15050,H05121,,M14GUR,,L13WNE,P09GUR,,,,,WTRCLC,,,,,,,B08050,B10121,B14GUR,B16CLC,
08030," 5,193,964 ", 9.346193 ,CTYLAK,FORLAK,T08WAR,R08WAR,C03532,E16056,H05121,,M14GUR,,L13WNE,P09GUR,,,,,WTRCLC,,,,,,,B10121,B14GUR,B16CLC,,
08032," 236,695 ", 8.635946 ,CTYLAK,FORLAK,T08WAR,R08WAR,C03532,E15050,H05121,,M14GUR,,L13WNE,,,,,,WTRCLC,,,,,,,B08050,B10121,B14GUR,B16CLC,
08033, -   , 8.842018 ,CTYLAK,FORLAK,T08WAR,R08WAR,C03532,E16056,H05121,,M14GUR,,L13WNE,,,,,,WTRCLC,,,,,,,B10121,B14GUR,B16CLC,,
08034, -   , 12.160889 ,CTYLAK,FORLAK,T08WAR,R08WAR,C03532,E16056,H05121,,M52WAK,,,P20WAK,,,,,,,,,,,,B10121,,,,
08035," 11,163 ", 8.951467 ,CTYLAK,FORLAK,T08WAR,R08WAR,C03532,E15050,H05121,,,F21WWA,,,,,,,,,,,,,,B08050,B10121,,,
08036," 422,309 ", 9.420457 ,CTYLAK,FORLAK,T08WAR,R08WAR,C03532,E15050,H05121,,,F21WWA,L13WNE,,S05NSH,,,,,,,,,,,B08050,B10121,,,
08037," 198,455 ", 10.182152 ,CTYLAK,FORLAK,T08WAR,R08WAR,C03532,E15050,H05121,,M39PCI,F21WWA,,,S05NSH,,,,,,,,,,,B08050,B10121,,,
08038, -   , 9.469474 ,CTYLAK,FORLAK,T08WAR,R08WAR,C03532,E16056,H05121,,M50WAD,F21WWA,L13WNE,,,,,,,,,,,,,B10121,,,,
08039, -   , 11.945856 ,CTYLAK,FORLAK,T08WAR,R08WAR,C03532,E16056,H05121,,M52WAK,,,P09GUR,S05NSH,,,,,,,,,,,B10121,,,,
08040, -   , 11.441681 ,CTYLAK,FORLAK,T08WAR,R08WAR,C03532,E16056,H05121,,M52WAK,,,,S05NSH,,,PORWAK,,,,,,,,B10121,,,,
08041," 318,879 ", 11.235609 ,CTYLAK,FORLAK,T08WAR,R08WAR,C03532,E15050,H05121,,M52WAK,,,,S05NSH,,,PORWAK,,,,,,,,B08050,B10121,,,
08042," 247,558,839 ", 9.297176 ,CTYLAK,FORLAK,T08WAR,R08WAR,C03532,E15050,H05121,,M14GUR,,L13WNE,P09GUR,S05NSH,,,,WTRCLC,,,,,,,B08050,B10121,B14GUR,B16CLC,
08043," 777,987 ", 10.700159 ,CTYLAK,FORLAK,T08WAR,R08WAR,C03532,E16056,H05121,,M39PCI,F21WWA,L13WNE,,S05NSH,,,,,,,,,,,B10121,,,,
08044, -   , 9.717757 ,CTYLAK,FORLAK,T08WAR,R08WAR,C03532,E15050,H05121,,,F21WWA,L13WNE,P22WIL,,,,,,,,,,,,B08050,B10121,,,
08047, -   , 13.287676 ,CTYLAK,FORLAK,T08WAR,R08WAR,C03532,E15050,H05121,,M35NCH,,,,S05NSH,,,,,,,,,,,B04NCH,B08050,B10121,,
08048, -   , 8.793001 ,CTYLAK,FORLAK,T08WAR,R08WAR,C03532,E15050,H05121,,M14GUR,,L13WNE,,S05NSH,,,,WTRCLC,,,,,,,B08050,B10121,B14GUR,B16CLC,
08049, -   , 9.924632 ,CTYLAK,FORLAK,T08WAR,R08WAR,C03532,E15050,H05121,,,F21WWA,L13WNE,P09GUR,S05NSH,,,,,,,,,,,B08050,B10121,,,
08050, -   , 9.984785 ,CTYLAK,FORLAK,T08WAR,R08WAR,C03532,E15050,H05121,,,F21WWA,,P20WAK,S05NSH,,,,,,,,,,,B08050,B10121,,,
08051, -   , 14.163939 ,CTYLAK,FORLAK,T08WAR,R08WAR,C03532,E15050,H05121,,M35NCH,,,P20WAK,S05NSH,,,,,,,,,,,B04NCH,B08050,B10121,,
08053, -   , 10.035352 ,CTYLAK,FORLAK,T08WAR,R08WAR,C03532,E15050,H05121,,M12GRA,F11GRA,L13WNE,,,,,,WTRCLC,,,,,,,B08050,B10121,B16CLC,,
08054," 592,538 ", 10.345737 ,CTYLAK,FORLAK,T08WAR,R08WAR,C03532,E16056,H05121,,,F21WWA,L13WNE,P20WAK,,,,,,,,,,,,B10121,,,,
08055, -   , 10.974187 ,CTYLAK,FORLAK,T08WAR,R08WAR,C03532,E15050,H05121,,M45RLP,F11GRA,L13WNE,,,,,,WTRCLC,,,,,,,B08050,B10121,B16CLC,,
08056, -   , 10.139665 ,CTYLAK,FORLAK,T08WAR,R08WAR,C03532,E15050,H05121,,,F21WWA,L13WNE,P20WAK,,,,,,,,,,,,B08050,B10121,,,
08057, -   , 12.212652 ,CTYLAK,FORLAK,T08WAR,R08WAR,C03532,E06024,H05121,,M37OMC,F21WWA,L13WNE,,,,,,,,,,,,,B10121,,,,
08058, -   , 9.512209 ,CTYLAK,FORLAK,T08WAR,R08WAR,C03532,E15050,H05121,,,,L13WNE,P20WAK,,,,,,,,,,,,B08050,B10121,,,
08059," 703,850 ", 9.827730 ,CTYLAK,FORLAK,T08WAR,R08WAR,C03532,E15050,H05121,,,F21WWA,,P20WAK,,,,,,,,,,,,B08050,B10121,,,
08060, -   , 11.047279 ,CTYLAK,FORLAK,T08WAR,R08WAR,C03532,E16056,H05121,,M39PCI,F21WWA,L13WNE,P09GUR,,,,,,,,,,,,B10121,,,,
08061, -   , 9.930019 ,CTYLAK,FORLAK,T08WAR,R08WAR,C03532,E15050,H05121,,,F11GRA,L13WNE,P22WIL,,,,,,,,,,,,B08050,B10121,,,
08062," 14,945,354 ", 10.489707 ,CTYLAK,FORLAK,T08WAR,R08WAR,C03532,E15050,H05121,,M12GRA,F11GRA,L13WNE,P22WIL,,,,,WTRCLC,,,,,,,B08050,B10121,B16CLC,,
08063, -   , 10.345737 ,CTYLAK,FORLAK,T08WAR,R08WAR,C03532,E16056,H05121,,M50WAD,F21WWA,L13WNE,P20WAK,,,,,,,,,,,,B10121,,,,
08064," 8,838,951 ", 10.515185 ,CTYLAK,FORLAK,T08WAR,R08WAR,C03532,E15050,H05121,,M12GRA,F11GRA,L13WNE,P08GRA,,,,,WTRCLC,,,,,,,B08050,B10121,B16CLC,,
08065," 129,033,990 ", 9.263402 ,CTYLAK,FORLAK,T08WAR,R08WAR,C03532,E15050,H05121,,,F21WWA,L13WNE,,,,,,WTRCLC,,,,,,,B08050,B10121,B16CLC,,
08066," 48,867,517 ", 9.475664 ,CTYLAK,FORLAK,T08WAR,R08WAR,C03532,E15050,H05121,,,F11GRA,L13WNE,,,,,,WTRCLC,,,,,,,B08050,B10121,B16CLC,,
08067," 5,842,572 ", 12.501633 ,CTYLAK,FORLAK,T08WAR,R08WAR,C03532,E14046,H09127,,M46THL,F11GRA,L13WNE,,,,,,WTRCLC,,,,,,,B16CLC,,,,
08068," 27,386,619 ", 9.717757 ,CTYLAK,FORLAK,T08WAR,R08WAR,C03532,E15050,H05121,,,F21WWA,L13WNE,P22WIL,,,,,WTRCLC,,,,,,,B08050,B10121,B16CLC,,
08069," 64,219,313 ", 9.930019 ,CTYLAK,FORLAK,T08WAR,R08WAR,C03532,E15050,H05121,,,F11GRA,L13WNE,P22WIL,,,,,WTRCLC,,,,,,,B08050,B10121,B16CLC,,
08070," 6,907,477 ", 9.409376 ,CTYLAK,FORLAK,T08WAR,R08WAR,C03532,E15050,H05121,,M46THL,F21WWA,L13WNE,,,,,,WTRCLC,,,,,,,B08050,B10121,B16CLC,,
08071," 113,584 ", 9.469474 ,CTYLAK,FORLAK,T08WAR,R08WAR,C03532,E16056,H05121,,M06BPA,F21WWA,L13WNE,,,,,PORWAK,,,,,,,,B10121,,,,
08072, -   , 10.351927 ,CTYLAK,FORLAK,T08WAR,R08WAR,C03532,E15050,H05121,,,F11GRA,L13WNE,P20WAK,,,,,,,,,,,,B08050,B10121,,,
08073, -   , 9.979839 ,CTYLAK,FORLAK,T08WAR,R08WAR,C03532,E15050,H05121,,,F11GRA,L13WNE,P09GUR,,,,,,,,,,,,B08050,B10121,,,
08074, -   , 9.979839 ,CTYLAK,FORLAK,T08WAR,R08WAR,C03532,E15050,H05121,,,F11GRA,L13WNE,P09GUR,,,,,WTRCLC,,,,,,,B08050,B10121,B16CLC,,
08075," 21,512,870 ", 9.512209 ,CTYLAK,FORLAK,T08WAR,R08WAR,C03532,E15050,H05121,,M14GUR,,L13WNE,P20WAK,,,,,WTRCLC,,,,,,,B08050,B10121,B14GUR,B16CLC,
08076, -   , 9.913551 ,CTYLAK,FORLAK,T08WAR,R08WAR,C03532,E15050,H05121,,M46THL,F21WWA,L13WNE,P09GUR,,,,,,,,,,,,B08050,B10121,,,
08077, -   , 9.913551 ,CTYLAK,FORLAK,T08WAR,R08WAR,C03532,E15050,H05121,,M46THL,F21WWA,L13WNE,P09GUR,,,,,WTRCLC,,,,,,,B08050,B10121,B16CLC,,
08078, -   , 9.178009 ,CTYLAK,FORLAK,T08WAR,R08WAR,C03532,E15050,H05121,,M14GUR,,L13WNE,P07GPA,,,,,WTRCLC,,,,,,,B08050,B10121,B14GUR,B16CLC,
08079, -   , 11.954817 ,CTYLAK,FORLAK,T08WAR,R08WAR,C03532,E15050,H05121,,M52WAK,,,P20WAK,,,,,,,,404SSA,,,,B08050,B10121,,,
08080, -   , 10.139665 ,CTYLAK,FORLAK,T08WAR,R08WAR,C03532,E15050,H05121,,M50WAD,F21WWA,L13WNE,P20WAK,,,,,,,,,,,,B08050,B10121,,,
08081, -   , 10.296720 ,CTYLAK,FORLAK,T08WAR,R08WAR,C03532,E15050,H05121,,M50WAD,F21WWA,L13WNE,P20WAK,S05NSH,,,,,,,,,,,B08050,B10121,,,
08082, -   , 10.502792 ,CTYLAK,FORLAK,T08WAR,R08WAR,C03532,E16056,H05121,,M50WAD,F21WWA,L13WNE,P20WAK,S05NSH,,,PORWAK,,,,,,,,B10121,,,,
08083, -   , 11.582729 ,CTYLAK,FORLAK,T08WAR,R08WAR,C03532,E15050,H05121,,M52WAK,,,P09GUR,,,,PORWAK,,,,,,,,B08050,B10121,,,
08084, -   , 10.134523 ,CTYLAK,FORLAK,T08WAR,R08WAR,C03532,E15050,H05121,,M37OMC,F21WWA,L13WNE,P07GPA,,,,,,,,,,,,B08050,B10121,,,
08085," 7,139,500 ", 9.767577 ,CTYLAK,FORLAK,T08WAR,R08WAR,C03532,E15050,H05121,,,F21WWA,L13WNE,P09GUR,,,,,WTRCLC,,,,,,,B08050,B10121,B16CLC,,
08086, -   , 11.739784 ,CTYLAK,FORLAK,T08WAR,R08WAR,C03532,E15050,H05121,,M52WAK,,,P09GUR,S05NSH,,,PORWAK,,,,,,,,B08050,B10121,,,
08087, -   , 11.883594 ,CTYLAK,FORLAK,T08WAR,R08WAR,C03532,E06024,H05121,,,F21WWA,L13WNE,,,,,,,,,342SSA,,,,B10121,,,,
08088, -   , 9.263402 ,CTYLAK,FORLAK,T08WAR,R08WAR,C03532,E15050,H05121,,,F21WWA,L13WNE,,,,,,,,,342SSA,,,,B08050,B10121,,,
08089," 596,641 ", 9.592460 ,CTYLAK,FORLAK,T08WAR,R08WAR,C03532,E15050,H05121,,M37OMC,F21WWA,L13WNE,,,,,,,,,342SSA,,,,B08050,B10121,,,
08090," 575,862 ", 12.212652 ,CTYLAK,FORLAK,T08WAR,R08WAR,C03532,E06024,H05121,,M37OMC,F21WWA,L13WNE,,,,,,,,,342SSA,,,,B10121,,,,
08091, -   , 9.823090 ,CTYLAK,FORLAK,T08WAR,R08WAR,C03532,E15050,H05121,,M12GRA,F21WWA,L13WNE,,,,,,WTRCLC,,,,,,,B08050,B10121,B16CLC,,
08092, -   , 12.694840 ,CTYLAK,FORLAK,T08WAR,R08WAR,C03532,E06024,H05121,,M30LND,F21WWA,L13WNE,P13LND,,,,,WTRCLC,,,342SSA,,,,B10121,B16CLC,,,
08093, -   , 12.694840 ,CTYLAK,FORLAK,T08WAR,R08WAR,C03532,E06024,H05121,,M30LND,F21WWA,L13WNE,P13LND,,,,,WTRCLC,,,,,,,B10121,B16CLC,,,
08094, -   , 12.667826 ,CTYLAK,FORLAK,T08WAR,R08WAR,C03532,E06024,H05121,,M37OMC,F21WWA,L13WNE,P13LND,,,,,,,,342SSA,,,,B10121,,,,
08095, -   , 12.667826 ,CTYLAK,FORLAK,T08WAR,R08WAR,C03532,E06024,H05121,,M37OMC,F21WWA,L13WNE,P13LND,,,,,,,,,,,,B10121,,,,
08096, -   , 10.302923 ,CTYLAK,FORLAK,T08WAR,R08WAR,C03532,E15050,H05121,,M12GRA,F21WWA,L13WNE,P08GRA,,,,,WTRCLC,,,,,,,B08050,B10121,B16CLC,,
08097, -   , 10.190857 ,CTYLAK,FORLAK,T08WAR,R08WAR,C03532,E16056,H05121,,,F21WWA,,P20WAK,S05NSH,,,,,,,,,,,B10121,,,,
08098," 23,789 ", 11.264487 ,CTYLAK,FORLAK,T08WAR,R08WAR,C03532,E16056,H05121,,M39PCI,F21WWA,,P20WAK,S05NSH,,,PORWAK,,,,,,,,B10121,,,,
08099," 201,056 ", 11.204334 ,CTYLAK,FORLAK,T08WAR,R08WAR,C03532,E16056,H05121,,M39PCI,F21WWA,L13WNE,P09GUR,S05NSH,,,PORWAK,,,,,,,,B10121,,,,
08100, -   , 12.239666 ,CTYLAK,FORLAK,T08WAR,R08WAR,C03532,E06024,H05121,,M30LND,F21WWA,L13WNE,,,,,,WTRCLC,,,,,,,B10121,B16CLC,,,
08101, -   , 11.954817 ,CTYLAK,FORLAK,T08WAR,R08WAR,C03532,E15050,H05121,,M52WAK,,,P20WAK,,,,,,X47TIF,,,,,,B08050,B10121,,,
08102, -   , 12.111872 ,CTYLAK,FORLAK,T08WAR,R08WAR,C03532,E15050,H05121,,M52WAK,,,P20WAK,S05NSH,,,,,X47TIF,,,,,,B08050,B10121,,,
08103, -   , 9.805465 ,CTYLAK,FORLAK,T08WAR,R08WAR,C03532,E15050,H05121,,,F21WWA,L13WNE,P07GPA,,,,,,,,342SSA,,,,B08050,B10121,,,
08104," 1,749,834 ", 9.140121 ,CTYLAK,FORLAK,T08WAR,R08WAR,C03532,E15050,H05121,,M14GUR,,L13WNE,P09GUR,,,,,WTRCLC,,,169SSA,,,,B08050,B10121,B14GUR,B16CLC,
08105, -   , 12.667826 ,CTYLAK,FORLAK,T08WAR,R08WAR,C03532,E06024,H05121,,M37OMC,F21WWA,L13WNE,P13LND,,,,,,,,342SSA,,,,B10121,,,,
08106," 14,973 ", 10.345737 ,CTYLAK,FORLAK,T08WAR,R08WAR,C03532,E16056,H05121,,M06BPA,F21WWA,L13WNE,P20WAK,,,,PORWAK,,,,,,,,B10121,,,,
08107, -   , 12.717943 ,CTYLAK,FORLAK,T08WAR,R08WAR,C03532,E06024,H05121,,M37OMC,F21WWA,L13WNE,P13LND,S04LND,,,,,,,342SSA,,,,B10121,,,,
08108, -   , 12.262769 ,CTYLAK,FORLAK,T08WAR,R08WAR,C03532,E06024,H05121,,M37OMC,F21WWA,L13WNE,,S04LND,,,,,,,342SSA,,,,B10121,,,,
08109, -   , 12.744957 ,CTYLAK,FORLAK,T08WAR,R08WAR,C03532,E06024,H05121,,M30LND,F21WWA,L13WNE,P13LND,S04LND,,,,WTRCLC,,,342SSA,,,,B10121,B16CLC,,,
08110, -   , 12.744957 ,CTYLAK,FORLAK,T08WAR,R08WAR,C03532,E06024,H05121,,M30LND,F21WWA,L13WNE,P13LND,S04LND,,,,WTRCLC,,,,,,,B10121,B16CLC,,,
08111, -   , 10.515185 ,CTYLAK,FORLAK,T08WAR,R08WAR,C03532,E15050,H05121,,M12GRA,F11GRA,L13WNE,P08GRA,,,,,WTRCLC,,,,,,,B08050,B10121,B16CLC,,
08112, -   , 12.717943 ,CTYLAK,FORLAK,T08WAR,R08WAR,C03532,E06024,H05121,,M37OMC,F21WWA,L13WNE,P13LND,S04LND,,,,,,,,,,,B10121,,,,
08113, -   , 11.706010 ,CTYLAK,FORLAK,T08WAR,R08WAR,C03532,E15050,H05121,,M52WAK,F21WWA,,,,,,,,,,,,,,B08050,B10121,,,
08114, -   , 12.582273 ,CTYLAK,FORLAK,T08WAR,R08WAR,C03532,E15050,H05121,,M52WAK,F21WWA,,P20WAK,,,,,,,,,,,,B08050,B10121,,,
08115, -   , 9.263402 ,CTYLAK,FORLAK,T08WAR,R08WAR,C03532,E15050,H05121,,M14GUR,F21WWA,L13WNE,,,,,,WTRCLC,,,,,,,B08050,B10121,B14GUR,B16CLC,
08116, -   , 12.239666 ,CTYLAK,FORLAK,T08WAR,R08WAR,C03532,E06024,H05121,,M30LND,F21WWA,L13WNE,,,,,,WTRCLC,,,342SSA,,,,B10121,B16CLC,,,
08117, -   , 9.619474 ,CTYLAK,FORLAK,T08WAR,R08WAR,C03532,E15050,H05121,,M30LND,F21WWA,L13WNE,,,,,,WTRCLC,,,,,,,B08050,B10121,B16CLC,,
08118, -   , 10.074648 ,CTYLAK,FORLAK,T08WAR,R08WAR,C03532,E15050,H05121,,M30LND,F21WWA,L13WNE,P13LND,,,,,WTRCLC,,,,,,,B08050,B10121,B16CLC,,
08119, -   , 10.124765 ,CTYLAK,FORLAK,T08WAR,R08WAR,C03532,E15050,H05121,,M30LND,F21WWA,L13WNE,P13LND,S04LND,,,,WTRCLC,,,,,,,B08050,B10121,B16CLC,,
08120, -   , 12.788345 ,CTYLAK,FORLAK,T08WAR,R08WAR,C03532,E16056,H05121,,M52WAK,F21WWA,L13WNE,P20WAK,,,,,,,,,,,,B10121,,,,
08121," 200,553 ", 9.767577 ,CTYLAK,FORLAK,T08WAR,R08WAR,C03532,E15050,H05121,,M14GUR,F21WWA,L13WNE,P09GUR,,,,,WTRCLC,,,,,,,B08050,B10121,B14GUR,B16CLC,
08122," 292,510 ", 9.621638 ,CTYLAK,FORLAK,T08WAR,R08WAR,C03532,E15050,H05121,,M46THL,F11GRA,L13WNE,,,,,,WTRCLC,,,,,,,B08050,B10121,B16CLC,,
08123, -   , 9.805465 ,CTYLAK,FORLAK,T08WAR,R08WAR,C03532,E15050,H05121,,M14GUR,F21WWA,L13WNE,P07GPA,,,,,WTRCLC,,,342SSA,,,,B08050,B10121,B14GUR,B16CLC,
08124, -   , 9.805465 ,CTYLAK,FORLAK,T08WAR,R08WAR,C03532,E15050,H05121,,M14GUR,F21WWA,L13WNE,P07GPA,,,,,WTRCLC,,,,,,,B08050,B10121,B14GUR,B16CLC,
08125, -   , 10.130704 ,CTYLAK,FORLAK,T08WAR,R08WAR,C03532,E16056,H05121,,M14GUR,F21WWA,L13WNE,P09GUR,S05NSH,,,,WTRCLC,,,,,,,B10121,B14GUR,B16CLC,,
08126, -   , 9.924632 ,CTYLAK,FORLAK,T08WAR,R08WAR,C03532,E15050,H05121,,M14GUR,F21WWA,L13WNE,P09GUR,S05NSH,,,,WTRCLC,,,,,,,B08050,B10121,B14GUR,B16CLC,
08127, -   , 9.973649 ,CTYLAK,FORLAK,T08WAR,R08WAR,C03532,E16056,H05121,,M14GUR,F21WWA,L13WNE,P09GUR,,,,,WTRCLC,,,,,,,B10121,B14GUR,B16CLC,,
08128, -   , 9.178009 ,CTYLAK,FORLAK,T08WAR,R08WAR,C03532,E15050,H05121,,M14GUR,,L13WNE,P07GPA,,,,,WTRCLC,,,342SSA,,,,B08050,B10121,B14GUR,B16CLC,
08129, -   , 12.317944 ,CTYLAK,FORLAK,T08WAR,R08WAR,C03532,E16056,H05121,,M52WAK,,,P20WAK,S05NSH,,,,,X48TIF,,,,,,B10121,,,,
08130, -   , 12.160889 ,CTYLAK,FORLAK,T08WAR,R08WAR,C03532,E16056,H05121,,M52WAK,,,P20WAK,,,,,,X48TIF,,,,,,B10121,,,,
08131, -   , 11.945856 ,CTYLAK,FORLAK,T08WAR,R08WAR,C03532,E16056,H05121,,M52WAK,,,P09GUR,S05NSH,,,,,X48TIF,,,,,,B10121,,,,
08132, -   , 11.441681 ,CTYLAK,FORLAK,T08WAR,R08WAR,C03532,E16056,H05121,,M52WAK,,,,S05NSH,,,,,X48TIF,,,,,,B10121,,,,
08133," 54,634,890 ", 9.603281 ,CTYLAK,FORLAK,T08WAR,R08WAR,C03532,E15050,H05121,,,F21WWA,L13WNE,,,,,,WTRCLC,,,154SSA,,,,B08050,B10121,B16CLC,,
08134," 40,221,937 ", 10.145344 ,CTYLAK,FORLAK,T08WAR,R08WAR,C03532,E15050,H05121,,,F21WWA,L13WNE,P07GPA,,,,,WTRCLC,,,154SSA,,,,B08050,B10121,B16CLC,,
08135," 2,616,204 ", 9.480000 ,CTYLAK,FORLAK,T08WAR,R08WAR,C03532,E15050,H05121,,M14GUR,,L13WNE,P09GUR,,,,,WTRCLC,,,154SSA,,,,B08050,B10121,B14GUR,B16CLC,
08136," 656,516 ", 8.975825 ,CTYLAK,FORLAK,T08WAR,R08WAR,C03532,E15050,H05121,,M14GUR,,L13WNE,,,,,,WTRCLC,,,154SSA,,,,B08050,B10121,B14GUR,B16CLC,
08137," 870,008 ", 9.517888 ,CTYLAK,FORLAK,T08WAR,R08WAR,C03532,E15050,H05121,,M14GUR,,L13WNE,P07GPA,,,,,WTRCLC,,,154SSA,,,,B08050,B10121,B14GUR,B16CLC,
08138, -   , 10.474402 ,CTYLAK,FORLAK,T08WAR,R08WAR,C03532,E15050,H05121,,M37OMC,F21WWA,L13WNE,P07GPA,,,,,WTRCLC,,,154SSA,,,,B08050,B10121,B16CLC,,
08139," 41,933,601 ", 12.223473 ,CTYLAK,FORLAK,T08WAR,R08WAR,C03532,E06024,H05121,,,F21WWA,L13WNE,,,,,,WTRCLC,,,154SSA,342SSA,,,B10121,B16CLC,,,
08140," 237,465 ", 9.603281 ,CTYLAK,FORLAK,T08WAR,R08WAR,C03532,E15050,H05121,,,F21WWA,L13WNE,,,,,,WTRCLC,,,154SSA,342SSA,,,B08050,B10121,B16CLC,,
08141," 10,847,618 ", 10.145344 ,CTYLAK,FORLAK,T08WAR,R08WAR,C03532,E15050,H05121,,,F21WWA,L13WNE,P07GPA,,,,,WTRCLC,,,154SSA,342SSA,,,B08050,B10121,B16CLC,,
08142, -   , 13.084836 ,CTYLAK,FORLAK,T08WAR,R08WAR,C03532,E06024,H05121,,M30LND,F21WWA,L13WNE,P13LND,S04LND,,,,WTRCLC,,,154SSA,342SSA,,,B10121,B16CLC,,,
08143," 1,610,022 ", 13.084836 ,CTYLAK,FORLAK,T08WAR,R08WAR,C03532,E06024,H05121,,M30LND,F21WWA,L13WNE,P13LND,S04LND,,,,WTRCLC,,,154SSA,,,,B10121,B16CLC,,,
08144, -   , 9.517888 ,CTYLAK,FORLAK,T08WAR,R08WAR,C03532,E15050,H05121,,M14GUR,,L13WNE,P07GPA,,,,,WTRCLC,,,154SSA,342SSA,,,B08050,B10121,B14GUR,B16CLC,
08145, -   , 10.464644 ,CTYLAK,FORLAK,T08WAR,R08WAR,C03532,E15050,H05121,,M30LND,F21WWA,L13WNE,P13LND,S04LND,,,,WTRCLC,,,154SSA,,,,B08050,B10121,B16CLC,,
08146, -   , 10.134523 ,CTYLAK,FORLAK,T08WAR,R08WAR,C03532,E15050,H05121,,M37OMC,F21WWA,L13WNE,P07GPA,,,,,,,,342SSA,,,,B08050,B10121,,,
08147, -   , 11.863065 ,CTYLAK,FORLAK,T08WAR,R08WAR,C03532,E15050,H05121,,M52WAK,F21WWA,,,S05NSH,,,,,,,,,,,B08050,B10121,,,
08148, -   , 11.863065 ,CTYLAK,FORLAK,T08WAR,R08WAR,C03532,E15050,H05121,,M52WAK,F21WWA,,,S05NSH,,,,,X52TIF,,,,,,B08050,B10121,,,
08149, -   , 11.235609 ,CTYLAK,FORLAK,T08WAR,R08WAR,C03532,E15050,H05121,,M52WAK,,,,S05NSH,,,,,X52TIF,,,,,,B08050,B10121,,,
08150, -   , 10.764818 ,CTYLAK,FORLAK,T08WAR,R08WAR,C03532,E19068,H10128,,M52WAK,,,P20WAK,,,,,,,,,,,,,,,,
08151, -   , 10.921873 ,CTYLAK,FORLAK,T08WAR,R08WAR,C03532,E19068,H10128,,M52WAK,,,P20WAK,S05NSH,,,,,,,,,,,,,,,
08152, -   , 10.161537 ,CTYLAK,FORLAK,T08WAR,R08WAR,C03532,E15050,H05121,,M30LND,F21WWA,L13WNE,P07GPA,,,,,WTRCLC,,,342SSA,,,,B08050,B10121,B16CLC,,
08153," 12,160,491 ", 12.111872 ,CTYLAK,FORLAK,T08WAR,R08WAR,C03532,E15050,H05121,,M52WAK,,,P20WAK,S05NSH,,,PORWAK,,X52TIF,,,,,,B08050,B10121,,,
08154, -   , 9.669591 ,CTYLAK,FORLAK,T08WAR,R08WAR,C03532,E15050,H05121,,M30LND,F21WWA,L13WNE,,S04LND,,,,WTRCLC,,,,,,,B08050,B10121,B16CLC,,
08155, -   , 10.211654 ,CTYLAK,FORLAK,T08WAR,R08WAR,C03532,E15050,H05121,,M30LND,F21WWA,L13WNE,P07GPA,S04LND,,,,WTRCLC,,,342SSA,,,,B08050,B10121,B16CLC,,
08156," 823,926 ", 9.924632 ,CTYLAK,FORLAK,T08WAR,R08WAR,C03532,E15050,H05121,,,F21WWA,L13WNE,P09GUR,S05NSH,,,,,,,,,,,B08050,B10121,B14GUR,B16CLC,
08157," 350,486 ", 10.912029 ,CTYLAK,FORLAK,T08WAR,R08WAR,C03532,E19068,H10128,,M52WAK,,,P20WAK,,,,PORWAK,,,,,,,,B08050,B10121,,,
08158," 10,500,424 ", 11.069084 ,CTYLAK,FORLAK,T08WAR,R08WAR,C03532,E19068,H10128,,M52WAK,,,P20WAK,S05NSH,,,PORWAK,,,,,,,,B08050,B10121,,,
08159, -   , 10.145344 ,CTYLAK,FORLAK,T08WAR,R08WAR,C03532,E15050,H05121,,M14GUR,F21WWA,L13WNE,P07GPA,,,,,WTRCLC,,,154SSA,,,,B08050,B10121,B16CLC,,
08160, -   , 9.603281 ,CTYLAK,FORLAK,T08WAR,R08WAR,C03532,E15050,H05121,,M14GUR,F21WWA,L13WNE,,,,,,WTRCLC,,,154SSA,,,,B08050,B10121,B16CLC,,
08161, -   , 13.100280 ,CTYLAK,FORLAK,T08WAR,R08WAR,C03532,E16056,H05121,,M52WAK,F21WWA,L13WNE,P20WAK,,,,PORWAK,,,,,,,,B10121,,,,
08162, -   , 10.107456 ,CTYLAK,FORLAK,T08WAR,R08WAR,C03532,E15050,H05121,,M14GUR,F21WWA,L13WNE,P09GUR,,,,,WTRCLC,,,154SSA,,,,B08050,B10121,B16CLC,,
08163," 8,620,803 ", 9.469474 ,CTYLAK,FORLAK,T08WAR,R08WAR,C03532,E16056,H05121,,,F21WWA,L13WNE,,,,,PORWAK,,,,,,,,B10121,,,,
08164, -   , 9.108522 ,CTYLAK,FORLAK,T08WAR,R08WAR,C03532,E15050,H05121,,,F21WWA,,,S05NSH,,,PORWAK,,,,,,,,B08050,B10121,,,
08165," 7,496,258 ", 10.494087 ,CTYLAK,FORLAK,T08WAR,R08WAR,C03532,E15050,H05121,,M39PCI,F21WWA,L13WNE,,S05NSH,,,PORWAK,,,,,,,,B08050,B10121,,,
08166," 52,366 ", 9.626529 ,CTYLAK,FORLAK,T08WAR,R08WAR,C03532,E16056,H05121,,,F21WWA,L13WNE,,S05NSH,,,PORWAK,,,,,,,,B10121,,,,
08167," 494,832 ", 9.973649 ,CTYLAK,FORLAK,T08WAR,R08WAR,C03532,E16056,H05121,,,F21WWA,L13WNE,P09GUR,,,,PORWAK,,,,,,,,B10121,,,,
08168," 24,429 ", 9.346193 ,CTYLAK,FORLAK,T08WAR,R08WAR,C03532,E16056,H05121,,M14GUR,,L13WNE,P09GUR,,,,PORWAK,WTRCLC,,,,,,,B10121,B14GUR,B16CLC,,
08169," 3,930,539 ", 12.160889 ,CTYLAK,FORLAK,T08WAR,R08WAR,C03532,E16056,H05121,,M52WAK,,,P20WAK,,,,PORWAK,,,,,,,,B10121,,,,
08170," 19,060,863 ", 11.945856 ,CTYLAK,FORLAK,T08WAR,R08WAR,C03532,E16056,H05121,,M52WAK,,,P09GUR,S05NSH,,,PORWAK,,,,,,,,B10121,,,,
08171," 2,420,835 ", 10.700159 ,CTYLAK,FORLAK,T08WAR,R08WAR,C03532,E16056,H05121,,M39PCI,F21WWA,L13WNE,,S05NSH,,,PORWAK,,,,,,,,B10121,,,,
08172, -   , 9.827730 ,CTYLAK,FORLAK,T08WAR,R08WAR,C03532,E15050,H05121,,,F21WWA,,P20WAK,,,,PORWAK,,,,,,,,B08050,B10121,,,
08173," 41,223,540 ", 9.503248 ,CTYLAK,FORLAK,T08WAR,R08WAR,C03532,E16056,H05121,,M14GUR,,L13WNE,P09GUR,S05NSH,,,PORWAK,WTRCLC,,,,,,,B10121,B14GUR,B16CLC,,
08174, -   , 10.345737 ,CTYLAK,FORLAK,T08WAR,R08WAR,C03532,E16056,H05121,,,F21WWA,L13WNE,P20WAK,,,,PORWAK,,,,,,,,B10121,,,,
08175, -   , -   ,CTYLAK,FORLAK,T08WAR,R08WAR,C03532,E15050,H05121,,M52WAK,,,P20WAK,,,,PORWAK,,X69TIF,,,,,,B08050,B10121,,,
08176, -   , -   ,CTYLAK,FORLAK,T08WAR,R08WAR,C03532,E15050,H05121,,M52WAK,,,P20WAK,S05NSH,,,PORWAK,,X69TIF,,,,,,B08050,B10121,,,
08177, -   , -   ,CTYLAK,FORLAK,T08WAR,R08WAR,C03532,E15050,H05121,,M14GUR,,L13WNE,P09GUR,,,,,WTRCLC,,,,,,,B08050,B10121,B14GUR,B16CLC,
08178, -   , -   ,CTYLAK,FORLAK,T08WAR,R08WAR,C03532,E15050,H05121,,M39PCI,F21WWA,L13WNE,,S05NSH,,,,,X71TIF,,,,,,B08050,B10121,,,
08179, -   , -   ,CTYLAK,FORLAK,T08WAR,R08WAR,C03532,E15050,H05121,,M39PCI,F21WWA,,,S05NSH,,,,,X71TIF,,,,,,B08050,B10121,,,
08180, -   , -   ,CTYLAK,FORLAK,T08WAR,R08WAR,C03532,E16056,H05121,,M39PCI,F21WWA,L13WNE,,S05NSH,,,,,X71TIF,,,,,,B10121,,,,
09002," 55,848,384 ", 13.650387 ,CTYLAK,FORLAK,T09WAK,R09WAK,C03532,,,U05187,M35NCH,,,P06FOS,S05NSH,,,,,,,,,,,B04NCH,,,,
09004, -   , 8.744768 ,CTYLAK,FORLAK,T09WAK,R09WAK,C03532,,,U01060,,F05BPA,,,S05NSH,,,,,,,,,,,,,,,
09005, -   , 9.621031 ,CTYLAK,FORLAK,T09WAK,R09WAK,C03532,,,U01060,,F05BPA,,P20WAK,S05NSH,,,,,,,,,,,,,,,
09006," 14,618,112 ", 8.644201 ,CTYLAK,FORLAK,T09WAK,R09WAK,C03532,,,U01060,,F21WWA,L13WNE,,S05NSH,,,PORWAK,,,,,,,,,,,,
09007, -   , 9.056703 ,CTYLAK,FORLAK,T09WAK,R09WAK,C03532,,,U01060,,F05BPA,L13WNE,,S05NSH,,,,,,,,,,,,,,,
09008," 548,428 ", 10.459353 ,CTYLAK,FORLAK,T09WAK,R09WAK,C03532,,,U01060,M52WAK,,,,S05NSH,,,PORWAK,,,,,,,,,,,,
09009," 436,687 ", 9.621031 ,CTYLAK,FORLAK,T09WAK,R09WAK,C03532,,,U01060,,F05BPA,,P20WAK,S05NSH,,,PORWAK,,,,,,,,,,,,
09011, -   , 8.843777 ,CTYLAK,FORLAK,T09WAK,R09WAK,C03532,,,U05187,,,,P06FOS,S05NSH,,,,,,,,,,,,,,,
09012," 819,720,688 ", 11.335616 ,CTYLAK,FORLAK,T09WAK,R09WAK,C03532,,,U01060,M52WAK,,,P20WAK,S05NSH,,,PORWAK,,,,,,,,,,,,
09013, -   , 8.016745 ,CTYLAK,FORLAK,T09WAK,R09WAK,C03532,,,U01060,M14GUR,,L13WNE,,S05NSH,,,PORWAK,WTRCLC,,,,,,,B14GUR,B16CLC,,,
09014," 482,698 ", 8.332266 ,CTYLAK,FORLAK,T09WAK,R09WAK,C03532,,,U01060,,F21WWA,,,S05NSH,,,PORWAK,,,,,,,,,,,,
09015, -   , 8.520920 ,CTYLAK,FORLAK,T09WAK,R09WAK,C03532,,,U01060,M14GUR,,L13WNE,P09GUR,S05NSH,,,,WTRCLC,,,,,,,B14GUR,B16CLC,,,
09016," 22,825,908 ", 11.151508 ,CTYLAK,FORLAK,T09WAK,R09WAK,C03532,,,U01060,M52WAK,,,P06FOS,S05NSH,,,PORWAK,,,,,,,,,,,,
09017," 10,982,729 ", 9.717831 ,CTYLAK,FORLAK,T09WAK,R09WAK,C03532,,,U01060,M39PCI,F21WWA,L13WNE,,S05NSH,,,PORWAK,,,,,,,,,,,,
09018," 1,703,341 ", 9.208529 ,CTYLAK,FORLAK,T09WAK,R09WAK,C03532,,,U01060,,F21WWA,,P20WAK,S05NSH,,,PORWAK,,,,,,,,,,,,
09020, -   , 11.335616 ,CTYLAK,FORLAK,T09WAK,R09WAK,C03532,,,U01060,M52WAK,,,P20WAK,S05NSH,,,,,,,,,,,,,,,
09021," 440,357 ", 10.594094 ,CTYLAK,FORLAK,T09WAK,R09WAK,C03532,,,U01060,M39PCI,F21WWA,L13WNE,P20WAK,S05NSH,,,PORWAK,,,,,,,,,,,,
09022," 2,244,482 ", 9.520464 ,CTYLAK,FORLAK,T09WAK,R09WAK,C03532,,,U01060,,F21WWA,L13WNE,P20WAK,S05NSH,,,PORWAK,,,,,,,,,,,,
09023, -   , 11.335616 ,CTYLAK,FORLAK,T09WAK,R09WAK,C03532,,,U01060,M52WAK,,,P20WAK,S05NSH,,,,,X43TIF,,,,,,,,,,
09024," 3,392,702 ", 13.650387 ,CTYLAK,FORLAK,T09WAK,R09WAK,C03532,,,U05187,M35NCH,,,P06FOS,S05NSH,,,,,X33TIF,,,,,,B04NCH,,,,
09025," 7,013,151 ", 11.598320 ,CTYLAK,FORLAK,T09WAK,R09WAK,C03532,,,U05187,M52WAK,,,P06FOS,S05NSH,,,PORWAK,,,,,,,,,,,,
09026," 7,706 ", 8.744768 ,CTYLAK,FORLAK,T09WAK,R09WAK,C03532,,,U01060,M06BPA,F05BPA,,,S05NSH,,,PORWAK,,,,,,,,,,,,
09027, -   , 9.621031 ,CTYLAK,FORLAK,T09WAK,R09WAK,C03532,,,U01060,M06BPA,F05BPA,,P20WAK,S05NSH,,,PORWAK,,,,,,,,,,,,
09028," 17,322,543 ", 9.056703 ,CTYLAK,FORLAK,T09WAK,R09WAK,C03532,,,U01060,M06BPA,F05BPA,L13WNE,,S05NSH,,,PORWAK,,,,,,,,,,,,
09029, -   , 9.621031 ,CTYLAK,FORLAK,T09WAK,R09WAK,C03532,,,U01060,M06BPA,F05BPA,,P20WAK,S05NSH,,,,,,,,,,,,,,,
09030, -   , 8.644201 ,CTYLAK,FORLAK,T09WAK,R09WAK,C03532,,,U01060,M06BPA,F21WWA,L13WNE,,S05NSH,,,PORWAK,,,,,,,,,,,,
09031, -   , 8.332266 ,CTYLAK,FORLAK,T09WAK,R09WAK,C03532,,,U01060,M06BPA,F21WWA,,,S05NSH,,,PORWAK,,,,,,,,,,,,
09032, -   , 12.480152 ,CTYLAK,FORLAK,T09WAK,R09WAK,C03532,E03003,H08126,,M06BPA,F05BPA,,P20WAK,S05NSH,,,,,,,,,,,B06003,B12126,,,
09033, -   , 11.335616 ,CTYLAK,FORLAK,T09WAK,R09WAK,C03532,,,U01060,M52WAK,,,P20WAK,S05NSH,,,,,X44TIF,,,,,,,,,,
09034, -   , 9.988183 ,CTYLAK,FORLAK,T09WAK,R09WAK,C03532,,,U01060,M06BPA,F05BPA,L15ZBE,P20WAK,S05NSH,,,,,,,,,,,,,,,
09035," 23,986,638 ", 9.988183 ,CTYLAK,FORLAK,T09WAK,R09WAK,C03532,,,U01060,M06BPA,F05BPA,L15ZBE,P20WAK,S05NSH,,,PORWAK,,,,,,,,,,,,
09036, -   , 12.847304 ,CTYLAK,FORLAK,T09WAK,R09WAK,C03532,E03003,H08126,,M06BPA,F05BPA,L15ZBE,P20WAK,S05NSH,,,,,,,,,,,B06003,B12126,,,
09037, -   , 9.988183 ,CTYLAK,FORLAK,T09WAK,R09WAK,C03532,,,U01060,,F05BPA,L15ZBE,P20WAK,S05NSH,,,,,,,,,,,,,,,
09038, -   , 11.335616 ,CTYLAK,FORLAK,T09WAK,R09WAK,C03532,,,U01060,M52WAK,,,P20WAK,S05NSH,,,,,,,405SSA,,,,,,,,
09039, -   , 8.332266 ,CTYLAK,FORLAK,T09WAK,R09WAK,C03532,,,U01060,,F21WWA,,,S05NSH,,,,,,,405SSA,,,,,,,,
09040, -   , 10.459353 ,CTYLAK,FORLAK,T09WAK,R09WAK,C03532,,,U01060,M52WAK,,,,S05NSH,,,,,,,405SSA,,,,,,,,
09041, -   , 11.335616 ,CTYLAK,FORLAK,T09WAK,R09WAK,C03532,,,U01060,M52WAK,,,P20WAK,S05NSH,,,,,X45TIF,,,,,,,,,,
09042, -   , 9.148376 ,CTYLAK,FORLAK,T09WAK,R09WAK,C03532,,,U01060,,F21WWA,L13WNE,P09GUR,S05NSH,,,,,,,,,,,,,,,
09043," 211,111 ", 10.963528 ,CTYLAK,FORLAK,T09WAK,R09WAK,C03532,,,U01060,M52WAK,,,P09GUR,S05NSH,,,PORWAK,,,,,,,,,,,,
09044," 233,952 ", 8.893008 ,CTYLAK,FORLAK,T09WAK,R09WAK,C03532,,,U01060,M14GUR,,L13WNE,P20WAK,S05NSH,,,PORWAK,WTRCLC,,,,,,,B14GUR,B16CLC,,,
09045, -   , 11.335616 ,CTYLAK,FORLAK,T09WAK,R09WAK,C03532,,,U01060,M52WAK,,,P20WAK,S05NSH,,,,,X46TIF,,,,,,,,,,
09046, -   , 11.335616 ,CTYLAK,FORLAK,T09WAK,R09WAK,C03532,,,U01060,M52WAK,,,P20WAK,S05NSH,,,,,X43TIF,X46TIF,,,,,,,,,
09047, -   , 9.988183 ,CTYLAK,FORLAK,T09WAK,R09WAK,C03532,,,U01060,M06BPA,F05BPA,L15ZBE,P20WAK,S05NSH,,,,,X04TIF,,,,,,,,,,
09048," 1,527,266 ", 9.988183 ,CTYLAK,FORLAK,T09WAK,R09WAK,C03532,,,U01060,M06BPA,F05BPA,L15ZBE,P20WAK,S05NSH,,,PORWAK,,X04TIF,,,,,,,,,,
09049, -   , 12.847304 ,CTYLAK,FORLAK,T09WAK,R09WAK,C03532,E03003,H08126,,M06BPA,F05BPA,L15ZBE,P20WAK,S05NSH,,,PORWAK,,,,,,,,B06003,B12126,,,
09051, -   , 11.963072 ,CTYLAK,FORLAK,T09WAK,R09WAK,C03532,,,U01060,M52WAK,F21WWA,,P20WAK,S05NSH,,,,,,,,,,,,,,,
09052, -   , 9.520464 ,CTYLAK,FORLAK,T09WAK,R09WAK,C03532,,,U01060,M14GUR,F21WWA,L13WNE,P20WAK,S05NSH,,,,WTRCLC,,,,,,,B14GUR,B16CLC,,,
09053," 40,760 ", 12.847304 ,CTYLAK,FORLAK,T09WAK,R09WAK,C03532,E03003,H08126,,M06BPA,F05BPA,L15ZBE,P20WAK,S05NSH,,,PORWAK,,,,,,,,B06003,B12126,,,
09054, -   , 8.644201 ,CTYLAK,FORLAK,T09WAK,R09WAK,C03532,,,U01060,M14GUR,F21WWA,L13WNE,,S05NSH,,,,WTRCLC,,,,,,,B14GUR,B16CLC,,,
09055," 726,402 ", 9.988183 ,CTYLAK,FORLAK,T09WAK,R09WAK,C03532,,,U01060,M06BPA,F05BPA,L15ZBE,P20WAK,S05NSH,,,PORWAK,,X05TIF,,,,,,,,,,
09056," 1,741,857 ", 9.056703 ,CTYLAK,FORLAK,T09WAK,R09WAK,C03532,,,U01060,M06BPA,F05BPA,L13WNE,,S05NSH,,,PORWAK,,X07TIF,,,,,,,,,,
09057, -   , 8.744768 ,CTYLAK,FORLAK,T09WAK,R09WAK,C03532,,,U01060,M06BPA,F05BPA,,,S05NSH,,,PORWAK,,X07TIF,,,,,,,,,,
09058, -   , 8.644201 ,CTYLAK,FORLAK,T09WAK,R09WAK,C03532,,,U01060,,F21WWA,L13WNE,,S05NSH,,,,,X07TIF,,,,,,,,,,
09059," 365,918 ", 8.644201 ,CTYLAK,FORLAK,T09WAK,R09WAK,C03532,,,U01060,M06BPA,F21WWA,L13WNE,,S05NSH,,,PORWAK,,X07TIF,,,,,,,,,,
09060, -   , 8.332266 ,CTYLAK,FORLAK,T09WAK,R09WAK,C03532,,,U01060,M06BPA,F21WWA,,,S05NSH,,,PORWAK,,X07TIF,,,,,,,,,,
09061," 3,610,745 ", 11.335616 ,CTYLAK,FORLAK,T09WAK,R09WAK,C03532,,,U01060,M52WAK,,,P20WAK,S05NSH,,,PORWAK,,X51TIF,,,,,,,,,,
09062," 13,740,791 ", 11.335616 ,CTYLAK,FORLAK,T09WAK,R09WAK,C03532,,,U01060,M52WAK,,,P20WAK,S05NSH,,,PORWAK,,X50TIF,,,,,,,,,,
09063," 3,332,075 ", 11.335616 ,CTYLAK,FORLAK,T09WAK,R09WAK,C03532,,,U01060,M52WAK,,,P20WAK,S05NSH,,,PORWAK,,X49TIF,,,,,,,,,,
09064, -   , 11.963072 ,CTYLAK,FORLAK,T09WAK,R09WAK,C03532,,,U01060,M52WAK,F21WWA,,P20WAK,S05NSH,,,,WTRCLC,,,,,,,,,,,
09065, -   , 11.398744 ,CTYLAK,FORLAK,T09WAK,R09WAK,C03532,,,U01060,M52WAK,F21WWA,L13WNE,,S05NSH,,,,,,,,,,,,,,,
09066," 15,681,142 ", 13.650387 ,CTYLAK,FORLAK,T09WAK,R09WAK,C03532,,,U05187,M35NCH,,,P06FOS,S05NSH,,,PORWAK,,,,,,,,B04NCH,,,,
09067," 164,015 ", 8.520920 ,CTYLAK,FORLAK,T09WAK,R09WAK,C03532,,,U01060,M14GUR,,L13WNE,P09GUR,S05NSH,,,PORWAK,WTRCLC,,,,,,,B14GUR,B16CLC,,,
09068," 683,335 ", 13.650387 ,CTYLAK,FORLAK,T09WAK,R09WAK,C03532,,,U05187,M35NCH,,,P06FOS,S05NSH,,,PORWAK,,X33TIF,,,,,,B04NCH,,,,
10001," 8,365 ", 9.239660 ,CTYLAK,FORLAK,T10SHI,R10SHI,C03532,,,U05187,,F20ROC,,P06FOS,S05NSH,,,,,,,,,,,,,,,
10003," 14,468 ", 8.358563 ,CTYLAK,FORLAK,T10SHI,R10SHI,C03532,,,U05187,,,,P12LBL,S05NSH,,,,,,,,,,,,,,,
10004, -   , 5.757070 ,CTYLAK,FORLAK,T10SHI,R10SHI,C03532,E18067,H02115,,M24LFO,,,,S05NSH,,,,,,,242SSA,,,,,,,,
10005," 32,940 ", 8.558549 ,CTYLAK,FORLAK,T10SHI,R10SHI,C03532,,,U05187,,,,P06FOS,S05NSH,,,,,,,,,,,,,,,
10006," 535,925 ", 5.931996 ,CTYLAK,FORLAK,T10SHI,R10SHI,C03532,E17065,H02115,,,,,P12LBL,S05NSH,,Q01LBL,,,,,,,,,,,,,
10007," 4,951,025 ", 6.613107 ,CTYLAK,FORLAK,T10SHI,R10SHI,C03532,E17065,H02115,,,F20ROC,,P12LBL,S05NSH,,Q01LBL,,,,,,,,,,,,,
10008," 4,751,298 ", 6.131982 ,CTYLAK,FORLAK,T10SHI,R10SHI,C03532,E17065,H02115,,,,,P06FOS,S05NSH,,Q01LBL,,,,,,,,,,,,,
10009," 59,779,409 ", 13.365159 ,CTYLAK,FORLAK,T10SHI,R10SHI,C03532,,,U05187,M35NCH,,,P06FOS,S05NSH,,,,,,,,,,,B04NCH,,,,
10010," 11,659,917 ", 6.900222 ,CTYLAK,FORLAK,T10SHI,R10SHI,C03532,E17065,H02115,,M23LBL,,,P06FOS,S05NSH,,Q01LBL,,WTRCLC,,,,,,,B05LBL,B16CLC,,,
10011," 548,351,246 ", 6.700236 ,CTYLAK,FORLAK,T10SHI,R10SHI,C03532,E17065,H02115,,M23LBL,,,P12LBL,S05NSH,,Q01LBL,,WTRCLC,,,,,,,B05LBL,B16CLC,,,
10012, -   , 9.326789 ,CTYLAK,FORLAK,T10SHI,R10SHI,C03532,,,U05187,M23LBL,,,P06FOS,S05NSH,,Q01LBL,,WTRCLC,,,,,,,B05LBL,B16CLC,,,
10013, -   , 6.249239 ,CTYLAK,FORLAK,T10SHI,R10SHI,C03532,E18067,H02115,,M24LFO,,,P12LBL,S05NSH,,,,,,,,,,,,,,,
10014," 1,062,226,762 ", 5.757070 ,CTYLAK,FORLAK,T10SHI,R10SHI,C03532,E18067,H02115,,M24LFO,,,,S05NSH,,,,,,,,,,,,,,,
10015," 1,624,424 ", 5.600015 ,CTYLAK,FORLAK,T10SHI,R10SHI,C03532,E18067,H02115,,M24LFO,,,,,,,,,,,,,,,,,,,
10016, -   , 13.165173 ,CTYLAK,FORLAK,T10SHI,R10SHI,C03532,,,U05187,M35NCH,,,P12LBL,S05NSH,,,,,,,,,,,B04NCH,,,,
10017, -   , 10.738606 ,CTYLAK,FORLAK,T10SHI,R10SHI,C03532,E17065,H02115,,M35NCH,,,P12LBL,S05NSH,,Q01LBL,,,,,,,,,B04NCH,,,,
10018, -   , 8.558549 ,CTYLAK,FORLAK,T10SHI,R10SHI,C03532,,,U05187,,,,P06FOS,S05NSH,,Q01LBL,,,,,,,,,,,,,
10019, -   , 9.039674 ,CTYLAK,FORLAK,T10SHI,R10SHI,C03532,,,U05187,,F20ROC,,P12LBL,S05NSH,,Q01LBL,,,,,,,,,,,,,
10020, -   , 13.365159 ,CTYLAK,FORLAK,T10SHI,R10SHI,C03532,,,U05187,M35NCH,,,P06FOS,S05NSH,,Q01LBL,,,,,,,,,B04NCH,,,,
10021," 5,832,335 ", 13.165173 ,CTYLAK,FORLAK,T10SHI,R10SHI,C03532,,,U05187,M35NCH,,,P12LBL,S05NSH,,Q01LBL,,,,,,,,,B04NCH,,,,
10022, -   , 13.165173 ,CTYLAK,FORLAK,T10SHI,R10SHI,C03532,,,U05187,M35NCH,,,P12LBL,S05NSH,,Q01LBL,,,,,,,,,B04NCH,,,,
10023," 107,557 ", 9.126803 ,CTYLAK,FORLAK,T10SHI,R10SHI,C03532,,,U05187,M23LBL,,,P12LBL,S05NSH,,Q01LBL,,WTRCLC,,,,,,,B05LBL,B16CLC,,,
10024, -   , 5.600015 ,CTYLAK,FORLAK,T10SHI,R10SHI,C03532,E18067,H02115,,M24LFO,,,,,,,,,,,243SSA,,,,,,,,
10025, -   , 5.757070 ,CTYLAK,FORLAK,T10SHI,R10SHI,C03532,E18067,H02115,,M24LFO,,,,S05NSH,,,,,,,243SSA,,,,,,,,
10026," 8,990,749 ", 11.313092 ,CTYLAK,FORLAK,T10SHI,R10SHI,C03532,,,U05187,M52WAK,,,P06FOS,S05NSH,,,PORWAK,,,,,,,,,,,,
10027, -   , 5.757070 ,CTYLAK,FORLAK,T10SHI,R10SHI,C03532,E18067,H02115,,M24LFO,,,,S05NSH,,,,,,,244SSA,,,,,,,,
10028," 6,402,544 ", 13.365159 ,CTYLAK,FORLAK,T10SHI,R10SHI,C03532,,,U05187,M35NCH,,,P06FOS,S05NSH,,,,,X33TIF,,,,,,B04NCH,,,,
10029," 65,128,499 ", 6.613107 ,CTYLAK,FORLAK,T10SHI,R10SHI,C03532,E17065,H02115,,,F20ROC,,P12LBL,S05NSH,,Q01LBL,,WTRCLC,,,,,,,B16CLC,,,,
10030, -   , 13.165173 ,CTYLAK,FORLAK,T10SHI,R10SHI,C03532,,,U05187,M35NCH,,,P12LBL,S05NSH,,Q01LBL,,WTRCLC,,,,,,,B04NCH,B16CLC,,,
10031, -   , 10.738606 ,CTYLAK,FORLAK,T10SHI,R10SHI,C03532,E17065,H02115,,M35NCH,,,P12LBL,S05NSH,,Q01LBL,,WTRCLC,,,,,,,B04NCH,B16CLC,,,
10032, -   , 5.931996 ,CTYLAK,FORLAK,T10SHI,R10SHI,C03532,E17065,H02115,,,,,P12LBL,S05NSH,,Q01LBL,,WTRCLC,,,,,,,B16CLC,,,,
10033, -   , 6.700236 ,CTYLAK,FORLAK,T10SHI,R10SHI,C03532,E17065,H02115,,M23LBL,,,P12LBL,S05NSH,,Q01LBL,,WTRCLC,,,229SSA,,,,B05LBL,B16CLC,,,
10034," 141,134 ", 6.711257 ,CTYLAK,FORLAK,T10SHI,R10SHI,C03532,E17065,H02115,,M13GOA,F20ROC,,P12LBL,S05NSH,,Q01LBL,,WTRCLC,,,,,,,B16CLC,,,,
10035, -   , 6.711257 ,CTYLAK,FORLAK,T10SHI,R10SHI,C03532,E17065,H02115,,M13GOA,F20ROC,,P12LBL,S05NSH,,Q01LBL,,,,,,,,,,,,,
10036," 5,463,765 ", 6.109530 ,CTYLAK,FORLAK,T10SHI,R10SHI,C03532,E17065,H02115,,,F02ASN,,P12LBL,S05NSH,,Q01LBL,,,,,,,,,,,,,
10037," 9,087,848 ", 6.076069 ,CTYLAK,FORLAK,T10SHI,R10SHI,C03532,E17065,H02115,,,F03ASS,,P12LBL,S05NSH,,Q01LBL,,,,,,,,,,,,,
10038, -   , 7.395771 ,CTYLAK,FORLAK,T10SHI,R10SHI,C03532,E17065,H02115,,M24LFO,,,P12LBL,S05NSH,,Q01LBL,,,,,,,,,,,,,
10039, -   , 7.395771 ,CTYLAK,FORLAK,T10SHI,R10SHI,C03532,E17065,H02115,,M24LFO,,,P12LBL,S05NSH,,Q01LBL,,WTRCLC,,,,,,,B16CLC,,,,
10040," 22,867,065 ", 7.320802 ,CTYLAK,FORLAK,T10SHI,R10SHI,C03532,E17065,H02115,,M23LBL,F20ROC,,P12LBL,S05NSH,,Q01LBL,,,,,,,,,,,,,
10041," 47,791 ", 7.320802 ,CTYLAK,FORLAK,T10SHI,R10SHI,C03532,E17065,H02115,,M23LBL,F20ROC,,P12LBL,S05NSH,,Q01LBL,,WTRCLC,,,,,,,B16CLC,,,,
10042, -   , 5.757070 ,CTYLAK,FORLAK,T10SHI,R10SHI,C03532,E18067,H02115,,M24LFO,,,,S05NSH,,,,,,,231SSA,,,,,,,,
10043, -   , 5.757070 ,CTYLAK,FORLAK,T10SHI,R10SHI,C03532,E18067,H02115,,M24LFO,,,,S05NSH,,,,,,,230SSA,,,,,,,,
10044," 10,286,205 ", 5.757070 ,CTYLAK,FORLAK,T10SHI,R10SHI,C03532,E18067,H02115,,M24LFO,,,,S05NSH,,,,,,,233SSA,,,,,,,,
10045," 2,276,092 ", 5.757070 ,CTYLAK,FORLAK,T10SHI,R10SHI,C03532,E18067,H02115,,M24LFO,,,,S05NSH,,,,,,,234SSA,,,,,,,,
10046, -   , 5.757070 ,CTYLAK,FORLAK,T10SHI,R10SHI,C03532,E18067,H02115,,M24LFO,,,,S05NSH,,,,,,,242SSA,246SSA,,,,,,,
10047, -   , 5.757070 ,CTYLAK,FORLAK,T10SHI,R10SHI,C03532,E18067,H02115,,M24LFO,,,,S05NSH,,,,,,,232SSA,,,,,,,,
10048," 19,914,062 ", 8.875146 ,CTYLAK,FORLAK,T10SHI,R10SHI,C03532,,,U05187,,,,P06FOS,S05NSH,,,,,,,,,,,B04NCH,,,,
10049, -   , 8.675160 ,CTYLAK,FORLAK,T10SHI,R10SHI,C03532,,,U05187,,,,P12LBL,S05NSH,,,,,,,,,,,B04NCH,,,,
10050, -   , 5.757070 ,CTYLAK,FORLAK,T10SHI,R10SHI,C03532,E18067,H02115,,M24LFO,,,,S05NSH,,,,,,,238SSA,,,,,,,,
10052, -   , 7.395771 ,CTYLAK,FORLAK,T10SHI,R10SHI,C03532,E17065,H02115,,M24LFO,,,P12LBL,S05NSH,,Q01LBL,,WTRCLC,,,238SSA,,,,B16CLC,,,,
10053, -   , 13.365159 ,CTYLAK,FORLAK,T10SHI,R10SHI,C03532,,,U05187,M35NCH,,,P06FOS,S05NSH,,,,,X31TIF,X33TIF,,,,,B04NCH,,,,
10054, -   , 11.419717 ,CTYLAK,FORLAK,T10SHI,R10SHI,C03532,E17065,H02115,,M35NCH,F20ROC,,P12LBL,S05NSH,,Q01LBL,,,,,,,,,B04NCH,,,,
10055," 1,610 ", 13.365159 ,CTYLAK,FORLAK,T10SHI,R10SHI,C03532,,,U05187,M35NCH,,,P06FOS,S05NSH,,,,,X31TIF,,,,,,B04NCH,,,,
10056," 1,953,325 ", 5.757070 ,CTYLAK,FORLAK,T10SHI,R10SHI,C03532,E18067,H02115,,M24LFO,,,,S05NSH,,,,,,,239SSA,,,,,,,,
10057, -   , 14.046270 ,CTYLAK,FORLAK,T10SHI,R10SHI,C03532,,,U05187,M35NCH,F20ROC,,P06FOS,S05NSH,,,,,,,,,,,B04NCH,,,,
10058, -   , 13.846284 ,CTYLAK,FORLAK,T10SHI,R10SHI,C03532,,,U05187,M35NCH,F20ROC,,P12LBL,S05NSH,,Q01LBL,,,,,,,,,B04NCH,,,,
10059, -   , 5.757070 ,CTYLAK,FORLAK,T10SHI,R10SHI,C03532,E18067,H02115,,M24LFO,,,,S05NSH,,,,,,,246SSA,,,,,,,,
10060," 770,456 ", 6.266826 ,CTYLAK,FORLAK,T10SHI,R10SHI,C03532,E18067,H02115,,M24LFO,,,,S05NSH,,,,,,,240SSA,,,,,,,,
10061," 90,630 ", 5.757070 ,CTYLAK,FORLAK,T10SHI,R10SHI,C03532,E18067,H02115,,M24LFO,,,,S05NSH,,,,,X20TIF,,,,,,,,,,
10062," 4,808,257 ", 5.757070 ,CTYLAK,FORLAK,T10SHI,R10SHI,C03532,E18067,H02115,,M24LFO,,,,S05NSH,,,,,,,241SSA,,,,,,,,
10063," 13,261,072 ", 13.365159 ,CTYLAK,FORLAK,T10SHI,R10SHI,C03532,,,U05187,M35NCH,,,P06FOS,S05NSH,,,,,X32TIF,,,,,,B04NCH,,,,
10064," 1,814,395 ", 10.738606 ,CTYLAK,FORLAK,T10SHI,R10SHI,C03532,E17065,H02115,,M35NCH,,,P12LBL,S05NSH,,Q01LBL,,,X32TIF,,,,,,B04NCH,,,,
10065," 2,613,839 ", 13.165173 ,CTYLAK,FORLAK,T10SHI,R10SHI,C03532,,,U05187,M35NCH,,,P12LBL,S05NSH,,Q01LBL,,,X32TIF,,,,,,B04NCH,,,,
10066, -   , 13.165173 ,CTYLAK,FORLAK,T10SHI,R10SHI,C03532,,,U05187,M35NCH,,,P12LBL,S05NSH,,Q01LBL,,WTRCLC,X32TIF,,,,,,B04NCH,B16CLC,,,
10067, -   , 10.738606 ,CTYLAK,FORLAK,T10SHI,R10SHI,C03532,E17065,H02115,,M35NCH,,,P12LBL,S05NSH,,Q01LBL,,WTRCLC,X32TIF,,,,,,B04NCH,B16CLC,,,
11002, -   , 9.358557 ,CTYLAK,FORLAK,T11LIB,R11LIB,C03532,E22073,H04120,,M33MUN,,L04CME,,,,,,WTRCLC,,,,,,,B16CLC,B17MU2,,,
11003," 113,833,133 ", 9.822700 ,CTYLAK,FORLAK,T11LIB,R11LIB,C03532,E22073,H04120,,M33MUN,,L04CME,P15MUN,,,,,WTRCLC,,,,,,,B15MUN,B16CLC,B17MU2,,
11004, -   , 10.641231 ,CTYLAK,FORLAK,T11LIB,R11LIB,C03532,E23075,H04120,,M33MUN,,L04CME,P15MUN,,,,,WTRCLC,,,,,,,B15MUN,B16CLC,B17MU2,,
11005," 55,060,084 ", 10.568198 ,CTYLAK,FORLAK,T11LIB,R11LIB,C03532,E24076,H04120,,M33MUN,,L04CME,P15MUN,,,,,WTRCLC,,,,,,,B15MUN,B16CLC,B17MU2,,
11007," 517,387 ", 6.367512 ,CTYLAK,FORLAK,T11LIB,R11LIB,C03532,E21072,H10128,,,F15LIB,L04CME,,S05NSH,,,,,,,,,,,,,,,
11008, -   , 6.461547 ,CTYLAK,FORLAK,T11LIB,R11LIB,C03532,E21072,H10128,,M32MET,F15LIB,L04CME,,S05NSH,,,,,,,,,,,,,,,
11009, -   , 8.904924 ,CTYLAK,FORLAK,T11LIB,R11LIB,C03532,E22073,H04120,,,F07COU,L04CME,P15MUN,,,,,,,,,,,,B09COU,B15MUN,,,
11010, -   , 6.244858 ,CTYLAK,FORLAK,T11LIB,R11LIB,C03532,E17065,H02115,,,F15LIB,L04CME,,S05NSH,,Q01LBL,,,,,,,,,,,,,
11011, -   , 8.833066 ,CTYLAK,FORLAK,T11LIB,R11LIB,C03532,E22073,H10128,,M49VHI,F15LIB,L04CME,P18VHI,,,,,WTRCLC,,,,,,,B16CLC,,,,
11012," 461,160,471 ", 8.966419 ,CTYLAK,FORLAK,T11LIB,R11LIB,C03532,E22073,H10128,,M49VHI,F07COU,L04CME,P18VHI,,,,,WTRCLC,,,,,,,B09COU,B16CLC,,,
11013, -   , 8.966419 ,CTYLAK,FORLAK,T11LIB,R11LIB,C03532,E22073,H10128,,,F07COU,L04CME,P18VHI,,,,,,,,,,,,B09COU,,,,
11014, -   , 6.367512 ,CTYLAK,FORLAK,T11LIB,R11LIB,C03532,E21072,H10128,,,F15LIB,L04CME,,S05NSH,,Q01LBL,,,,,,,,,,,,,
11017, -   , 8.440781 ,CTYLAK,FORLAK,T11LIB,R11LIB,C03532,E22073,H04120,,,F07COU,L04CME,,,,,,,,,,,,,B09COU,,,,
11018," 966,026 ", 10.379531 ,CTYLAK,FORLAK,T11LIB,R11LIB,C03532,E20070,H10128,,M52WAK,,,P20WAK,,,,PORWAK,,,,,,,,,,,,
11020," 5,903,343 ", 9.650422 ,CTYLAK,FORLAK,T11LIB,R11LIB,C03532,E24076,H04120,,,F07COU,L04CME,P15MUN,,,,,,,,,,,,B09COU,B15MUN,,,
11024," 610,943 ", 8.920479 ,CTYLAK,FORLAK,T11LIB,R11LIB,C03532,E20070,H04120,,M33MUN,,L04CME,P15MUN,,,,,WTRCLC,,,,,,,B15MUN,B16CLC,B17MU2,,
11033, -   , 6.087803 ,CTYLAK,FORLAK,T11LIB,R11LIB,C03532,E17065,H02115,,,F15LIB,L04CME,,,,Q01LBL,,,,,,,,,,,,,
11037," 38,393,011 ", 10.273569 ,CTYLAK,FORLAK,T11LIB,R11LIB,C03532,E19068,H10128,,M52WAK,,,P20WAK,,,,PORWAK,,,,,,,,,,,,
11038," 960,730,410 ", 7.714108 ,CTYLAK,FORLAK,T11LIB,R11LIB,C03532,E20070,H10128,,M28LIB,,L04CME,,,,,,WTRCLC,,,,,,,B16CLC,,,,
11039," 111,521,638 ", 7.548216 ,CTYLAK,FORLAK,T11LIB,R11LIB,C03532,E19068,H10128,,,F15LIB,L04CME,,S05NSH,,,,,,,,,,,,,,,
11040," 11,488,746 ", 7.391161 ,CTYLAK,FORLAK,T11LIB,R11LIB,C03532,E19068,H10128,,,F15LIB,L04CME,,,,,,,,,,,,,,,,,
11041," 65,072,628 ", 7.497123 ,CTYLAK,FORLAK,T11LIB,R11LIB,C03532,E20070,H10128,,,F15LIB,L04CME,,,,,,,,,,,,,,,,,
11042," 831,174 ", 7.591158 ,CTYLAK,FORLAK,T11LIB,R11LIB,C03532,E20070,H10128,,M32MET,F15LIB,L04CME,,,,,,,,,,,,,,,,,
11043," 115,532 ", 6.210457 ,CTYLAK,FORLAK,T11LIB,R11LIB,C03532,E21072,H10128,,,F15LIB,L04CME,,,,,,,,,,,,,,,,,
11044, -   , 8.399344 ,CTYLAK,FORLAK,T11LIB,R11LIB,C03532,E22073,H10128,,,F15LIB,L04CME,,,,,,,,,,,,,,,,,
11045," 10,888,536 ", 8.493379 ,CTYLAK,FORLAK,T11LIB,R11LIB,C03532,E22073,H10128,,M32MET,F15LIB,L04CME,,,,,,,,,,,,,,,,,
11046," 5,019,738 ", 6.304492 ,CTYLAK,FORLAK,T11LIB,R11LIB,C03532,E21072,H10128,,M32MET,F15LIB,L04CME,,,,,,,,,,,,,,,,,
11047, -   , 8.532697 ,CTYLAK,FORLAK,T11LIB,R11LIB,C03532,E22073,H10128,,,F07COU,L04CME,,,,,,,,,,,,,B09COU,,,,
11048," 712,327 ", 7.595273 ,CTYLAK,FORLAK,T11LIB,R11LIB,C03532,E20070,H10128,,M13GOA,F15LIB,L04CME,,,,,,,,,,,,,,,,,
11049, -   , 7.766587 ,CTYLAK,FORLAK,T11LIB,R11LIB,C03532,E19068,H10128,,,F20ROC,L04CME,,S05NSH,,Q01LBL,,,,,,,,,,,,,
11050," 47,443,806 ", 9.914616 ,CTYLAK,FORLAK,T11LIB,R11LIB,C03532,E22073,H10128,,M33MUN,,L04CME,P15MUN,,,,,WTRCLC,,,,,,,B15MUN,B16CLC,B17MU2,,
11051," 152,808,722 ", 7.489311 ,CTYLAK,FORLAK,T11LIB,R11LIB,C03532,E19068,H10128,,M13GOA,F15LIB,L04CME,,,,,,,,,,,,,,,,,
11052, -   , 6.210457 ,CTYLAK,FORLAK,T11LIB,R11LIB,C03532,E21072,H10128,,,F15LIB,L04CME,,,,Q01LBL,,,,,,,,,,,,,
11053, -   , 7.391161 ,CTYLAK,FORLAK,T11LIB,R11LIB,C03532,E19068,H10128,,,F15LIB,L04CME,,,,Q01LBL,,,,,,,,,,,,,
11054," 39,001,502 ", 7.548216 ,CTYLAK,FORLAK,T11LIB,R11LIB,C03532,E19068,H10128,,,F15LIB,L04CME,,S05NSH,,Q01LBL,,,,,,,,,,,,,
11055," 191,387,363 ", 8.616329 ,CTYLAK,FORLAK,T11LIB,R11LIB,C03532,E22073,H10128,,M28LIB,,L04CME,,,,,,WTRCLC,,,,,,,B16CLC,,,,
11056," 4,250,099 ", 6.308607 ,CTYLAK,FORLAK,T11LIB,R11LIB,C03532,E21072,H10128,,M13GOA,F15LIB,L04CME,,,,,,,,,,,,,,,,,
11057," 30,572,190 ", 7.622192 ,CTYLAK,FORLAK,T11LIB,R11LIB,C03532,E20070,H04120,,M28LIB,,L04CME,,,,,,WTRCLC,,,,,,,B16CLC,,,,
11058, -   , 11.606428 ,CTYLAK,FORLAK,T11LIB,R11LIB,C03532,E19068,H10128,,M35NCH,,,,S05NSH,,,,,,,,,,,B04NCH,,,,
11059, -   , 11.449373 ,CTYLAK,FORLAK,T11LIB,R11LIB,C03532,E19068,H10128,,M35NCH,,,,,,,,,,,,,,,B04NCH,,,,
11060," 1,103,235 ", 11.606428 ,CTYLAK,FORLAK,T11LIB,R11LIB,C03532,E19068,H10128,,M35NCH,,,,S05NSH,,Q01LBL,,,,,,,,,B04NCH,,,,
11061, -   , 6.244858 ,CTYLAK,FORLAK,T11LIB,R11LIB,C03532,E17065,H02115,,,F15LIB,L04CME,,S05NSH,,Q01LBL,,,,,,,,,,,,,
11062, -   , 7.489311 ,CTYLAK,FORLAK,T11LIB,R11LIB,C03532,E19068,H10128,,M13GOA,F15LIB,L04CME,,,,,,,,,170SSA,,,,,,,,
11063, -   , 8.424479 ,CTYLAK,FORLAK,T11LIB,R11LIB,C03532,E19068,H10128,,,F15LIB,L04CME,P20WAK,S05NSH,,,,,,,,,,,,,,,
11064, -   , 8.267424 ,CTYLAK,FORLAK,T11LIB,R11LIB,C03532,E19068,H10128,,,F15LIB,L04CME,P20WAK,,,,,,,,,,,,,,,,
11065, -   , 10.568198 ,CTYLAK,FORLAK,T11LIB,R11LIB,C03532,E24076,H04120,,M33MUN,,L04CME,P15MUN,,,,,WTRCLC,,,,,,,B15MUN,B16CLC,B17MU2,,
11066, -   , 6.463229 ,CTYLAK,FORLAK,T11LIB,R11LIB,C03532,E17065,H02115,,,F20ROC,L04CME,,S05NSH,,Q01LBL,,,,,,,,,,,,,
11067," 386,240 ", 9.397306 ,CTYLAK,FORLAK,T11LIB,R11LIB,C03532,E19068,H10128,,M52WAK,,,,,,,PORWAK,,,,,,,,,,,,
11068, -   , 8.995646 ,CTYLAK,FORLAK,T11LIB,R11LIB,C03532,E20070,H10128,,M45RLP,F15LIB,L04CME,,,,,,WTRCLC,,,,,,,B16CLC,,,,
11069," 57,528,018 ", 10.713713 ,CTYLAK,FORLAK,T11LIB,R11LIB,C03532,E23075,H04120,,M33MUN,,L07FRE,P15MUN,,,,,WTRCLC,,,,,,,B15MUN,B16CLC,B17MU2,,
11070," 26,613,634 ", 10.640680 ,CTYLAK,FORLAK,T11LIB,R11LIB,C03532,E24076,H04120,,M33MUN,,L07FRE,P15MUN,,,,,WTRCLC,,,,,,,B15MUN,B16CLC,B17MU2,,
11071, -   , 8.548252 ,CTYLAK,FORLAK,T11LIB,R11LIB,C03532,E20070,H10128,,M33MUN,,L04CME,,,,,,WTRCLC,,,,,,,B16CLC,B17MU2,,,
11072, -   , 8.456336 ,CTYLAK,FORLAK,T11LIB,R11LIB,C03532,E20070,H04120,,M33MUN,,L04CME,,,,,,WTRCLC,,,,,,,B16CLC,B17MU2,,,
11073, -   , 9.503268 ,CTYLAK,FORLAK,T11LIB,R11LIB,C03532,E20070,H10128,,M52WAK,,,,,,,,,,,,,,,,,,,
11074," 75,767,323 ", 10.430624 ,CTYLAK,FORLAK,T11LIB,R11LIB,C03532,E19068,H10128,,M52WAK,,,P20WAK,S05NSH,,,PORWAK,,,,,,,,,,,,
11075," 10,890,060 ", 7.714108 ,CTYLAK,FORLAK,T11LIB,R11LIB,C03532,E20070,H10128,,M28LIB,,L04CME,,,,,,WTRCLC,X18TIF,,,,,,B16CLC,,,,
11076, -   , 8.365574 ,CTYLAK,FORLAK,T11LIB,R11LIB,C03532,E19068,H10128,,M13GOA,F15LIB,L04CME,P20WAK,,,,,,,,,,,,,,,,
11077, -   , 9.450473 ,CTYLAK,FORLAK,T11LIB,R11LIB,C03532,E22073,H10128,,M33MUN,,L04CME,,,,,,WTRCLC,,,,,,,B16CLC,B17MU2,,,
11078, -   , 7.646366 ,CTYLAK,FORLAK,T11LIB,R11LIB,C03532,E19068,H10128,,M13GOA,F15LIB,L04CME,,S05NSH,,,,,,,,,,,,,,,
11079, -   , 6.465662 ,CTYLAK,FORLAK,T11LIB,R11LIB,C03532,E21072,H10128,,M13GOA,F15LIB,L04CME,,S05NSH,,,,,,,,,,,,,,,
11080, -   , 8.532697 ,CTYLAK,FORLAK,T11LIB,R11LIB,C03532,E22073,H10128,,M49VHI,F07COU,L04CME,,,,,,WTRCLC,,,,,,,B09COU,B16CLC,,,
11081, -   , 8.399344 ,CTYLAK,FORLAK,T11LIB,R11LIB,C03532,E22073,H10128,,M49VHI,F15LIB,L04CME,,,,,,WTRCLC,,,,,,,B16CLC,,,,
11082, -   , 8.440781 ,CTYLAK,FORLAK,T11LIB,R11LIB,C03532,E22073,H04120,,M49VHI,F07COU,L04CME,,,,,,WTRCLC,,,,,,,B09COU,B16CLC,,,
11083," 434,898 ", 6.925834 ,CTYLAK,FORLAK,T11LIB,R11LIB,C03532,E21072,H10128,,M24LFO,,,,,,,,,,,,,,,,,,,
11084," 32,071,666 ", 6.367512 ,CTYLAK,FORLAK,T11LIB,R11LIB,C03532,E21072,H10128,,,F15LIB,L04CME,,S05NSH,,,,WTRCLC,,,,,,,B16CLC,,,,
11085," 126,487 ", 6.461547 ,CTYLAK,FORLAK,T11LIB,R11LIB,C03532,E21072,H10128,,M32MET,F15LIB,L04CME,,S05NSH,,,,WTRCLC,,,,,,,B16CLC,,,,
11086, -   , 6.367512 ,CTYLAK,FORLAK,T11LIB,R11LIB,C03532,E21072,H10128,,,F15LIB,L04CME,,S05NSH,,Q01LBL,,WTRCLC,,,,,,,B16CLC,,,,
11087," 21,144 ", 6.087803 ,CTYLAK,FORLAK,T11LIB,R11LIB,C03532,E17065,H02115,,,F15LIB,L04CME,,,,Q01LBL,,WTRCLC,,,,,,,B16CLC,,,,
11088, -   , 7.548216 ,CTYLAK,FORLAK,T11LIB,R11LIB,C03532,E19068,H10128,,,F15LIB,L04CME,,S05NSH,,,,WTRCLC,,,,,,,B16CLC,,,,
11089," 44,815,572 ", 7.391161 ,CTYLAK,FORLAK,T11LIB,R11LIB,C03532,E19068,H10128,,,F15LIB,L04CME,,,,,,WTRCLC,,,,,,,B16CLC,,,,
11090," 26,173,626 ", 6.210457 ,CTYLAK,FORLAK,T11LIB,R11LIB,C03532,E21072,H10128,,,F15LIB,L04CME,,,,,,WTRCLC,,,,,,,B16CLC,,,,
11091," 25,975,672 ", 6.304492 ,CTYLAK,FORLAK,T11LIB,R11LIB,C03532,E21072,H10128,,M32MET,F15LIB,L04CME,,,,,,WTRCLC,,,,,,,B16CLC,,,,
11092, -   , 7.766587 ,CTYLAK,FORLAK,T11LIB,R11LIB,C03532,E19068,H10128,,,F20ROC,L04CME,,S05NSH,,Q01LBL,,WTRCLC,,,,,,,B16CLC,,,,
11093," 9,013,929 ", 7.489311 ,CTYLAK,FORLAK,T11LIB,R11LIB,C03532,E19068,H10128,,M13GOA,F15LIB,L04CME,,,,,,WTRCLC,,,,,,,B16CLC,,,,
11094, -   , 6.210457 ,CTYLAK,FORLAK,T11LIB,R11LIB,C03532,E21072,H10128,,,F15LIB,L04CME,,,,Q01LBL,,WTRCLC,,,,,,,B16CLC,,,,
11095," 525,558 ", 7.548216 ,CTYLAK,FORLAK,T11LIB,R11LIB,C03532,E19068,H10128,,,F15LIB,L04CME,,S05NSH,,Q01LBL,,WTRCLC,,,,,,,B16CLC,,,,
11096," 14,200,084 ", 6.308607 ,CTYLAK,FORLAK,T11LIB,R11LIB,C03532,E21072,H10128,,M13GOA,F15LIB,L04CME,,,,,,WTRCLC,,,,,,,B16CLC,,,,
11097," 554,828 ", 6.244858 ,CTYLAK,FORLAK,T11LIB,R11LIB,C03532,E17065,H02115,,,F15LIB,L04CME,,S05NSH,,Q01LBL,,WTRCLC,,,,,,,B16CLC,,,,
11098, -   , 7.646366 ,CTYLAK,FORLAK,T11LIB,R11LIB,C03532,E19068,H10128,,M13GOA,F15LIB,L04CME,,S05NSH,,,,WTRCLC,,,,,,,B16CLC,,,,
11099," 36,711,828 ", 6.465662 ,CTYLAK,FORLAK,T11LIB,R11LIB,C03532,E21072,H10128,,M13GOA,F15LIB,L04CME,,S05NSH,,,,WTRCLC,,,,,,,B16CLC,,,,
11100," 6,730,550 ", 6.463229 ,CTYLAK,FORLAK,T11LIB,R11LIB,C03532,E17065,H02115,,,F20ROC,L04CME,,S05NSH,,Q01LBL,,WTRCLC,,,,,,,B16CLC,,,,
11101," 14,491,916 ", 7.497123 ,CTYLAK,FORLAK,T11LIB,R11LIB,C03532,E20070,H10128,,,F15LIB,L04CME,,,,,,WTRCLC,,,,,,,B16CLC,,,,
11102," 872,821 ", 8.874503 ,CTYLAK,FORLAK,T11LIB,R11LIB,C03532,E22073,H04120,,M49VHI,F07COU,L04CME,P18VHI,,,,,WTRCLC,,,,,,,B09COU,B16CLC,,,
11103," 14,598,197 ", 12.298583 ,CTYLAK,FORLAK,T11LIB,R11LIB,C03532,E19068,H10128,,M35NCH,,,P06FOS,S05NSH,,,,,,,,,,,B04NCH,,,,
11104," 26,119,750 ", 12.298583 ,CTYLAK,FORLAK,T11LIB,R11LIB,C03532,E19068,H10128,,M35NCH,,,P06FOS,S05NSH,,Q01LBL,,,,,,,,,B04NCH,,,,
11105, -   , 6.308607 ,CTYLAK,FORLAK,T11LIB,R11LIB,C03532,E21072,H10128,,M13GOA,F15LIB,L04CME,,,,,,,,,171SSA,,,,,,,,
11106, -   , 6.308607 ,CTYLAK,FORLAK,T11LIB,R11LIB,C03532,E21072,H10128,,M13GOA,F15LIB,L04CME,,,,,,WTRCLC,,,171SSA,,,,B16CLC,,,,
11107, -   , 7.595273 ,CTYLAK,FORLAK,T11LIB,R11LIB,C03532,E20070,H10128,,M13GOA,F15LIB,L04CME,,,,,,,,,171SSA,,,,,,,,
11108, -   , 11.606428 ,CTYLAK,FORLAK,T11LIB,R11LIB,C03532,E19068,H10128,,M35NCH,,,,S05NSH,,Q01LBL,,WTRCLC,,,,,,,B04NCH,B16CLC,,,
11109, -   , 8.373386 ,CTYLAK,FORLAK,T11LIB,R11LIB,C03532,E20070,H10128,,,F15LIB,L04CME,P20WAK,,,,,,,,,,,,,,,,
11110, -   , 6.465662 ,CTYLAK,FORLAK,T11LIB,R11LIB,C03532,E21072,H10128,,M13GOA,F15LIB,L04CME,,S05NSH,,Q01LBL,,WTRCLC,,,,,,,B16CLC,,,,
11111, -   , 6.465662 ,CTYLAK,FORLAK,T11LIB,R11LIB,C03532,E21072,H10128,,M13GOA,F15LIB,L04CME,,S05NSH,,Q01LBL,,,,,,,,,,,,,
11112, -   , 7.646366 ,CTYLAK,FORLAK,T11LIB,R11LIB,C03532,E19068,H10128,,M13GOA,F15LIB,L04CME,,S05NSH,,Q01LBL,,WTRCLC,,,,,,,B16CLC,,,,
11113, -   , 6.427442 ,CTYLAK,FORLAK,T11LIB,R11LIB,C03532,E21072,H10128,,M28LIB,,L04CME,,,,,,WTRCLC,,,,,,,B16CLC,,,,
11114, -   , 8.966419 ,CTYLAK,FORLAK,T11LIB,R11LIB,C03532,E22073,H10128,,M49VHI,F07COU,L04CME,P18VHI,,,,,WTRCLC,,,385SSA,,,,B09COU,B16CLC,,,
11115, -   , 8.966419 ,CTYLAK,FORLAK,T11LIB,R11LIB,C03532,E22073,H10128,,M49VHI,F07COU,L04CME,P18VHI,,,,,WTRCLC,,,386SSA,,,,B09COU,B16CLC,,,
11116, -   , 8.966419 ,CTYLAK,FORLAK,T11LIB,R11LIB,C03532,E22073,H10128,,M49VHI,F07COU,L04CME,P18VHI,,,,,WTRCLC,,,387SSA,,,,B09COU,B16CLC,,,
11117, -   , 8.966419 ,CTYLAK,FORLAK,T11LIB,R11LIB,C03532,E22073,H10128,,M49VHI,F07COU,L04CME,P18VHI,,,,,WTRCLC,,,388SSA,,,,B09COU,B16CLC,,,
11118, -   , 10.273569 ,CTYLAK,FORLAK,T11LIB,R11LIB,C03532,E19068,H10128,,M52WAK,,,P20WAK,,,,,,,,407SSA,,,,,,,,
11119, -   , 7.489311 ,CTYLAK,FORLAK,T11LIB,R11LIB,C03532,E19068,H10128,,M13GOA,F15LIB,L04CME,,,,,,,,,172SSA,,,,,,,,
11120, -   , 10.273569 ,CTYLAK,FORLAK,T11LIB,R11LIB,C03532,E19068,H10128,,M52WAK,,,P20WAK,,,,,,,,406SSA,,,,,,,,
11121, -   , 7.489311 ,CTYLAK,FORLAK,T11LIB,R11LIB,C03532,E19068,H10128,,M13GOA,F15LIB,L04CME,,,,,,,,,173SSA,,,,,,,,
11122, -   , 7.489311 ,CTYLAK,FORLAK,T11LIB,R11LIB,C03532,E19068,H10128,,M13GOA,F15LIB,L04CME,,,,,,,,,172SSA,173SSA,,,,,,,
11123, -   , 7.489311 ,CTYLAK,FORLAK,T11LIB,R11LIB,C03532,E19068,H10128,,M13GOA,F15LIB,L04CME,,,,,,,,,170SSA,173SSA,,,,,,,
11124, -   , 8.056811 ,CTYLAK,FORLAK,T11LIB,R11LIB,C03532,E20070,H10128,,M12GRA,F15LIB,L04CME,,,,,,WTRCLC,,,,,,,B16CLC,,,,
11125, -   , 12.298583 ,CTYLAK,FORLAK,T11LIB,R11LIB,C03532,E19068,H10128,,M35NCH,,,P06FOS,S05NSH,,Q01LBL,,WTRCLC,,,,,,,B04NCH,B16CLC,,,
11126," 13,411,930 ", 7.871729 ,CTYLAK,FORLAK,T11LIB,R11LIB,C03532,E20070,H10128,,M28LIB,,L04CME,,,,,,WTRCLC,,,223SSA,,,,B16CLC,,,,
11127, -   , 8.904924 ,CTYLAK,FORLAK,T11LIB,R11LIB,C03532,E22073,H04120,,M49VHI,F07COU,L04CME,P15MUN,,,,,WTRCLC,,,,,,,B09COU,B15MUN,B16CLC,,
11128, -   , 6.308607 ,CTYLAK,FORLAK,T11LIB,R11LIB,C03532,E21072,H10128,,M13GOA,F15LIB,L04CME,,,,Q01LBL,,WTRCLC,,,,,,,B16CLC,,,,
11129," 85,769,302 ", 7.082889 ,CTYLAK,FORLAK,T11LIB,R11LIB,C03532,E21072,H10128,,M24LFO,,,,S05NSH,,,,,,,,,,,,,,,
11130, -   , 7.489311 ,CTYLAK,FORLAK,T11LIB,R11LIB,C03532,E19068,H10128,,M13GOA,F15LIB,L04CME,,,,,,,,,174SSA,,,,,,,,
11131," 1,851,987 ", 9.895182 ,CTYLAK,FORLAK,T11LIB,R11LIB,C03532,E22073,H04120,,M33MUN,,L07FRE,P15MUN,,,,,WTRCLC,,,,,,,B15MUN,B16CLC,B17MU2,,
11132, -   , 7.489311 ,CTYLAK,FORLAK,T11LIB,R11LIB,C03532,E19068,H10128,,M13GOA,F15LIB,L04CME,,,,,,,,,175SSA,,,,,,,,
11133, -   , 6.308607 ,CTYLAK,FORLAK,T11LIB,R11LIB,C03532,E21072,H10128,,M13GOA,F15LIB,L04CME,,,,,,,,,176SSA,,,,,,,,
11134," 17,863,985 ", 7.714108 ,CTYLAK,FORLAK,T11LIB,R11LIB,C03532,E20070,H10128,,M28LIB,,L04CME,,,,,,WTRCLC,,,224SSA,,,,B16CLC,,,,
11135, -   , 6.971741 ,CTYLAK,FORLAK,T11LIB,R11LIB,C03532,E18067,H10128,,M24LFO,,,,S05NSH,,,,,,,,,,,,,,,
11136, -   , 6.814686 ,CTYLAK,FORLAK,T11LIB,R11LIB,C03532,E18067,H10128,,M24LFO,,,,,,,,,,,,,,,,,,,
11137," 38,179,427 ", 5.813703 ,CTYLAK,FORLAK,T11LIB,R11LIB,C03532,E18067,H02115,,M24LFO,,,,S05NSH,,,,,,,,,,,,,,,
11138, -   , 6.308607 ,CTYLAK,FORLAK,T11LIB,R11LIB,C03532,E21072,H10128,,M13GOA,F15LIB,L04CME,,,,,,WTRCLC,,,176SSA,,,,B16CLC,,,,
11139, -   , 8.874503 ,CTYLAK,FORLAK,T11LIB,R11LIB,C03532,E22073,H04120,,,F07COU,L04CME,P18VHI,,,,,,,,,,,,B09COU,,,,
11140, -   , 8.904924 ,CTYLAK,FORLAK,T11LIB,R11LIB,C03532,E22073,H04120,,,F07COU,L04CME,P15MUN,,,,,,,,,,,,B09COU,B15MUN,,,
11141, -   , 9.792279 ,CTYLAK,FORLAK,T11LIB,R11LIB,C03532,E22073,H04120,,M33MUN,,L04CME,P18VHI,,,,,WTRCLC,,,,,,,B16CLC,B17MU2,,,
11142, -   , 6.304492 ,CTYLAK,FORLAK,T11LIB,R11LIB,C03532,E21072,H10128,,M32MET,F15LIB,L04CME,,,,,,,,,330SSA,,,,,,,,
11143, -   , 6.474901 ,CTYLAK,FORLAK,T11LIB,R11LIB,C03532,E21072,H10128,,M32MET,F15LIB,L04CME,,,,,,,,,331SSA,,,,,,,,
11144, -   , 6.474901 ,CTYLAK,FORLAK,T11LIB,R11LIB,C03532,E21072,H10128,,M32MET,F15LIB,L04CME,,,,,,,,,330SSA,331SSA,,,,,,,
11145, -   , 6.639955 ,CTYLAK,FORLAK,T11LIB,R11LIB,C03532,E21072,H10128,,M32MET,F15LIB,L04CME,,S05NSH,,,,,,,332SSA,,,,,,,,
11146, -   , 6.482900 ,CTYLAK,FORLAK,T11LIB,R11LIB,C03532,E21072,H10128,,M32MET,F15LIB,L04CME,,,,,,,,,332SSA,,,,,,,,
11147," 7,101,418 ", 7.489311 ,CTYLAK,FORLAK,T11LIB,R11LIB,C03532,E19068,H10128,,M13GOA,F15LIB,L04CME,,,,,,,,,177SSA,,,,,,,,
11148, -   , 7.714108 ,CTYLAK,FORLAK,T11LIB,R11LIB,C03532,E20070,H10128,,M28LIB,,L04CME,,,,,,WTRCLC,,,225SSA,,,,B16CLC,,,,
11149, -   , 10.430624 ,CTYLAK,FORLAK,T11LIB,R11LIB,C03532,E19068,H10128,,M52WAK,,,P20WAK,S05NSH,,,,,,,406SSA,,,,,,,,
11150, -   , 6.639955 ,CTYLAK,FORLAK,T11LIB,R11LIB,C03532,E21072,H10128,,M32MET,F15LIB,L04CME,,S05NSH,,,,WTRCLC,,,332SSA,,,,B16CLC,,,,
11151, -   , 6.304492 ,CTYLAK,FORLAK,T11LIB,R11LIB,C03532,E21072,H10128,,M32MET,F15LIB,L04CME,,,,,,WTRCLC,,,330SSA,,,,B16CLC,,,,
11152, -   , 6.474901 ,CTYLAK,FORLAK,T11LIB,R11LIB,C03532,E21072,H10128,,M32MET,F15LIB,L04CME,,,,,,WTRCLC,,,330SSA,331SSA,,,B16CLC,,,,
11153," 40,960,424 ", 6.474901 ,CTYLAK,FORLAK,T11LIB,R11LIB,C03532,E21072,H10128,,M32MET,F15LIB,L04CME,,,,,,WTRCLC,,,331SSA,,,,B16CLC,,,,
11154," 5,464,527 ", 6.658255 ,CTYLAK,FORLAK,T11LIB,R11LIB,C03532,E21072,H10128,,M32MET,F15LIB,L04CME,,S05NSH,,,,WTRCLC,,,332SSA,333SSA,,,B16CLC,,,,
11155, -   , 7.489311 ,CTYLAK,FORLAK,T11LIB,R11LIB,C03532,E19068,H10128,,M13GOA,F15LIB,L04CME,,,,,,,,,178SSA,,,,,,,,
11156, -   , 7.595273 ,CTYLAK,FORLAK,T11LIB,R11LIB,C03532,E20070,H10128,,M13GOA,F15LIB,L04CME,,,,,,,,,178SSA,,,,,,,,
11157, -   , 6.308607 ,CTYLAK,FORLAK,T11LIB,R11LIB,C03532,E21072,H10128,,M13GOA,F15LIB,L04CME,,,,,,,,,178SSA,,,,,,,,
11158, -   , 9.113585 ,CTYLAK,FORLAK,T11LIB,R11LIB,C03532,E22073,H10128,,M32MET,F15LIB,L04CME,,,,,,WTRCLC,,,281SSA,304SSA,,,B16CLC,,,,
11159, -   , 9.113585 ,CTYLAK,FORLAK,T11LIB,R11LIB,C03532,E22073,H10128,,M32MET,F15LIB,L04CME,,,,,,WTRCLC,,,281SSA,305SSA,,,B16CLC,,,,
11160, -   , 9.113585 ,CTYLAK,FORLAK,T11LIB,R11LIB,C03532,E22073,H10128,,M32MET,F15LIB,L04CME,,,,,,WTRCLC,,,281SSA,306SSA,,,B16CLC,,,,
11161, -   , 9.113585 ,CTYLAK,FORLAK,T11LIB,R11LIB,C03532,E22073,H10128,,M32MET,F15LIB,L04CME,,,,,,WTRCLC,,,281SSA,307SSA,,,B16CLC,,,,
11162, -   , 9.113585 ,CTYLAK,FORLAK,T11LIB,R11LIB,C03532,E22073,H10128,,M32MET,F15LIB,L04CME,,,,,,WTRCLC,,,281SSA,308SSA,,,B16CLC,,,,
11163, -   , 9.113585 ,CTYLAK,FORLAK,T11LIB,R11LIB,C03532,E22073,H10128,,M32MET,F15LIB,L04CME,,,,,,WTRCLC,,,281SSA,309SSA,,,B16CLC,,,,
11164, -   , 9.113585 ,CTYLAK,FORLAK,T11LIB,R11LIB,C03532,E22073,H10128,,M32MET,F15LIB,L04CME,,,,,,WTRCLC,,,281SSA,310SSA,,,B16CLC,,,,
11165, -   , 9.113585 ,CTYLAK,FORLAK,T11LIB,R11LIB,C03532,E22073,H10128,,M32MET,F15LIB,L04CME,,,,,,WTRCLC,,,281SSA,311SSA,,,B16CLC,,,,
11166, -   , 9.113585 ,CTYLAK,FORLAK,T11LIB,R11LIB,C03532,E22073,H10128,,M32MET,F15LIB,L04CME,,,,,,WTRCLC,,,281SSA,312SSA,,,B16CLC,,,,
11167, -   , 9.113585 ,CTYLAK,FORLAK,T11LIB,R11LIB,C03532,E22073,H10128,,M32MET,F15LIB,L04CME,,,,,,WTRCLC,,,281SSA,313SSA,,,B16CLC,,,,
11168, -   , 9.113585 ,CTYLAK,FORLAK,T11LIB,R11LIB,C03532,E22073,H10128,,M32MET,F15LIB,L04CME,,,,,,WTRCLC,,,281SSA,314SSA,,,B16CLC,,,,
11169, -   , 9.113585 ,CTYLAK,FORLAK,T11LIB,R11LIB,C03532,E22073,H10128,,M32MET,F15LIB,L04CME,,,,,,WTRCLC,,,281SSA,315SSA,,,B16CLC,,,,
11170, -   , 9.113585 ,CTYLAK,FORLAK,T11LIB,R11LIB,C03532,E22073,H10128,,M32MET,F15LIB,L04CME,,,,,,WTRCLC,,,281SSA,316SSA,,,B16CLC,,,,
11171, -   , 9.113585 ,CTYLAK,FORLAK,T11LIB,R11LIB,C03532,E22073,H10128,,M32MET,F15LIB,L04CME,,,,,,WTRCLC,,,281SSA,317SSA,,,B16CLC,,,,
11172, -   , 9.113585 ,CTYLAK,FORLAK,T11LIB,R11LIB,C03532,E22073,H10128,,M32MET,F15LIB,L04CME,,,,,,WTRCLC,,,281SSA,318SSA,,,B16CLC,,,,
11173, -   , 9.113585 ,CTYLAK,FORLAK,T11LIB,R11LIB,C03532,E22073,H10128,,M32MET,F15LIB,L04CME,,,,,,WTRCLC,,,281SSA,319SSA,,,B16CLC,,,,
11174, -   , 9.113585 ,CTYLAK,FORLAK,T11LIB,R11LIB,C03532,E22073,H10128,,M32MET,F15LIB,L04CME,,,,,,WTRCLC,,,281SSA,320SSA,,,B16CLC,,,,
11175, -   , 9.113585 ,CTYLAK,FORLAK,T11LIB,R11LIB,C03532,E22073,H10128,,M32MET,F15LIB,L04CME,,,,,,WTRCLC,,,281SSA,321SSA,,,B16CLC,,,,
11176, -   , 9.113585 ,CTYLAK,FORLAK,T11LIB,R11LIB,C03532,E22073,H10128,,M32MET,F15LIB,L04CME,,,,,,WTRCLC,,,281SSA,322SSA,,,B16CLC,,,,
11177, -   , 9.113585 ,CTYLAK,FORLAK,T11LIB,R11LIB,C03532,E22073,H10128,,M32MET,F15LIB,L04CME,,,,,,WTRCLC,,,281SSA,323SSA,,,B16CLC,,,,
11178, -   , 9.113585 ,CTYLAK,FORLAK,T11LIB,R11LIB,C03532,E22073,H10128,,M32MET,F15LIB,L04CME,,,,,,WTRCLC,,,281SSA,324SSA,,,B16CLC,,,,
11179, -   , 9.113585 ,CTYLAK,FORLAK,T11LIB,R11LIB,C03532,E22073,H10128,,M32MET,F15LIB,L04CME,,,,,,WTRCLC,,,281SSA,325SSA,,,B16CLC,,,,
11180, -   , 9.113585 ,CTYLAK,FORLAK,T11LIB,R11LIB,C03532,E22073,H10128,,M32MET,F15LIB,L04CME,,,,,,WTRCLC,,,281SSA,326SSA,,,B16CLC,,,,
11181, -   , 9.113585 ,CTYLAK,FORLAK,T11LIB,R11LIB,C03532,E22073,H10128,,M32MET,F15LIB,L04CME,,,,,,WTRCLC,,,281SSA,327SSA,,,B16CLC,,,,
11182, -   , 9.113585 ,CTYLAK,FORLAK,T11LIB,R11LIB,C03532,E22073,H10128,,M32MET,F15LIB,L04CME,,,,,,WTRCLC,,,281SSA,328SSA,,,B16CLC,,,,
11183, -   , 9.113585 ,CTYLAK,FORLAK,T11LIB,R11LIB,C03532,E22073,H10128,,M32MET,F15LIB,L04CME,,,,,,WTRCLC,,,281SSA,329SSA,,,B16CLC,,,,
11184, -   , 9.113585 ,CTYLAK,FORLAK,T11LIB,R11LIB,C03532,E22073,H10128,,M32MET,F15LIB,L04CME,,,,,,WTRCLC,,,266SSA,281SSA,,,B16CLC,,,,
11185, -   , 9.113585 ,CTYLAK,FORLAK,T11LIB,R11LIB,C03532,E22073,H10128,,M32MET,F15LIB,L04CME,,,,,,WTRCLC,,,267SSA,281SSA,,,B16CLC,,,,
11186, -   , 9.113585 ,CTYLAK,FORLAK,T11LIB,R11LIB,C03532,E22073,H10128,,M32MET,F15LIB,L04CME,,,,,,WTRCLC,,,268SSA,281SSA,,,B16CLC,,,,
11187, -   , 9.113585 ,CTYLAK,FORLAK,T11LIB,R11LIB,C03532,E22073,H10128,,M32MET,F15LIB,L04CME,,,,,,WTRCLC,,,269SSA,281SSA,,,B16CLC,,,,
11188, -   , 9.113585 ,CTYLAK,FORLAK,T11LIB,R11LIB,C03532,E22073,H10128,,M32MET,F15LIB,L04CME,,,,,,WTRCLC,,,270SSA,281SSA,,,B16CLC,,,,
11189, -   , 9.113585 ,CTYLAK,FORLAK,T11LIB,R11LIB,C03532,E22073,H10128,,M32MET,F15LIB,L04CME,,,,,,WTRCLC,,,271SSA,281SSA,,,B16CLC,,,,
11190, -   , 9.113585 ,CTYLAK,FORLAK,T11LIB,R11LIB,C03532,E22073,H10128,,M32MET,F15LIB,L04CME,,,,,,WTRCLC,,,272SSA,281SSA,,,B16CLC,,,,
11191, -   , 9.113585 ,CTYLAK,FORLAK,T11LIB,R11LIB,C03532,E22073,H10128,,M32MET,F15LIB,L04CME,,,,,,WTRCLC,,,273SSA,281SSA,,,B16CLC,,,,
11192, -   , 9.113585 ,CTYLAK,FORLAK,T11LIB,R11LIB,C03532,E22073,H10128,,M32MET,F15LIB,L04CME,,,,,,WTRCLC,,,274SSA,281SSA,,,B16CLC,,,,
11193, -   , 9.113585 ,CTYLAK,FORLAK,T11LIB,R11LIB,C03532,E22073,H10128,,M32MET,F15LIB,L04CME,,,,,,WTRCLC,,,275SSA,281SSA,,,B16CLC,,,,
11194, -   , 9.113585 ,CTYLAK,FORLAK,T11LIB,R11LIB,C03532,E22073,H10128,,M32MET,F15LIB,L04CME,,,,,,WTRCLC,,,276SSA,281SSA,,,B16CLC,,,,
11195, -   , 9.113585 ,CTYLAK,FORLAK,T11LIB,R11LIB,C03532,E22073,H10128,,M32MET,F15LIB,L04CME,,,,,,WTRCLC,,,277SSA,281SSA,,,B16CLC,,,,
11196, -   , 9.113585 ,CTYLAK,FORLAK,T11LIB,R11LIB,C03532,E22073,H10128,,M32MET,F15LIB,L04CME,,,,,,WTRCLC,,,278SSA,281SSA,,,B16CLC,,,,
11197, -   , 9.113585 ,CTYLAK,FORLAK,T11LIB,R11LIB,C03532,E22073,H10128,,M32MET,F15LIB,L04CME,,,,,,WTRCLC,,,279SSA,281SSA,,,B16CLC,,,,
11198," 4,675,870 ", 9.113585 ,CTYLAK,FORLAK,T11LIB,R11LIB,C03532,E22073,H10128,,M32MET,F15LIB,L04CME,,,,,,WTRCLC,,,281SSA,,,,B16CLC,,,,
11199, -   , 8.493379 ,CTYLAK,FORLAK,T11LIB,R11LIB,C03532,E22073,H10128,,M32MET,F15LIB,L04CME,,,,,,,,,303SSA,,,,,,,,
11200, -   , 8.493379 ,CTYLAK,FORLAK,T11LIB,R11LIB,C03532,E22073,H10128,,M32MET,F15LIB,L04CME,,,,,,,,,302SSA,,,,,,,,
11201, -   , 8.493379 ,CTYLAK,FORLAK,T11LIB,R11LIB,C03532,E22073,H10128,,M32MET,F15LIB,L04CME,,,,,,,,,301SSA,,,,,,,,
11202, -   , 8.493379 ,CTYLAK,FORLAK,T11LIB,R11LIB,C03532,E22073,H10128,,M32MET,F15LIB,L04CME,,,,,,,,,300SSA,,,,,,,,
11203, -   , 8.493379 ,CTYLAK,FORLAK,T11LIB,R11LIB,C03532,E22073,H10128,,M32MET,F15LIB,L04CME,,,,,,,,,299SSA,,,,,,,,
11204, -   , 8.493379 ,CTYLAK,FORLAK,T11LIB,R11LIB,C03532,E22073,H10128,,M32MET,F15LIB,L04CME,,,,,,,,,298SSA,,,,,,,,
11205, -   , 8.493379 ,CTYLAK,FORLAK,T11LIB,R11LIB,C03532,E22073,H10128,,M32MET,F15LIB,L04CME,,,,,,,,,297SSA,,,,,,,,
11206," 1,489,181 ", 10.713713 ,CTYLAK,FORLAK,T11LIB,R11LIB,C03532,E23075,H04120,,M33MUN,,L07FRE,P15MUN,,,,,WTRCLC,X29TIF,,,,,,B15MUN,B16CLC,B17MU2,,
11207, -   , 10.640680 ,CTYLAK,FORLAK,T11LIB,R11LIB,C03532,E24076,H04120,,M33MUN,,L07FRE,P15MUN,,,,,WTRCLC,X29TIF,,,,,,B15MUN,B16CLC,B17MU2,,
11208, -   , 8.627996 ,CTYLAK,FORLAK,T11LIB,R11LIB,C03532,E22073,H10128,,M32MET,F15LIB,L04CME,,,,,,,,,280SSA,303SSA,,,,,,,
11209, -   , 8.627996 ,CTYLAK,FORLAK,T11LIB,R11LIB,C03532,E22073,H10128,,M32MET,F15LIB,L04CME,,,,,,,,,280SSA,302SSA,,,,,,,
11210, -   , 8.627996 ,CTYLAK,FORLAK,T11LIB,R11LIB,C03532,E22073,H10128,,M32MET,F15LIB,L04CME,,,,,,,,,280SSA,301SSA,,,,,,,
11211, -   , 8.627996 ,CTYLAK,FORLAK,T11LIB,R11LIB,C03532,E22073,H10128,,M32MET,F15LIB,L04CME,,,,,,,,,280SSA,300SSA,,,,,,,
11212, -   , 8.627996 ,CTYLAK,FORLAK,T11LIB,R11LIB,C03532,E22073,H10128,,M32MET,F15LIB,L04CME,,,,,,,,,280SSA,299SSA,,,,,,,
11213, -   , 8.627996 ,CTYLAK,FORLAK,T11LIB,R11LIB,C03532,E22073,H10128,,M32MET,F15LIB,L04CME,,,,,,,,,280SSA,298SSA,,,,,,,
11214, -   , 8.627996 ,CTYLAK,FORLAK,T11LIB,R11LIB,C03532,E22073,H10128,,M32MET,F15LIB,L04CME,,,,,,,,,280SSA,297SSA,,,,,,,
11215, -   , 8.493379 ,CTYLAK,FORLAK,T11LIB,R11LIB,C03532,E22073,H10128,,M32MET,F15LIB,L04CME,,,,,,WTRCLC,,,,,,,B16CLC,,,,
11216," 1,422,362 ", 7.489311 ,CTYLAK,FORLAK,T11LIB,R11LIB,C03532,E19068,H10128,,M13GOA,F15LIB,L04CME,,,,,,WTRCLC,,,178SSA,,,,B16CLC,,,,
11217," 3,878,563 ", 7.595273 ,CTYLAK,FORLAK,T11LIB,R11LIB,C03532,E20070,H10128,,M13GOA,F15LIB,L04CME,,,,,,WTRCLC,,,178SSA,,,,B16CLC,,,,
11218," 1,223,556 ", 6.308607 ,CTYLAK,FORLAK,T11LIB,R11LIB,C03532,E21072,H10128,,M13GOA,F15LIB,L04CME,,,,,,WTRCLC,,,178SSA,,,,B16CLC,,,,
11219, -   , 11.164291 ,CTYLAK,FORLAK,T11LIB,R11LIB,C03532,E24076,H04120,,M33MUN,F07COU,L04CME,P15MUN,,,,,WTRCLC,,,,,,,B09COU,B15MUN,B16CLC,B17MU2,
11220, -   , 6.388865 ,CTYLAK,FORLAK,T11LIB,R11LIB,C03532,E21072,H10128,,,F15LIB,L04CME,,,,,,,,,332SSA,,,,,,,,
11221, -   , 7.852640 ,CTYLAK,FORLAK,T11LIB,R11LIB,C03532,E21072,H10128,,M24LFO,F15LIB,L04CME,,,,,,,,,332SSA,,,,,,,,
11222, -   , 7.082889 ,CTYLAK,FORLAK,T11LIB,R11LIB,C03532,E21072,H10128,,M24LFO,,,,S05NSH,,,,,,,236SSA,,,,,,,,
11223," 701,143 ", 7.104242 ,CTYLAK,FORLAK,T11LIB,R11LIB,C03532,E21072,H10128,,M24LFO,,,,,,,,,,,332SSA,,,,,,,,
11224," 24,170 ", 8.627996 ,CTYLAK,FORLAK,T11LIB,R11LIB,C03532,E22073,H10128,,M32MET,F15LIB,L04CME,,,,,,,,,280SSA,,,,,,,,
11225, -   , 7.261297 ,CTYLAK,FORLAK,T11LIB,R11LIB,C03532,E21072,H10128,,M24LFO,,,,S05NSH,,,,,,,332SSA,,,,,,,,
11226," 12,488,817 ", 7.489311 ,CTYLAK,FORLAK,T11LIB,R11LIB,C03532,E19068,H10128,,M13GOA,F15LIB,L04CME,,,,,,,,,179SSA,,,,,,,,
11227," 880,824 ", 7.497123 ,CTYLAK,FORLAK,T11LIB,R11LIB,C03532,E20070,H10128,,,F15LIB,L04CME,,,,,,,,,153SSA,,,,,,,,
11228, -   , 6.971741 ,CTYLAK,FORLAK,T11LIB,R11LIB,C03532,E18067,H10128,,M24LFO,,,,S05NSH,,,,,,,236SSA,,,,,,,,
11229," 2,661,704 ", 6.387146 ,CTYLAK,FORLAK,T11LIB,R11LIB,C03532,E21072,H10128,,M32MET,F15LIB,L04CME,,,,,,WTRCLC,,,284SSA,285SSA,,,B16CLC,,,,
11230, -   , 5.813703 ,CTYLAK,FORLAK,T11LIB,R11LIB,C03532,E18067,H02115,,M24LFO,,,,S05NSH,,,,,,,236SSA,,,,,,,,
11231, -   , 7.864737 ,CTYLAK,FORLAK,T11LIB,R11LIB,C03532,E19068,H10128,,M13GOA,F20ROC,L04CME,,S05NSH,,Q01LBL,,WTRCLC,,,,,,,B16CLC,,,,
11232, -   , 6.561379 ,CTYLAK,FORLAK,T11LIB,R11LIB,C03532,E17065,H02115,,M13GOA,F20ROC,L04CME,,S05NSH,,Q01LBL,,WTRCLC,,,,,,,B16CLC,,,,
11233, -   , 6.308607 ,CTYLAK,FORLAK,T11LIB,R11LIB,C03532,E21072,H10128,,M13GOA,F15LIB,L04CME,,,,,,,X13TIF,,,,,,,,,,
11234," 1,297,845 ", 6.308607 ,CTYLAK,FORLAK,T11LIB,R11LIB,C03532,E21072,H10128,,M13GOA,F15LIB,L04CME,,,,,,WTRCLC,X13TIF,,,,,,B16CLC,,,,
11235," 279,890 ", 7.646366 ,CTYLAK,FORLAK,T11LIB,R11LIB,C03532,E19068,H10128,,M13GOA,F15LIB,L04CME,,S05NSH,,,,WTRCLC,X13TIF,,,,,,B16CLC,,,,
11236," 21,272,158 ", 6.465662 ,CTYLAK,FORLAK,T11LIB,R11LIB,C03532,E21072,H10128,,M13GOA,F15LIB,L04CME,,S05NSH,,,,WTRCLC,X13TIF,,,,,,B16CLC,,,,
11237," 9,283,322 ", 6.465662 ,CTYLAK,FORLAK,T11LIB,R11LIB,C03532,E21072,H10128,,M13GOA,F15LIB,L04CME,,S05NSH,,Q01LBL,,WTRCLC,X13TIF,,,,,,B16CLC,,,,
11238," 1,629 ", 6.465662 ,CTYLAK,FORLAK,T11LIB,R11LIB,C03532,E21072,H10128,,M13GOA,F15LIB,L04CME,,S05NSH,,Q01LBL,,,X13TIF,,,,,,,,,,
11239," 1,720,529 ", 7.646366 ,CTYLAK,FORLAK,T11LIB,R11LIB,C03532,E19068,H10128,,M13GOA,F15LIB,L04CME,,S05NSH,,Q01LBL,,WTRCLC,X13TIF,,,,,,B16CLC,,,,
11240," 67,711 ", 6.308607 ,CTYLAK,FORLAK,T11LIB,R11LIB,C03532,E21072,H10128,,M13GOA,F15LIB,L04CME,,,,Q01LBL,,WTRCLC,X13TIF,,,,,,B16CLC,,,,
11241, -   , 7.864737 ,CTYLAK,FORLAK,T11LIB,R11LIB,C03532,E19068,H10128,,M13GOA,F20ROC,L04CME,,S05NSH,,Q01LBL,,WTRCLC,X13TIF,,,,,,B16CLC,,,,
11242, -   , 7.954713 ,CTYLAK,FORLAK,T11LIB,R11LIB,C03532,E19068,H10128,,,F15LIB,,P06FOS,S05NSH,,Q01LBL,,,,,,,,,,,,,
11243, -   , 7.568058 ,CTYLAK,FORLAK,T11LIB,R11LIB,C03532,E19068,H10128,,M23LBL,,,,S05NSH,,Q01LBL,,WTRCLC,,,,,,,B05LBL,B16CLC,,,
11244, -   , 8.260213 ,CTYLAK,FORLAK,T11LIB,R11LIB,C03532,E19068,H10128,,M23LBL,,,P06FOS,S05NSH,,Q01LBL,,WTRCLC,,,,,,,B05LBL,B16CLC,,,
11245, -   , 8.249169 ,CTYLAK,FORLAK,T11LIB,R11LIB,C03532,E19068,H10128,,M23LBL,F20ROC,,,S05NSH,,Q01LBL,,WTRCLC,,,,,,,B05LBL,B16CLC,,,
11246, -   , 8.941324 ,CTYLAK,FORLAK,T11LIB,R11LIB,C03532,E19068,H10128,,M23LBL,F20ROC,,P06FOS,S05NSH,,Q01LBL,,WTRCLC,,,,,,,B05LBL,B16CLC,,,
11247," 2,571,860 ", 8.493379 ,CTYLAK,FORLAK,T11LIB,R11LIB,C03532,E22073,H10128,,M32MET,F15LIB,L04CME,,,,,,,,,286SSA,,,,,,,,
11248," 961,372 ", 6.304492 ,CTYLAK,FORLAK,T11LIB,R11LIB,C03532,E21072,H10128,,M32MET,F15LIB,L04CME,,,,,,,,,286SSA,,,,,,,,
11249, -   , 10.713713 ,CTYLAK,FORLAK,T11LIB,R11LIB,C03532,E23075,H04120,,M33MUN,,L07FRE,P15MUN,,,,,WTRCLC,X29TIF,,,,,,B15MUN,B16CLC,B17MU2,,
11250," 954,646 ", 10.640680 ,CTYLAK,FORLAK,T11LIB,R11LIB,C03532,E24076,H04120,,M33MUN,,L07FRE,P15MUN,,,,,WTRCLC,X29TIF,,,,,,B15MUN,B16CLC,B17MU2,,
11251," 6,038,880 ", 10.713713 ,CTYLAK,FORLAK,T11LIB,R11LIB,C03532,E23075,H04120,,M33MUN,,L07FRE,P15MUN,,,,,WTRCLC,X30TIF,,,,,,B15MUN,B16CLC,B17MU2,,
11252, -   , 10.640680 ,CTYLAK,FORLAK,T11LIB,R11LIB,C03532,E24076,H04120,,M33MUN,,L07FRE,P15MUN,,,,,WTRCLC,X30TIF,,,,,,B15MUN,B16CLC,B17MU2,,
11253, -   , 8.833066 ,CTYLAK,FORLAK,T11LIB,R11LIB,C03532,E22073,H10128,,M49VHI,F15LIB,L04CME,P18VHI,,,,,WTRCLC,X59TIF,,,,,,B16CLC,,,,
11254," 289,966 ", 8.966419 ,CTYLAK,FORLAK,T11LIB,R11LIB,C03532,E22073,H10128,,M49VHI,F07COU,L04CME,P18VHI,,,,,WTRCLC,X59TIF,,,,,,B09COU,B16CLC,,,
11255, -   , 7.183626 ,CTYLAK,FORLAK,T11LIB,R11LIB,C03532,E19068,H10128,,M13GOA,,L04CME,,S05NSH,,Q01LBL,,WTRCLC,X13TIF,,,,,,B16CLC,,,,
11256, -   , 7.391161 ,CTYLAK,FORLAK,T11LIB,R11LIB,C03532,E19068,H10128,,,F15LIB,L04CME,,,,,PORWAK,,,,,,,,,,,,
11257," 33,401,833 ", 8.966419 ,CTYLAK,FORLAK,T11LIB,R11LIB,C03532,E22073,H10128,,M49VHI,F07COU,L04CME,P18VHI,,,,,WTRCLC,X68TIF,,,,,,B09COU,B16CLC,,,
11258, -   , -   ,CTYLAK,FORLAK,T11LIB,R11LIB,C03532,E19068,H10128,,M13GOA,F15LIB,L04CME,,,,,,,,,420SSA,,,,,,,,
12001," 310,303,950 ", 10.833949 ,CTYLAK,FORLAK,T12FRE,R12FRE,C03532,E23075,H04120,,M33MUN,,L07FRE,P15MUN,,,,,WTRCLC,,,,,,,B15MUN,B16CLC,B17MU2,,
12002, -   , 9.429483 ,CTYLAK,FORLAK,T12FRE,R12FRE,C03532,E25079,H04120,,M51WAC,,L07FRE,P19WAC,,,,,WTRCLC,,,,,,,B16CLC,,,,
12003, -   , 11.670966 ,CTYLAK,FORLAK,T12FRE,R12FRE,C03532,E14046,H09127,,,,L07FRE,P08GRA,,,,,,,,,,,,,,,,
12004, -   , 13.364018 ,CTYLAK,FORLAK,T12FRE,R12FRE,C03532,E14046,H09127,,M45RLP,,L07FRE,P17RLA,,,,,WTRCLC,,,,,,,B16CLC,,,,
12005," 2,283,472 ", 10.078163 ,CTYLAK,FORLAK,T12FRE,R12FRE,C03532,E25079,H09127,,,F11GRA,L07FRE,,,,,,,,,,,,,,,,,
12006, -   , 11.411330 ,CTYLAK,FORLAK,T12FRE,R12FRE,C03532,E25079,H09127,,M45RLP,,L07FRE,P17RLA,,,,,WTRCLC,,,,,,,B16CLC,,,,
12007, -   , 8.855937 ,CTYLAK,FORLAK,T12FRE,R12FRE,C03532,E23075,H04120,,,,L07FRE,,,,,,,,,,,,,,,,,
12008, -   , 10.369806 ,CTYLAK,FORLAK,T12FRE,R12FRE,C03532,E23075,H04120,,M33MUN,,L07FRE,,,,,,WTRCLC,,,,,,,B16CLC,B17MU2,,,
12009, -   , 7.423130 ,CTYLAK,FORLAK,T12FRE,R12FRE,C03532,E25079,H04120,,,,L07FRE,,,,,,,,,,,,,,,,,
12010," 38,083,360 ", 8.089468 ,CTYLAK,FORLAK,T12FRE,R12FRE,C03532,E25079,H04120,,,F22WAC,L07FRE,,,,,,,,,,,,,,,,,
12011, -   , 9.596015 ,CTYLAK,FORLAK,T12FRE,R12FRE,C03532,E25079,H04120,,M45RLP,,L07FRE,P17RLA,,,,,WTRCLC,,,,,,,B16CLC,,,,
12012," 16,073 ", 9.452030 ,CTYLAK,FORLAK,T12FRE,R12FRE,C03532,E23075,H04120,,,F07COU,L07FRE,,,,,,,,,,,,,B09COU,,,,
12013, -   , 9.378997 ,CTYLAK,FORLAK,T12FRE,R12FRE,C03532,E24076,H04120,,,F07COU,L07FRE,,,,,,,,,,,,,B09COU,,,,
12014," 83,069,189 ", 8.019223 ,CTYLAK,FORLAK,T12FRE,R12FRE,C03532,E25079,H04120,,,F07COU,L07FRE,,,,,,,,,,,,,B09COU,,,,
12015," 7,687,204 ", 12.251048 ,CTYLAK,FORLAK,T12FRE,R12FRE,C03532,E25079,H09127,,M45RLP,F11GRA,L07FRE,P17RLA,,,,,WTRCLC,,,,,,,B16CLC,,,,
12016," 12,039,748 ", 8.501159 ,CTYLAK,FORLAK,T12FRE,R12FRE,C03532,E25079,H04120,,M16HWO,F07COU,L07FRE,,,,,,,,,,,,,B09COU,,,,
12017," 47,010,981 ", 9.843140 ,CTYLAK,FORLAK,T12FRE,R12FRE,C03532,E24076,H04120,,,F07COU,L07FRE,P15MUN,,,,,,,,,,,,B09COU,B15MUN,,,
12018," 2,028,337 ", 7.966075 ,CTYLAK,FORLAK,T12FRE,R12FRE,C03532,E25079,H04120,,,F14LZU,L07FRE,,,,,,,,,,,,,,,,,
12019, -   , 9.320080 ,CTYLAK,FORLAK,T12FRE,R12FRE,C03532,E23075,H04120,,,,L07FRE,P15MUN,,,,,,,,,,,,B15MUN,,,,
12020, -   , 9.790218 ,CTYLAK,FORLAK,T12FRE,R12FRE,C03532,E20070,H09127,,,F11GRA,L07FRE,,,,,,,,,,,,,,,,,
12021," 4,745,061 ", 9.916173 ,CTYLAK,FORLAK,T12FRE,R12FRE,C03532,E23075,H04120,,,F07COU,L07FRE,P15MUN,,,,,,,,,,,,B09COU,B15MUN,,,
12022," 52,459,071 ", 8.102855 ,CTYLAK,FORLAK,T12FRE,R12FRE,C03532,E25079,H04120,,M28LIB,,L07FRE,,,,,,WTRCLC,,,,,,,B16CLC,,,,
12023," 241,626,758 ", 9.401142 ,CTYLAK,FORLAK,T12FRE,R12FRE,C03532,E25079,H04120,,M33MUN,,L07FRE,P15MUN,,,,,WTRCLC,,,,,,,B15MUN,B16CLC,B17MU2,,
12024," 102,688 ", 8.448011 ,CTYLAK,FORLAK,T12FRE,R12FRE,C03532,E25079,H04120,,M16HWO,F14LZU,L07FRE,,,,,,,,,,,,,,,,,
12025," 330,688 ", 12.030851 ,CTYLAK,FORLAK,T12FRE,R12FRE,C03532,E14046,H09127,,,F11GRA,L07FRE,,,,,,,,,,,,,,,,,
12026," 956,968 ", 10.557996 ,CTYLAK,FORLAK,T12FRE,R12FRE,C03532,E25079,H09127,,,F11GRA,L07FRE,P08GRA,,,,,,,,,,,,,,,,
12027, -   , 8.742681 ,CTYLAK,FORLAK,T12FRE,R12FRE,C03532,E25079,H04120,,,F11GRA,L07FRE,P08GRA,,,,,,,,,,,,,,,,
12028," 519,765 ", 12.510684 ,CTYLAK,FORLAK,T12FRE,R12FRE,C03532,E14046,H09127,,,F11GRA,L07FRE,P08GRA,,,,,,,,,,,,,,,,
12029," 6,532,886 ", 8.262848 ,CTYLAK,FORLAK,T12FRE,R12FRE,C03532,E25079,H04120,,,F11GRA,L07FRE,,,,,,,,,,,,,,,,,
12030," 9,934,057 ", 10.435733 ,CTYLAK,FORLAK,T12FRE,R12FRE,C03532,E25079,H04120,,M45RLP,F11GRA,L07FRE,P17RLA,,,,,WTRCLC,,,,,,,B16CLC,,,,
12031, -   , 10.241204 ,CTYLAK,FORLAK,T12FRE,R12FRE,C03532,E25079,H04120,,M45RLP,F11GRA,L07FRE,P08GRA,,,,,WTRCLC,,,,,,,B16CLC,,,,
12032," 30,118,959 ", 11.117684 ,CTYLAK,FORLAK,T12FRE,R12FRE,C03532,E25079,H09127,,M12GRA,F11GRA,L07FRE,P08GRA,,,,,WTRCLC,,,,,,,B16CLC,,,,
12033," 1,126,639 ", 13.070372 ,CTYLAK,FORLAK,T12FRE,R12FRE,C03532,E14046,H09127,,M12GRA,F11GRA,L07FRE,P08GRA,,,,,WTRCLC,,,,,,,B16CLC,,,,
12034," 268,854 ", 8.571404 ,CTYLAK,FORLAK,T12FRE,R12FRE,C03532,E25079,H04120,,M16HWO,F22WAC,L07FRE,,,,,,,,,,,,,,,,,
12035, -   , 8.969118 ,CTYLAK,FORLAK,T12FRE,R12FRE,C03532,E25079,H04120,,M51WAC,,L07FRE,,,,,,WTRCLC,,,,,,,B16CLC,,,,
12036," 76,560 ", 12.056519 ,CTYLAK,FORLAK,T12FRE,R12FRE,C03532,E25079,H09127,,M45RLP,F11GRA,L07FRE,P08GRA,,,,,WTRCLC,,,,,,,B16CLC,,,,
12037, -   , 11.576686 ,CTYLAK,FORLAK,T12FRE,R12FRE,C03532,E25079,H09127,,M45RLP,F11GRA,L07FRE,,,,,,WTRCLC,,,,,,,B16CLC,,,,
12038, -   , 14.009207 ,CTYLAK,FORLAK,T12FRE,R12FRE,C03532,E14046,H09127,,M45RLP,F11GRA,L07FRE,P08GRA,,,,,WTRCLC,,,,,,,B16CLC,,,,
12039, -   , 13.529374 ,CTYLAK,FORLAK,T12FRE,R12FRE,C03532,E14046,H09127,,M45RLP,F11GRA,L07FRE,,,,,,WTRCLC,,,,,,,B16CLC,,,,
12040, -   , 7.913986 ,CTYLAK,FORLAK,T12FRE,R12FRE,C03532,,,U02095,M16HWO,F22WAC,L07FRE,,,,,,,,,,,,,,,,,
12041," 248,278 ", 8.936999 ,CTYLAK,FORLAK,T12FRE,R12FRE,C03532,E25079,H04120,,M33MUN,,L07FRE,,,,,,WTRCLC,,,,,,,B16CLC,B17MU2,,,
12042, -   , 11.288741 ,CTYLAK,FORLAK,T12FRE,R12FRE,C03532,E20070,H09127,,M45RLP,F11GRA,L07FRE,,,,,,WTRCLC,,,,,,,B16CLC,,,,
12043, -   , 9.761371 ,CTYLAK,FORLAK,T12FRE,R12FRE,C03532,E25079,H04120,,M45RLP,F11GRA,L07FRE,,,,,,WTRCLC,,,,,,,B16CLC,,,,
12044," 22,193 ", 12.151594 ,CTYLAK,FORLAK,T12FRE,R12FRE,C03532,E14046,H09127,,,F12GRL,L07FRE,,,,,,,,,,,,,,,,,
12045," 3,684,082 ", 8.383591 ,CTYLAK,FORLAK,T12FRE,R12FRE,C03532,E25079,H04120,,,F12GRL,L07FRE,,,,,,,,,,,,,,,,,
12046," 235,833 ", 7.432050 ,CTYLAK,FORLAK,T12FRE,R12FRE,C03532,,,U02095,,F22WAC,L07FRE,,,,,,,,,,,,,,,,,
12047, -   , 7.913986 ,CTYLAK,FORLAK,T12FRE,R12FRE,C03532,,,U02095,M16HWO,F22WAC,L07FRE,,,,,,,,,,,,,,,,,
12048, -   , 8.937210 ,CTYLAK,FORLAK,T12FRE,R12FRE,C03532,E25079,H04120,,,F11GRA,L07FRE,P17RLA,,,,,,,,,,,,,,,,
12049," 1,082,763 ", 10.270051 ,CTYLAK,FORLAK,T12FRE,R12FRE,C03532,E20070,H09127,,,F11GRA,L07FRE,P08GRA,,,,,,,,,,,,,,,,
12050, -   , 9.378997 ,CTYLAK,FORLAK,T12FRE,R12FRE,C03532,E24076,H04120,,M31LGR,F07COU,L07FRE,,,,,,,,,,,,,B09COU,,,,
12051," 385,961 ", 9.918170 ,CTYLAK,FORLAK,T12FRE,R12FRE,C03532,E25079,H09127,,M28LIB,,L07FRE,,,,,,WTRCLC,,,,,,,B16CLC,,,,
12052," 171,478 ", 10.398003 ,CTYLAK,FORLAK,T12FRE,R12FRE,C03532,E25079,H09127,,M28LIB,,L07FRE,P08GRA,,,,,WTRCLC,,,,,,,B16CLC,,,,
12053, -   , 10.557996 ,CTYLAK,FORLAK,T12FRE,R12FRE,C03532,E25079,H09127,,,F11GRA,L07FRE,P08GRA,,,,,WTRCLC,,,,,,,B16CLC,,,,
12054, -   , 10.270051 ,CTYLAK,FORLAK,T12FRE,R12FRE,C03532,E20070,H09127,,,F11GRA,L07FRE,P08GRA,,,,,WTRCLC,,,,,,,B16CLC,,,,
12055, -   , 8.019223 ,CTYLAK,FORLAK,T12FRE,R12FRE,C03532,E25079,H04120,,M31LGR,F07COU,L07FRE,,,,,,,,,,,,,B09COU,,,,
12056, -   , 9.843140 ,CTYLAK,FORLAK,T12FRE,R12FRE,C03532,E24076,H04120,,M31LGR,F07COU,L07FRE,P15MUN,,,,,,,,,,,,B09COU,B15MUN,,,
12057," 4,781,196 ", 8.483366 ,CTYLAK,FORLAK,T12FRE,R12FRE,C03532,E25079,H04120,,M31LGR,F07COU,L07FRE,P15MUN,,,,,,,,,,,,B09COU,B15MUN,,,
12058," 4,296,374 ", 10.760916 ,CTYLAK,FORLAK,T12FRE,R12FRE,C03532,E24076,H04120,,M33MUN,,L07FRE,P15MUN,,,,,WTRCLC,,,,,,,B15MUN,B16CLC,B17MU2,,
12059," 2,387,857 ", 10.314746 ,CTYLAK,FORLAK,T12FRE,R12FRE,C03532,E24076,H07125,,,F07COU,L07FRE,P15MUN,,,,,,,,,,,,B09COU,B15MUN,,,
12060," 9,659,556 ", 9.302369 ,CTYLAK,FORLAK,T12FRE,R12FRE,C03532,E25079,H04120,,M12GRA,F11GRA,L07FRE,P08GRA,,,,,WTRCLC,,,,,,,B16CLC,,,,
12061," 223,593 ", 10.637851 ,CTYLAK,FORLAK,T12FRE,R12FRE,C03532,E25079,H09127,,M12GRA,F11GRA,L07FRE,,,,,,WTRCLC,,,,,,,B16CLC,,,,
12062, -   , 12.590539 ,CTYLAK,FORLAK,T12FRE,R12FRE,C03532,E14046,H09127,,M12GRA,F11GRA,L07FRE,,,,,,WTRCLC,,,,,,,B16CLC,,,,
12063," 12,125,213 ", 8.483366 ,CTYLAK,FORLAK,T12FRE,R12FRE,C03532,E25079,H04120,,,F07COU,L07FRE,P15MUN,,,,,,,,,,,,B09COU,B15MUN,,,
12064," 1,556,685 ", 10.829739 ,CTYLAK,FORLAK,T12FRE,R12FRE,C03532,E20070,H09127,,M12GRA,F11GRA,L07FRE,P08GRA,,,,,WTRCLC,,,,,,,B16CLC,,,,
12065, -   , 12.251048 ,CTYLAK,FORLAK,T12FRE,R12FRE,C03532,E25079,H09127,,M45RLP,F11GRA,L07FRE,P17RLA,,,,,WTRCLC,,,,,,,B16CLC,,,,
12066, -   , 10.435733 ,CTYLAK,FORLAK,T12FRE,R12FRE,C03532,E25079,H04120,,M45RLP,F11GRA,L07FRE,P17RLA,,,,,WTRCLC,,,,,,,B16CLC,,,,
12067, -   , 10.241204 ,CTYLAK,FORLAK,T12FRE,R12FRE,C03532,E25079,H04120,,M45RLP,F11GRA,L07FRE,P08GRA,,,,,WTRCLC,,,,,,,B16CLC,,,,
12068, -   , 9.517746 ,CTYLAK,FORLAK,T12FRE,R12FRE,C03532,E25079,H04120,,M45RLP,F07COU,L07FRE,,,,,,WTRCLC,,,,,,,B09COU,B16CLC,,,
12069, -   , 9.517746 ,CTYLAK,FORLAK,T12FRE,R12FRE,C03532,E25079,H04120,,M45RLP,F07COU,L07FRE,,,,,,WTRCLC,,,,,,,B09COU,B16CLC,,,
12070," 40,144 ", 7.713479 ,CTYLAK,FORLAK,T12FRE,R12FRE,C03532,,,U02095,M34NBA,F22WAC,L07FRE,,,,,,,,,,,,,,,,,
12071," 83,988 ", 8.822536 ,CTYLAK,FORLAK,T12FRE,R12FRE,C03532,E25079,H04120,,M12GRA,F11GRA,L07FRE,,,,,,WTRCLC,,,,,,,B16CLC,,,,
12072," 1,544,036 ", 14.203736 ,CTYLAK,FORLAK,T12FRE,R12FRE,C03532,E14046,H09127,,M45RLP,F11GRA,L07FRE,P17RLA,,,,,WTRCLC,,,,,,,B16CLC,,,,
12073, -   , 9.452030 ,CTYLAK,FORLAK,T12FRE,R12FRE,C03532,E23075,H04120,,,F07COU,L07FRE,,,,,,,,,150SSA,,,,B09COU,,,,
12074, -   , 10.131755 ,CTYLAK,FORLAK,T12FRE,R12FRE,C03532,E23075,H04120,,M28LIB,F07COU,L07FRE,,,,,,,,,,,,,B09COU,,,,
12075," 20,792 ", 9.378997 ,CTYLAK,FORLAK,T12FRE,R12FRE,C03532,E24076,H04120,,M31LGR,F07COU,L07FRE,P14LGR,,,,,,,,,,,,B09COU,,,,
12076, -   , 8.549833 ,CTYLAK,FORLAK,T12FRE,R12FRE,C03532,E25079,H04120,,,F22WAC,L07FRE,P19WAC,,,,,,,,,,,,,,,,
12077," 47,901,500 ", 10.095821 ,CTYLAK,FORLAK,T12FRE,R12FRE,C03532,E25079,H04120,,M51WAC,F22WAC,L07FRE,P19WAC,,,,,WTRCLC,,,,,,,B16CLC,,,,
12078, -   , 12.151594 ,CTYLAK,FORLAK,T12FRE,R12FRE,C03532,E14046,H09127,,,F12GRL,L07FRE,,S07RLA,,,,,,,,,,,,,,,
12079," 476,130 ", 13.266849 ,CTYLAK,FORLAK,T12FRE,R12FRE,C03532,E14046,H09127,,M42RLA,F12GRL,L07FRE,,,,,,WTRCLC,,,,,,,B16CLC,,,,
12080, -   , 13.266849 ,CTYLAK,FORLAK,T12FRE,R12FRE,C03532,E14046,H09127,,M42RLA,F12GRL,L07FRE,,S07RLA,,,,WTRCLC,,,,,,,B16CLC,,,,
12081, -   , 12.825956 ,CTYLAK,FORLAK,T12FRE,R12FRE,C03532,E14046,H09127,,,F12GRL,L07FRE,P17RLA,,,,,,,,,,,,,,,,
12082, -   , 12.251048 ,CTYLAK,FORLAK,T12FRE,R12FRE,C03532,E25079,H09127,,M45RLP,F11GRA,L07FRE,P17RLA,,,,,WTRCLC,,,,,,,B16CLC,,,,
12083, -   , 10.435733 ,CTYLAK,FORLAK,T12FRE,R12FRE,C03532,E25079,H04120,,M45RLP,F11GRA,L07FRE,P17RLA,,,,,WTRCLC,,,,,,,B16CLC,,,,
12084, -   , 13.941211 ,CTYLAK,FORLAK,T12FRE,R12FRE,C03532,E14046,H09127,,M42RLA,F12GRL,L07FRE,P17RLA,,,,,WTRCLC,,,,,,,B16CLC,,,,
12085, -   , 12.825956 ,CTYLAK,FORLAK,T12FRE,R12FRE,C03532,E14046,H09127,,,F12GRL,L07FRE,P17RLA,S07RLA,,,,,,,,,,,,,,,
12086, -   , 13.941211 ,CTYLAK,FORLAK,T12FRE,R12FRE,C03532,E14046,H09127,,M42RLA,F12GRL,L07FRE,P17RLA,S07RLA,,,,WTRCLC,,,,,,,B16CLC,,,,
12087, -   , 9.498846 ,CTYLAK,FORLAK,T12FRE,R12FRE,C03532,E25079,H04120,,M42RLA,F12GRL,L07FRE,,,,,,WTRCLC,,,,,,,B16CLC,,,,
12088, -   , 9.378103 ,CTYLAK,FORLAK,T12FRE,R12FRE,C03532,E25079,H04120,,M42RLA,F11GRA,L07FRE,,,,,,WTRCLC,,,,,,,B16CLC,,,,
12089," 8,307,693 ", 10.173208 ,CTYLAK,FORLAK,T12FRE,R12FRE,C03532,E25079,H04120,,M42RLA,F12GRL,L07FRE,P17RLA,,,,,WTRCLC,,,,,,,B16CLC,,,,
12090," 373,977 ", 10.052465 ,CTYLAK,FORLAK,T12FRE,R12FRE,C03532,E25079,H04120,,M42RLA,F11GRA,L07FRE,P17RLA,,,,,WTRCLC,,,,,,,B16CLC,,,,
12091, -   , 10.173208 ,CTYLAK,FORLAK,T12FRE,R12FRE,C03532,E25079,H04120,,M42RLA,F12GRL,L07FRE,P17RLA,S07RLA,,,,WTRCLC,,,,,,,B16CLC,,,,
12092, -   , 10.052465 ,CTYLAK,FORLAK,T12FRE,R12FRE,C03532,E25079,H04120,,M42RLA,F11GRA,L07FRE,P17RLA,S07RLA,,,,WTRCLC,,,,,,,B16CLC,,,,
12093, -   , 13.941211 ,CTYLAK,FORLAK,T12FRE,R12FRE,C03532,E14046,H09127,,M42RLA,F12GRL,L07FRE,P17RLA,S07RLA,,,,WTRCLC,,,351SSA,,,,B16CLC,,,,
12094, -   , 10.173208 ,CTYLAK,FORLAK,T12FRE,R12FRE,C03532,E25079,H04120,,M42RLA,F12GRL,L07FRE,P17RLA,S07RLA,,,,WTRCLC,,,351SSA,,,,B16CLC,,,,
12095, -   , 10.052465 ,CTYLAK,FORLAK,T12FRE,R12FRE,C03532,E25079,H04120,,M42RLA,F11GRA,L07FRE,P17RLA,S07RLA,,,,WTRCLC,,,351SSA,,,,B16CLC,,,,
12096, -   , 13.941211 ,CTYLAK,FORLAK,T12FRE,R12FRE,C03532,E14046,H09127,,M42RLA,F12GRL,L07FRE,P17RLA,S07RLA,,,,WTRCLC,,,350SSA,,,,B16CLC,,,,
12097, -   , 10.052465 ,CTYLAK,FORLAK,T12FRE,R12FRE,C03532,E25079,H04120,,M42RLA,F11GRA,L07FRE,P17RLA,S07RLA,,,,WTRCLC,,,350SSA,,,,B16CLC,,,,
12098, -   , 10.173208 ,CTYLAK,FORLAK,T12FRE,R12FRE,C03532,E25079,H04120,,M42RLA,F12GRL,L07FRE,P17RLA,S07RLA,,,,WTRCLC,,,350SSA,,,,B16CLC,,,,
12099, -   , 13.941211 ,CTYLAK,FORLAK,T12FRE,R12FRE,C03532,E14046,H09127,,M42RLA,F12GRL,L07FRE,P17RLA,S07RLA,,,,WTRCLC,,,350SSA,351SSA,,,B16CLC,,,,
12100, -   , 10.173208 ,CTYLAK,FORLAK,T12FRE,R12FRE,C03532,E25079,H04120,,M42RLA,F12GRL,L07FRE,P17RLA,S07RLA,,,,WTRCLC,,,350SSA,351SSA,,,B16CLC,,,,
12101, -   , 10.052465 ,CTYLAK,FORLAK,T12FRE,R12FRE,C03532,E25079,H04120,,M42RLA,F11GRA,L07FRE,P17RLA,S07RLA,,,,WTRCLC,,,350SSA,351SSA,,,B16CLC,,,,
12102, -   , 13.941211 ,CTYLAK,FORLAK,T12FRE,R12FRE,C03532,E14046,H09127,,M42RLA,F12GRL,L07FRE,P17RLA,S07RLA,,,,WTRCLC,,,352SSA,,,,B16CLC,,,,
12103, -   , 12.825956 ,CTYLAK,FORLAK,T12FRE,R12FRE,C03532,E14046,H09127,,,F12GRL,L07FRE,P17RLA,,,,,,,,352SSA,,,,,,,,
12104, -   , 12.825956 ,CTYLAK,FORLAK,T12FRE,R12FRE,C03532,E14046,H09127,,,F12GRL,L07FRE,P17RLA,S07RLA,,,,,,,352SSA,,,,,,,,
12105, -   , 10.452327 ,CTYLAK,FORLAK,T12FRE,R12FRE,C03532,,,U04118,M51WAC,,L07FRE,P19WAC,,,,,WTRCLC,,,,,,,B16CLC,,,,
12106, -   , 9.429483 ,CTYLAK,FORLAK,T12FRE,R12FRE,C03532,E25079,H04120,,M51WAC,,L07FRE,P19WAC,,,,,WTRCLC,,,403SSA,,,,B16CLC,,,,
12107," 10,816,481 ", 8.731409 ,CTYLAK,FORLAK,T12FRE,R12FRE,C03532,E25079,H04120,,M16HWO,F07COU,L07FRE,,,,,,,,,180SSA,,,,B09COU,,,,
12108, -   , 8.801654 ,CTYLAK,FORLAK,T12FRE,R12FRE,C03532,E25079,H04120,,M16HWO,F22WAC,L07FRE,,,,,,,,,180SSA,,,,,,,,
12109," 3,425,414 ", 8.144236 ,CTYLAK,FORLAK,T12FRE,R12FRE,C03532,,,U02095,M16HWO,F22WAC,L07FRE,,,,,,,,,180SSA,,,,,,,,
12110," 43,275,440 ", 8.625705 ,CTYLAK,FORLAK,T12FRE,R12FRE,C03532,E25079,H04120,,M16HWO,F07COU,L07FRE,,,,,,,,,181SSA,,,,B09COU,,,,
12111," 20,778,377 ", 8.572557 ,CTYLAK,FORLAK,T12FRE,R12FRE,C03532,E25079,H04120,,M16HWO,F14LZU,L07FRE,,,,,,,,,181SSA,,,,,,,,
12112," 27,016,336 ", 10.095821 ,CTYLAK,FORLAK,T12FRE,R12FRE,C03532,E25079,H04120,,M51WAC,F22WAC,L07FRE,P19WAC,,,,,WTRCLC,,,403SSA,,,,B16CLC,,,,
12115, -   , 10.752525 ,CTYLAK,FORLAK,T12FRE,R12FRE,C03532,E25079,H09127,,,F11GRA,L07FRE,P17RLA,,,,,WTRCLC,,,,,,,B16CLC,,,,
12116, -   , 8.937210 ,CTYLAK,FORLAK,T12FRE,R12FRE,C03532,E25079,H04120,,,F11GRA,L07FRE,P17RLA,,,,,WTRCLC,,,,,,,B16CLC,,,,
12117, -   , 10.173208 ,CTYLAK,FORLAK,T12FRE,R12FRE,C03532,E25079,H04120,,M42RLA,F12GRL,L07FRE,P17RLA,S07RLA,,,,WTRCLC,,,353SSA,,,,B16CLC,,,,
12118, -   , 10.052465 ,CTYLAK,FORLAK,T12FRE,R12FRE,C03532,E25079,H04120,,M42RLA,F11GRA,L07FRE,P17RLA,S07RLA,,,,WTRCLC,,,353SSA,,,,B16CLC,,,,
12119, -   , 10.752525 ,CTYLAK,FORLAK,T12FRE,R12FRE,C03532,E25079,H09127,,,F11GRA,L07FRE,P17RLA,,,,,,,,,,,,,,,,
12120, -   , 10.052465 ,CTYLAK,FORLAK,T12FRE,R12FRE,C03532,E25079,H04120,,M42RLA,F11GRA,L07FRE,P17RLA,S07RLA,,,,WTRCLC,,,354SSA,,,,B16CLC,,,,
12121, -   , 13.266849 ,CTYLAK,FORLAK,T12FRE,R12FRE,C03532,E14046,H09127,,M42RLA,F12GRL,L07FRE,,S07RLA,,,,WTRCLC,,,,,,,B16CLC,,,,
12122," 14,127,399 ", 8.019223 ,CTYLAK,FORLAK,T12FRE,R12FRE,C03532,E25079,H04120,,,F07COU,L07FRE,,,,,,,,,151SSA,,,,B09COU,,,,
12123, -   , 9.057953 ,CTYLAK,FORLAK,T12FRE,R12FRE,C03532,E25079,H04120,,,F12GRL,L07FRE,P17RLA,,,,,,,,,,,,,,,,
12124, -   , 9.057953 ,CTYLAK,FORLAK,T12FRE,R12FRE,C03532,E25079,H04120,,,F12GRL,L07FRE,P17RLA,S07RLA,,,,,,,,,,,,,,,
12125, -   , 10.833949 ,CTYLAK,FORLAK,T12FRE,R12FRE,C03532,E23075,H04120,,M33MUN,,L07FRE,P15MUN,,,,,WTRCLC,X29TIF,,,,,,B15MUN,B16CLC,B17MU2,,
12126, -   , 9.916173 ,CTYLAK,FORLAK,T12FRE,R12FRE,C03532,E23075,H04120,,,F07COU,L07FRE,P15MUN,,,,,,,,150SSA,,,,B09COU,B15MUN,,,
12127," 852,321 ", 8.965302 ,CTYLAK,FORLAK,T12FRE,R12FRE,C03532,E25079,H04120,,M16HWO,F07COU,L07FRE,P15MUN,,,,,,,,,,,,B09COU,B15MUN,,,
12128, -   , 8.942573 ,CTYLAK,FORLAK,T12FRE,R12FRE,C03532,E25079,H04120,,M28LIB,F11GRA,L07FRE,,,,,,WTRCLC,,,,,,,B16CLC,,,,
12129, -   , 9.533092 ,CTYLAK,FORLAK,T12FRE,R12FRE,C03532,E25079,H04120,,M33MUN,F07COU,L07FRE,,,,,,WTRCLC,,,,,,,B09COU,B16CLC,B17MU2,,
12130, -   , 9.997235 ,CTYLAK,FORLAK,T12FRE,R12FRE,C03532,E25079,H04120,,M33MUN,F07COU,L07FRE,P15MUN,,,,,WTRCLC,,,,,,,B09COU,B15MUN,B16CLC,B17MU2,
12131, -   , 10.095821 ,CTYLAK,FORLAK,T12FRE,R12FRE,C03532,E25079,H04120,,M51WAC,F22WAC,L07FRE,P19WAC,,,,,WTRCLC,,,,,,,B16CLC,,,,
12132, -   , 11.357009 ,CTYLAK,FORLAK,T12FRE,R12FRE,C03532,E24076,H04120,,M33MUN,F07COU,L07FRE,P15MUN,,,,,WTRCLC,,,,,,,B09COU,B15MUN,B16CLC,B17MU2,
12133," 5,983,306 ", 9.496898 ,CTYLAK,FORLAK,T12FRE,R12FRE,C03532,E25079,H04120,,M12GRA,F11GRA,L07FRE,P17RLA,,,,,WTRCLC,,,,,,,B16CLC,,,,
12134," 477,059 ", 11.118665 ,CTYLAK,FORLAK,T12FRE,R12FRE,C03532,,,U04118,M51WAC,F22WAC,L07FRE,P19WAC,,,,,WTRCLC,,,,,,,B16CLC,,,,
12135, -   , 9.635456 ,CTYLAK,FORLAK,T12FRE,R12FRE,C03532,E25079,H04120,,M51WAC,F22WAC,L07FRE,,,,,,WTRCLC,,,,,,,B16CLC,,,,
12136, -   , 8.578911 ,CTYLAK,FORLAK,T12FRE,R12FRE,C03532,E25079,H04120,,M12GRA,F07COU,L07FRE,,,,,,WTRCLC,,,,,,,B09COU,B16CLC,,,
12137," 77,773 ", 11.312213 ,CTYLAK,FORLAK,T12FRE,R12FRE,C03532,E25079,H09127,,M12GRA,F11GRA,L07FRE,P17RLA,,,,,WTRCLC,,,,,,,B16CLC,,,,
12138, -   , 9.535662 ,CTYLAK,FORLAK,T12FRE,R12FRE,C03532,E23075,H04120,,M28LIB,,L07FRE,,,,,,,,,,,,,,,,,
12139, -   , 8.822536 ,CTYLAK,FORLAK,T12FRE,R12FRE,C03532,E25079,H04120,,M12GRA,F11GRA,L07FRE,,,,,,,,,,,,,,,,,
12140, -   , 8.582688 ,CTYLAK,FORLAK,T12FRE,R12FRE,C03532,E25079,H04120,,M28LIB,,L07FRE,P08GRA,,,,,WTRCLC,,,,,,,B16CLC,,,,
12141," 2,950,509 ", 8.019223 ,CTYLAK,FORLAK,T12FRE,R12FRE,C03532,E25079,H04120,,,F07COU,L07FRE,,,,,,,,,,,,,B09COU,B15MUN,,,
12142, -   , 10.833949 ,CTYLAK,FORLAK,T12FRE,R12FRE,C03532,E23075,H04120,,M33MUN,,L07FRE,P15MUN,,,,,WTRCLC,X29TIF,,,,,,B15MUN,B16CLC,B17MU2,,
12143," 150,008 ", 10.833949 ,CTYLAK,FORLAK,T12FRE,R12FRE,C03532,E23075,H04120,,M33MUN,,L07FRE,P15MUN,,,,,WTRCLC,X30TIF,,,,,,B15MUN,B16CLC,B17MU2,,
12144," 16,061,579 ", 8.019223 ,CTYLAK,FORLAK,T12FRE,R12FRE,C03532,E25079,H04120,,,F07COU,L07FRE,,,,,,,,,155SSA,,,,B09COU,,,,
12145," 5,330,887 ", 8.262848 ,CTYLAK,FORLAK,T12FRE,R12FRE,C03532,E25079,H04120,,,F11GRA,L07FRE,,,,,,,,,155SSA,,,,,,,,
12146, -   , 13.941211 ,CTYLAK,FORLAK,T12FRE,R12FRE,C03532,E14046,H09127,,M42RLA,F12GRL,L07FRE,P17RLA,,,,,WTRCLC,,,351SSA,,,,B16CLC,,,,
12147," 673,455 ", 10.173208 ,CTYLAK,FORLAK,T12FRE,R12FRE,C03532,E25079,H04120,,M42RLA,F12GRL,L07FRE,P17RLA,,,,,WTRCLC,,,351SSA,,,,B16CLC,,,,
12148, -   , 10.052465 ,CTYLAK,FORLAK,T12FRE,R12FRE,C03532,E25079,H04120,,M42RLA,F11GRA,L07FRE,P17RLA,,,,,WTRCLC,,,351SSA,,,,B16CLC,,,,
12149," 12,347,681 ", 13.941211 ,CTYLAK,FORLAK,T12FRE,R12FRE,C03532,E14046,H09127,,M42RLA,F12GRL,L07FRE,P17RLA,,,,,WTRCLC,,,350SSA,351SSA,,,B16CLC,,,,
12150," 16,086,313 ", 10.173208 ,CTYLAK,FORLAK,T12FRE,R12FRE,C03532,E25079,H04120,,M42RLA,F12GRL,L07FRE,P17RLA,,,,,WTRCLC,,,350SSA,351SSA,,,B16CLC,,,,
12151, -   , 10.052465 ,CTYLAK,FORLAK,T12FRE,R12FRE,C03532,E25079,H04120,,M42RLA,F11GRA,L07FRE,P17RLA,,,,,WTRCLC,,,350SSA,351SSA,,,B16CLC,,,,
12152," 14,043,705 ", 13.941211 ,CTYLAK,FORLAK,T12FRE,R12FRE,C03532,E14046,H09127,,M42RLA,F12GRL,L07FRE,P17RLA,,,,,WTRCLC,,,352SSA,,,,B16CLC,,,,
12153," 21,740 ", 10.173208 ,CTYLAK,FORLAK,T12FRE,R12FRE,C03532,E25079,H04120,,M42RLA,F12GRL,L07FRE,P17RLA,,,,,WTRCLC,,,353SSA,,,,B16CLC,,,,
12154," 8,784,073 ", 10.052465 ,CTYLAK,FORLAK,T12FRE,R12FRE,C03532,E25079,H04120,,M42RLA,F11GRA,L07FRE,P17RLA,,,,,WTRCLC,,,353SSA,,,,B16CLC,,,,
12155," 13,949,054 ", 10.052465 ,CTYLAK,FORLAK,T12FRE,R12FRE,C03532,E25079,H04120,,M42RLA,F11GRA,L07FRE,P17RLA,,,,,WTRCLC,,,354SSA,,,,B16CLC,,,,
12156," 266,359 ", 9.896489 ,CTYLAK,FORLAK,T12FRE,R12FRE,C03532,E24076,H04120,,,F07COU,L07FRE,P15MUN,,,,,,,,,,,,B09COU,B15MUN,B17MU2,,
12157, -   , 9.776717 ,CTYLAK,FORLAK,T12FRE,R12FRE,C03532,E25079,H04120,,M33MUN,F11GRA,L07FRE,,,,,,WTRCLC,,,,,,,B16CLC,B17MU2,,,
12158, -   , 10.240860 ,CTYLAK,FORLAK,T12FRE,R12FRE,C03532,E25079,H04120,,M33MUN,F11GRA,L07FRE,P15MUN,,,,,WTRCLC,,,,,,,B16CLC,B17MU2,,,
12159, -   , -   ,CTYLAK,FORLAK,T12FRE,R12FRE,C03532,E25079,H04120,,M33MUN,,L07FRE,P15MUN,,,,,WTRCLC,,,419SSA,,,,B15MUN,B16CLC,B17MU2,,
13001, -   , 10.617131 ,CTYLAK,FORLAK,T13WAC,R13WAC,C03532,,,U04118,M51WAC,,L14WAC,P19WAC,,,,,WTRCLC,,,,,,,B16CLC,,,,
13002," 5,751,345 ", 9.959515 ,CTYLAK,FORLAK,T13WAC,R13WAC,C03532,,,U04118,M20ILA,F22WAC,L14WAC,,,,,,,,,,,,,,,,,
13003," 80,819,653 ", 9.990339 ,CTYLAK,FORLAK,T13WAC,R13WAC,C03532,,,U04118,M20ILA,F22WAC,L14WAC,,S06NMO,,,,,,,,,,,,,,,
13004, -   , 8.610778 ,CTYLAK,FORLAK,T13WAC,R13WAC,C03532,,,U04118,,,L14WAC,,,,,,,,,,,,,,,,,
13005," 982,508 ", 9.307940 ,CTYLAK,FORLAK,T13WAC,R13WAC,C03532,,,U04118,,F22WAC,L14WAC,,S06NMO,,,,,,,,,,,,,,,
13006," 110,255,313 ", 9.277116 ,CTYLAK,FORLAK,T13WAC,R13WAC,C03532,,,U04118,,F22WAC,L14WAC,,,,,,,,,,,,,,,,,
13007, -   , 10.156766 ,CTYLAK,FORLAK,T13WAC,R13WAC,C03532,,,U04118,M51WAC,,L14WAC,,,,,,WTRCLC,,,,,,,B16CLC,,,,
13008," 10,226,173 ", 9.611880 ,CTYLAK,FORLAK,T13WAC,R13WAC,C03532,,,U04118,M22LBA,F22WAC,L14WAC,,,,,,,,,,,,,,,,,
13009," 2,185 ", 7.384096 ,CTYLAK,FORLAK,T13WAC,R13WAC,C03532,,,U06220,M22LBA,F22WAC,L14WAC,,,,,,,,,,,,,,,,,
13010," 336,004 ", 9.603645 ,CTYLAK,FORLAK,T13WAC,R13WAC,C03532,,,U04118,M40PBA,F22WAC,L14WAC,,,,,,,,,,,,,,,,,
13011," 1,147,091 ", 9.675004 ,CTYLAK,FORLAK,T13WAC,R13WAC,C03532,,,U04118,M27LAK,F22WAC,L14WAC,,,,,,,,,,,,,,,,,
13012, -   , 9.737481 ,CTYLAK,FORLAK,T13WAC,R13WAC,C03532,,,U04118,,F22WAC,L14WAC,P19WAC,,,,,,,,,,,,,,,,
13013," 7,455,879 ", 10.021641 ,CTYLAK,FORLAK,T13WAC,R13WAC,C03532,,,U04118,M48VOL,F22WAC,L14WAC,,,,,,WTRCLC,,,,,,,B16CLC,,,,
13014, -   , 9.990339 ,CTYLAK,FORLAK,T13WAC,R13WAC,C03532,,,U04118,M20ILA,F22WAC,L14WAC,,S06NMO,,,,,,,207SSA,,,,,,,,
13015, -   , 9.959515 ,CTYLAK,FORLAK,T13WAC,R13WAC,C03532,,,U04118,M20ILA,F22WAC,L14WAC,,,,,,,,,207SSA,,,,,,,,
13016," 4,980,267 ", 9.634469 ,CTYLAK,FORLAK,T13WAC,R13WAC,C03532,,,U04118,M40PBA,F22WAC,L14WAC,,S06NMO,,,,,,,,,,,,,,,
13017, -   , 9.277116 ,CTYLAK,FORLAK,T13WAC,R13WAC,C03532,,,U04118,,F22WAC,L14WAC,,,,,,,,,247SSA,,,,,,,,
13018, -   , 9.675004 ,CTYLAK,FORLAK,T13WAC,R13WAC,C03532,,,U04118,M27LAK,F22WAC,L14WAC,,,,,,,,,247SSA,,,,,,,,
13019," 3,992,292 ", 9.634469 ,CTYLAK,FORLAK,T13WAC,R13WAC,C03532,,,U04118,M40PBA,F22WAC,L14WAC,,S06NMO,,,,,,,344SSA,,,,,,,,
13020, -   , 9.594287 ,CTYLAK,FORLAK,T13WAC,R13WAC,C03532,E25079,H04120,,M51WAC,,L14WAC,P19WAC,,,,,WTRCLC,,,,,,,B16CLC,,,,
13021, -   , 10.617131 ,CTYLAK,FORLAK,T13WAC,R13WAC,C03532,,,U04118,M51WAC,,L14WAC,P19WAC,,,,,WTRCLC,,,403SSA,,,,B16CLC,,,,
13022, -   , 9.603645 ,CTYLAK,FORLAK,T13WAC,R13WAC,C03532,,,U04118,M40PBA,F22WAC,L14WAC,,,,,,,,,343SSA,,,,,,,,
13023," 2,701,375 ", 9.634469 ,CTYLAK,FORLAK,T13WAC,R13WAC,C03532,,,U04118,M40PBA,F22WAC,L14WAC,,S06NMO,,,,,,,343SSA,,,,,,,,
13024," 1,050,372 ", 9.254960 ,CTYLAK,FORLAK,T13WAC,R13WAC,C03532,E12038,H06124,,M27LAK,F22WAC,L14WAC,,,,,,,,,,,,,B07038,B11124,,,
13025," 21,234,535 ", 9.705828 ,CTYLAK,FORLAK,T13WAC,R13WAC,C03532,,,U04118,M27LAK,F22WAC,L14WAC,,S06NMO,,,,,,,,,,,,,,,
13026," 59,829 ", 9.705828 ,CTYLAK,FORLAK,T13WAC,R13WAC,C03532,,,U04118,M27LAK,F22WAC,L14WAC,,S06NMO,,,,,,,247SSA,,,,,,,,
13027," 5,059 ", 10.021641 ,CTYLAK,FORLAK,T13WAC,R13WAC,C03532,,,U04118,M48VOL,F22WAC,L14WAC,,,,,,WTRCLC,,,397SSA,,,,B16CLC,,,,
13028, -   , 10.021641 ,CTYLAK,FORLAK,T13WAC,R13WAC,C03532,,,U04118,M48VOL,F22WAC,L14WAC,,,,,,WTRCLC,,,397SSA,398SSA,,,B16CLC,,,,
13029, -   , 10.021641 ,CTYLAK,FORLAK,T13WAC,R13WAC,C03532,,,U04118,M48VOL,F22WAC,L14WAC,,,,,,WTRCLC,,,400SSA,,,,B16CLC,,,,
13030, -   , 10.235280 ,CTYLAK,FORLAK,T13WAC,R13WAC,C03532,,,U04118,M48VOL,F22WAC,L14WAC,,S03LRE,,,,WTRCLC,,,400SSA,,,,B16CLC,,,,
13031," 13,137,770 ", 10.235280 ,CTYLAK,FORLAK,T13WAC,R13WAC,C03532,,,U04118,M48VOL,F22WAC,L14WAC,,S03LRE,,,,WTRCLC,,,,,,,B16CLC,,,,
13032, -   , 10.235280 ,CTYLAK,FORLAK,T13WAC,R13WAC,C03532,,,U04118,M48VOL,F22WAC,L14WAC,,S03LRE,,,,WTRCLC,,,397SSA,398SSA,,,B16CLC,,,,
13033," 20,013,216 ", 10.235280 ,CTYLAK,FORLAK,T13WAC,R13WAC,C03532,,,U04118,M48VOL,F22WAC,L14WAC,,S03LRE,,,,WTRCLC,,,400SSA,402SSA,,,B16CLC,,,,
13034," 1,260 ", 10.235280 ,CTYLAK,FORLAK,T13WAC,R13WAC,C03532,,,U04118,M48VOL,F22WAC,L14WAC,,S03LRE,,,,WTRCLC,,,402SSA,,,,B16CLC,,,,
13035," 5,043,685 ", 10.235280 ,CTYLAK,FORLAK,T13WAC,R13WAC,C03532,,,U04118,M48VOL,F22WAC,L14WAC,,S03LRE,,,,WTRCLC,,,391SSA,400SSA,,,B16CLC,,,,
13036," 6,209,568 ", 9.277116 ,CTYLAK,FORLAK,T13WAC,R13WAC,C03532,,,U04118,,F22WAC,L14WAC,,,,,,,,,152SSA,,,,,,,,
13037, -   , 10.021641 ,CTYLAK,FORLAK,T13WAC,R13WAC,C03532,,,U04118,M48VOL,F22WAC,L14WAC,,,,,,WTRCLC,,,392SSA,,,,B16CLC,,,,
13038," 8,310,291 ", 10.235280 ,CTYLAK,FORLAK,T13WAC,R13WAC,C03532,,,U04118,M48VOL,F22WAC,L14WAC,,S03LRE,,,,WTRCLC,,,392SSA,,,,B16CLC,,,,
13039," 5,079,573 ", 10.823104 ,CTYLAK,FORLAK,T13WAC,R13WAC,C03532,,,U04118,M51WAC,F22WAC,L14WAC,,,,,,WTRCLC,,,,,,,B16CLC,,,,
13040," 1,366,041 ", 9.888643 ,CTYLAK,FORLAK,T13WAC,R13WAC,C03532,,,U04118,M27LAK,F22WAC,L14WAC,,S03LRE,,,,,,,,,,,,,,,
13041," 267,952,206 ", 11.283469 ,CTYLAK,FORLAK,T13WAC,R13WAC,C03532,,,U04118,M51WAC,F22WAC,L14WAC,P19WAC,,,,,WTRCLC,,,,,,,B16CLC,,,,
13042, -   , 15.087266 ,CTYLAK,FORLAK,T13WAC,R13WAC,C03532,,,U04118,,F22WAC,L14WAC,,,,,,,,,393SSA,,,,,,,,
13043," 172,488 ", 15.831791 ,CTYLAK,FORLAK,T13WAC,R13WAC,C03532,,,U04118,M48VOL,F22WAC,L14WAC,,,,,,WTRCLC,,,393SSA,,,,B16CLC,,,,
13044," 346,692 ", 10.260625 ,CTYLAK,FORLAK,T13WAC,R13WAC,C03532,E25079,H04120,,M51WAC,F22WAC,L14WAC,P19WAC,,,,,WTRCLC,,,,,,,B16CLC,,,,
13045," 44,688,924 ", 11.283469 ,CTYLAK,FORLAK,T13WAC,R13WAC,C03532,,,U04118,M51WAC,F22WAC,L14WAC,P19WAC,,,,,WTRCLC,,,403SSA,,,,B16CLC,,,,
13046," 2,552,995 ", 16.045430 ,CTYLAK,FORLAK,T13WAC,R13WAC,C03532,,,U04118,M48VOL,F22WAC,L14WAC,,S03LRE,,,,WTRCLC,,,393SSA,,,,B16CLC,,,,
13047, -   , 15.300905 ,CTYLAK,FORLAK,T13WAC,R13WAC,C03532,,,U04118,,F22WAC,L14WAC,,S03LRE,,,,,,,393SSA,,,,,,,,
13048," 430,374 ", 16.045430 ,CTYLAK,FORLAK,T13WAC,R13WAC,C03532,,,U04118,M48VOL,F22WAC,L14WAC,,S03LRE,,,,WTRCLC,,,393SSA,395SSA,,,B16CLC,,,,
13049," 142,353 ", 10.823104 ,CTYLAK,FORLAK,T13WAC,R13WAC,C03532,,,U04118,M51WAC,F22WAC,L14WAC,,,,,,WTRCLC,X41TIF,,,,,,B16CLC,,,,
13050," 12,604,500 ", 11.283469 ,CTYLAK,FORLAK,T13WAC,R13WAC,C03532,,,U04118,M51WAC,F22WAC,L14WAC,P19WAC,,,,,WTRCLC,X41TIF,,,,,,B16CLC,,,,
13051," 2,033,573 ", 7.384096 ,CTYLAK,FORLAK,T13WAC,R13WAC,C03532,,,U06220,M22LBA,F22WAC,L14WAC,,,,,,,,,222SSA,,,,,,,,
13052," 48,555,033 ", 10.235280 ,CTYLAK,FORLAK,T13WAC,R13WAC,C03532,,,U04118,M48VOL,F22WAC,L14WAC,,S03LRE,,,,WTRCLC,,,397SSA,,,,B16CLC,,,,
13053," 1,589,288 ", 9.675004 ,CTYLAK,FORLAK,T13WAC,R13WAC,C03532,,,U04118,M27LAK,F22WAC,L14WAC,,,,,,,X21TIF,,,,,,,,,,
13054," 8,900 ", 9.675004 ,CTYLAK,FORLAK,T13WAC,R13WAC,C03532,,,U04118,M27LAK,F22WAC,L14WAC,,,,,,,X22TIF,,,,,,,,,,
13055, -   , 9.888643 ,CTYLAK,FORLAK,T13WAC,R13WAC,C03532,,,U04118,M27LAK,F22WAC,L14WAC,,S03LRE,,,,,X22TIF,,,,,,,,,,
13056, -   , 9.705828 ,CTYLAK,FORLAK,T13WAC,R13WAC,C03532,,,U04118,M27LAK,F22WAC,L14WAC,,S06NMO,,,,,X21TIF,,,,,,,,,,
13057," 14,114 ", 9.705828 ,CTYLAK,FORLAK,T13WAC,R13WAC,C03532,,,U04118,M27LAK,F22WAC,L14WAC,,S06NMO,,,,,X22TIF,,,,,,,,,,
13058, -   , 9.888643 ,CTYLAK,FORLAK,T13WAC,R13WAC,C03532,,,U04118,M27LAK,F22WAC,L14WAC,,S03LRE,,,,,X21TIF,,,,,,,,,,
13059," 1,061 ", 9.642600 ,CTYLAK,FORLAK,T13WAC,R13WAC,C03532,,,U04118,M27LAK,F09FLA,L14WAC,,S06NMO,,,,,,,,,,,,,,,
14001," 156,609,024 ", 7.509525 ,CTYLAK,FORLAK,T14CUB,R14CUB,C01512,,,U06220,M04BAR,,L02BAR,P02BAR,,,,,,,,,,,,,,,,
14002," 5,120,116 ", 7.509525 ,CTYLAK,FORLAK,T14CUB,R14CUB,C01512,,,U06220,M04BAR,,L02BAR,P02BAR,,,,,,,,111SSA,,,,,,,,
14003," 85,790,053 ", 6.693103 ,CTYLAK,FORLAK,T14CUB,R14CUB,C01512,,,U06220,,F04BCO,L02BAR,,,,,,,,,,,,,,,,,
14004," 7,835,609 ", 7.871434 ,CTYLAK,FORLAK,T14CUB,R14CUB,C01512,,,U06220,M47TOL,F22WAC,L02BAR,,,,,,,,,,,,,,,,,
14005," 14,939,100 ", 7.710341 ,CTYLAK,FORLAK,T14CUB,R14CUB,C01512,,,U06220,M04BAR,,L02BAR,P02BAR,,,,,,,,112SSA,,,,,,,,
14006," 21,346,162 ", 7.448445 ,CTYLAK,FORLAK,T14CUB,R14CUB,C01512,,,U06220,,F04BCO,L02BAR,P02BAR,,,,,,,,,,,,,,,,
14007," 312,554 ", 7.609525 ,CTYLAK,FORLAK,T14CUB,R14CUB,C01512,,,U06220,M04BAR,,L02BAR,P02BAR,,,,,,,,110SSA,,,,,,,,
14008," 1,437,013 ", 7.609525 ,CTYLAK,FORLAK,T14CUB,R14CUB,C01512,,,U06220,M04BAR,,L02BAR,P02BAR,,,,,,,,110SSA,111SSA,,,,,,,
14009, -   , 7.649261 ,CTYLAK,FORLAK,T14CUB,R14CUB,C01512,,,U06220,,F04BCO,L02BAR,P02BAR,,,,,,,,112SSA,,,,,,,,
14010," 18,854,685 ", 6.767686 ,CTYLAK,FORLAK,T14CUB,R14CUB,C01512,,,U06220,,F14LZU,L02BAR,,,,,,,,,,,,,,,,,
14011," 769,232 ", 6.974532 ,CTYLAK,FORLAK,T14CUB,R14CUB,C01512,,,U06220,M34NBA,F04BCO,L02BAR,,,,,,,,,,,,,,,,,
14012, -   , 7.004546 ,CTYLAK,FORLAK,T14CUB,R14CUB,C01512,,,U06220,M34NBA,F04BCO,L02BAR,P11LBC,,,,,,,,,,,,,,,,
14013," 145,171 ", 6.743680 ,CTYLAK,FORLAK,T14CUB,R14CUB,C01512,,,U06220,,F04BCO,L02BAR,P03BHI,,,,,,,,,,,,,,,,
14016," 57,306,579 ", 7.840797 ,CTYLAK,FORLAK,T14CUB,R14CUB,C01512,,,U06220,M05BHI,F04BCO,L02BAR,P03BHI,,,,,,,,,,,,,,,,
14017," 6,608,604 ", 8.545562 ,CTYLAK,FORLAK,T14CUB,R14CUB,C01512,,,U06220,M05BHI,F04BCO,L02BAR,P02BAR,,,,,,,,,,,,,,,,
14019," 141,445,922 ", 7.255857 ,CTYLAK,FORLAK,T14CUB,R14CUB,C01512,,,U06220,M22LBA,F22WAC,L02BAR,P11LBC,,,,,,,,,,,,,,,,
14020, -   , 7.901448 ,CTYLAK,FORLAK,T14CUB,R14CUB,C01512,,,U06220,M47TOL,F22WAC,L02BAR,P11LBC,,,,,,,,,,,,,,,,
14021," 868,604 ", 6.921093 ,CTYLAK,FORLAK,T14CUB,R14CUB,C01512,,,U06220,,F22WAC,L02BAR,P11LBC,,,,,,,,,,,,,,,,
14022, -   , 7.202522 ,CTYLAK,FORLAK,T14CUB,R14CUB,C01512,,,U06220,M34NBA,F22WAC,L02BAR,P11LBC,,,,,,,,,,,,,,,,
14023," 1,890,371 ", 7.079129 ,CTYLAK,FORLAK,T14CUB,R14CUB,C01512,,,U06220,M34NBA,F14LZU,L02BAR,P11LBC,,,,,,,,,,,,,,,,
14024," 70,294,504 ", 7.057881 ,CTYLAK,FORLAK,T14CUB,R14CUB,C01512,,,U06220,M22LBA,F04BCO,L02BAR,P11LBC,,,,,,,,,,,,,,,,
14025," 103,758,106 ", 7.049115 ,CTYLAK,FORLAK,T14CUB,R14CUB,C01512,,,U06220,M34NBA,F14LZU,L02BAR,,,,,,,,,,,,,,,,,
14026," 74,253 ", 6.693103 ,CTYLAK,FORLAK,T14CUB,R14CUB,C01512,,,U06220,M09DPA,F04BCO,L02BAR,,,,,,,,,,,,,,,,,
14027, -   , 7.448445 ,CTYLAK,FORLAK,T14CUB,R14CUB,C01512,,,U06220,M09DPA,F04BCO,L02BAR,P02BAR,,,,,,,,,,,,,,,,
14028," 60,891,002 ", 6.891079 ,CTYLAK,FORLAK,T14CUB,R14CUB,C01512,,,U06220,,F22WAC,L02BAR,,,,,,,,,,,,,,,,,
14029, -   , 6.224741 ,CTYLAK,FORLAK,T14CUB,R14CUB,C01512,,,U06220,,,L02BAR,,,,,,,,,,,,,,,,,
14030," 9,219,775 ", 7.225843 ,CTYLAK,FORLAK,T14CUB,R14CUB,C01512,,,U06220,M22LBA,F22WAC,L02BAR,,,,,,,,,,,,,,,,,
14031, -   , 6.559505 ,CTYLAK,FORLAK,T14CUB,R14CUB,C01512,,,U06220,M22LBA,,L02BAR,,,,,,,,,,,,,,,,,
14032," 5,541,970 ", 7.172508 ,CTYLAK,FORLAK,T14CUB,R14CUB,C01512,,,U06220,M34NBA,F22WAC,L02BAR,,,,,,,,,,,,,,,,,
14035, -   , 8.126254 ,CTYLAK,FORLAK,T14CUB,R14CUB,C02528,E07026,H11155,,,F06CAR,,,,,,,,,,,,,,,,,,
14036, -   , 6.797700 ,CTYLAK,FORLAK,T14CUB,R14CUB,C01512,,,U06220,,F14LZU,L02BAR,P11LBC,,,,,,,,,,,,,,,,
14037," 5,828,632 ", 7.132464 ,CTYLAK,FORLAK,T14CUB,R14CUB,C01512,,,U06220,M22LBA,F14LZU,L02BAR,P11LBC,,,,,,,,,,,,,,,,
14038, -   , 6.589519 ,CTYLAK,FORLAK,T14CUB,R14CUB,C01512,,,U06220,M22LBA,,L02BAR,P11LBC,,,,,,,,,,,,,,,,
14039," 13,314,121 ", 6.723117 ,CTYLAK,FORLAK,T14CUB,R14CUB,C01512,,,U06220,,F04BCO,L02BAR,P11LBC,,,,,,,,,,,,,,,,
14040," 3,222,713 ", 7.027867 ,CTYLAK,FORLAK,T14CUB,R14CUB,C01512,,,U06220,M22LBA,F04BCO,L02BAR,,,,,,,,,,,,,,,,,
14041," 1,143,887 ", 7.790220 ,CTYLAK,FORLAK,T14CUB,R14CUB,C01512,,,U06220,M05BHI,F04BCO,L02BAR,,,,,,,,,,,,,,,,,
14042," 1,585,291 ", 7.102450 ,CTYLAK,FORLAK,T14CUB,R14CUB,C01512,,,U06220,M22LBA,F14LZU,L02BAR,,,,,,,,,,,,,,,,,
14043," 5,467,437 ", 7.255857 ,CTYLAK,FORLAK,T14CUB,R14CUB,C01512,,,U06220,M22LBA,F22WAC,L02BAR,P11LBC,,,,,,,,211SSA,,,,,,,,
14044," 628,916 ", 7.049115 ,CTYLAK,FORLAK,T14CUB,R14CUB,C01512,,,U06220,M34NBA,F14LZU,L02BAR,,,,,,,,,335SSA,,,,,,,,
14045, -   , 6.754183 ,CTYLAK,FORLAK,T14CUB,R14CUB,C01512,,,U06220,M04BAR,,L02BAR,,,,,,,,,,,,,,,,,
14046," 2,580,951 ", 7.049115 ,CTYLAK,FORLAK,T14CUB,R14CUB,C01512,,,U06220,M34NBA,F14LZU,L02BAR,,,,,,,,,337SSA,,,,,,,,
14047," 8,740,735 ", 7.217608 ,CTYLAK,FORLAK,T14CUB,R14CUB,C01512,,,U06220,M40PBA,F22WAC,L02BAR,,,,,,,,,,,,,,,,,
14048," 257,706 ", 7.331595 ,CTYLAK,FORLAK,T14CUB,R14CUB,C01512,,,U06220,M11FRG,F04BCO,L02BAR,,,,,,,,,,,,,,,,,
14049," 2,946,730 ", 7.057881 ,CTYLAK,FORLAK,T14CUB,R14CUB,C01512,,,U06220,M22LBA,F04BCO,L02BAR,P11LBC,,,,,,,,212SSA,,,,,,,,
14050, -   , 7.563622 ,CTYLAK,FORLAK,T14CUB,R14CUB,C01512,,,U06220,M11FRG,F10FRG,L02BAR,,,,,,,,,,,,,,,,,
14051," 6,945,290 ", 7.606062 ,CTYLAK,FORLAK,T14CUB,R14CUB,C01512,,,U06220,M11FRG,F10FRG,L02BAR,,,,,,,,,166SSA,,,,,,,,
14052," 25,528,850 ", 7.057881 ,CTYLAK,FORLAK,T14CUB,R14CUB,C01512,,,U06220,M22LBA,F04BCO,L02BAR,P11LBC,,,,,,,,213SSA,,,,,,,,
14053," 12,786,267 ", 7.027867 ,CTYLAK,FORLAK,T14CUB,R14CUB,C01512,,,U06220,M22LBA,F04BCO,L02BAR,,,,,,,,,213SSA,,,,,,,,
14054, -   , 7.871434 ,CTYLAK,FORLAK,T14CUB,R14CUB,C01512,,,U06220,M47TOL,F22WAC,L02BAR,,,,,,,,,383SSA,,,,,,,,
14055, -   , 7.901448 ,CTYLAK,FORLAK,T14CUB,R14CUB,C01512,,,U06220,M47TOL,F22WAC,L02BAR,P11LBC,,,,,,,,383SSA,,,,,,,,
14056," 42,829,953 ", 8.373302 ,CTYLAK,FORLAK,T14CUB,R14CUB,C02528,E07026,H11155,,,F06CAR,L03CAR,,,,,,,,,,,,,,,,,
14057," 1,961,379 ", 7.255857 ,CTYLAK,FORLAK,T14CUB,R14CUB,C01512,,,U06220,M22LBA,F22WAC,L02BAR,P11LBC,,,,,,,,214SSA,,,,,,,,
14058," 1,162,546 ", 7.255857 ,CTYLAK,FORLAK,T14CUB,R14CUB,C01512,,,U06220,M22LBA,F22WAC,L02BAR,P11LBC,,,,,,,,215SSA,,,,,,,,
14059," 611,899 ", 7.057881 ,CTYLAK,FORLAK,T14CUB,R14CUB,C01512,,,U06220,M22LBA,F04BCO,L02BAR,P11LBC,,,,,,,,215SSA,,,,,,,,
14060," 1,218,585 ", 7.225843 ,CTYLAK,FORLAK,T14CUB,R14CUB,C01512,,,U06220,M22LBA,F22WAC,L02BAR,,,,,,,,,216SSA,,,,,,,,
14061," 9,537,987 ", 7.057881 ,CTYLAK,FORLAK,T14CUB,R14CUB,C01512,,,U06220,M22LBA,F04BCO,L02BAR,P11LBC,,,,,,,,217SSA,,,,,,,,
14062, -   , 7.509525 ,CTYLAK,FORLAK,T14CUB,R14CUB,C01512,,,U06220,M04BAR,,L02BAR,P02BAR,,,,,,,,103SSA,,,,,,,,
14063," 14,496,752 ", 7.428169 ,CTYLAK,FORLAK,T14CUB,R14CUB,C01512,,,U06220,M11FRG,F04BCO,L02BAR,,,,,,,,,167SSA,,,,,,,,
14064," 2,581,036 ", 7.509525 ,CTYLAK,FORLAK,T14CUB,R14CUB,C01512,,,U06220,M04BAR,,L02BAR,P02BAR,,,,,,X03TIF,,,,,,,,,,
14065," 2,541,195 ", 7.509525 ,CTYLAK,FORLAK,T14CUB,R14CUB,C01512,,,U06220,M04BAR,,L02BAR,P02BAR,,,,,,X03TIF,,111SSA,,,,,,,,
14066," 3,742,452 ", 7.609525 ,CTYLAK,FORLAK,T14CUB,R14CUB,C01512,,,U06220,M04BAR,,L02BAR,P02BAR,,,,,,X03TIF,,110SSA,111SSA,,,,,,,
14067, -   , 7.609525 ,CTYLAK,FORLAK,T14CUB,R14CUB,C01512,,,U06220,M04BAR,,L02BAR,P02BAR,,,,,,X03TIF,,110SSA,,,,,,,,
14068," 9,384,131 ", 7.027867 ,CTYLAK,FORLAK,T14CUB,R14CUB,C01512,,,U06220,M22LBA,F04BCO,L02BAR,,,,,,,,,218SSA,,,,,,,,
14069," 1,042,707 ", 7.255857 ,CTYLAK,FORLAK,T14CUB,R14CUB,C01512,,,U06220,M22LBA,F22WAC,L02BAR,P11LBC,,,,,,,,219SSA,,,,,,,,
14070, -   , 7.225843 ,CTYLAK,FORLAK,T14CUB,R14CUB,C01512,,,U06220,M22LBA,F22WAC,L02BAR,,,,,,,,,219SSA,,,,,,,,
14071," 2,714,686 ", 7.442106 ,CTYLAK,FORLAK,T14CUB,R14CUB,C01512,,,U06220,M11FRG,F04BCO,L02BAR,,,,,,,,,168SSA,,,,,,,,
14072," 1,306,183 ", 7.049115 ,CTYLAK,FORLAK,T14CUB,R14CUB,C01512,,,U06220,M34NBA,F14LZU,L02BAR,,,,,,,,,335SSA,338SSA,,,,,,,
14073," 6,619,066 ", 7.027867 ,CTYLAK,FORLAK,T14CUB,R14CUB,C01512,,,U06220,M22LBA,F04BCO,L02BAR,,,,,,,,,220SSA,,,,,,,,
14074, -   , 7.057881 ,CTYLAK,FORLAK,T14CUB,R14CUB,C01512,,,U06220,M22LBA,F04BCO,L02BAR,P11LBC,,,,,,,,220SSA,,,,,,,,
14075," 21,565,470 ", 7.509525 ,CTYLAK,FORLAK,T14CUB,R14CUB,C01512,,,U06220,M04BAR,,L02BAR,P02BAR,,,,,,,,103SSA,105SSA,,,,,,,
14076, -   , 7.509525 ,CTYLAK,FORLAK,T14CUB,R14CUB,C01512,,,U06220,M04BAR,,L02BAR,P02BAR,,,,,,,,105SSA,,,,,,,,
14077, -   , 7.509525 ,CTYLAK,FORLAK,T14CUB,R14CUB,C01512,,,U06220,M04BAR,,L02BAR,P02BAR,,,,,,,,103SSA,106SSA,,,,,,,
14078, -   , 7.509525 ,CTYLAK,FORLAK,T14CUB,R14CUB,C01512,,,U06220,M04BAR,,L02BAR,P02BAR,,,,,,,,106SSA,,,,,,,,
14079," 7,937,227 ", 7.255857 ,CTYLAK,FORLAK,T14CUB,R14CUB,C01512,,,U06220,M22LBA,F22WAC,L02BAR,P11LBC,,,,,,,,210SSA,,,,,,,,
14080," 542,925 ", 7.057881 ,CTYLAK,FORLAK,T14CUB,R14CUB,C01512,,,U06220,M22LBA,F04BCO,L02BAR,P11LBC,,,,,,,,209SSA,,,,,,,,
14081," 666,957 ", 7.049115 ,CTYLAK,FORLAK,T14CUB,R14CUB,C01512,,,U06220,M34NBA,F14LZU,L02BAR,,,,,,,,,340SSA,,,,,,,,
14082, -   , 7.977887 ,CTYLAK,FORLAK,T14CUB,R14CUB,C01512,,,U06220,M04BAR,F04BCO,L02BAR,P02BAR,,,,,,,,,,,,,,,,
14083," 876,468 ", 8.545562 ,CTYLAK,FORLAK,T14CUB,R14CUB,C01512,,,U06220,M05BHI,F04BCO,L02BAR,P02BAR,,,,,,,,109SSA,,,,,,,,
14084, -   , 7.509525 ,CTYLAK,FORLAK,T14CUB,R14CUB,C01512,,,U06220,M04BAR,,L02BAR,P02BAR,,,,,,,,107SSA,,,,,,,,
14085," 1,921,235 ", 7.509525 ,CTYLAK,FORLAK,T14CUB,R14CUB,C01512,,,U06220,M04BAR,,L02BAR,P02BAR,,,,,,,,104SSA,107SSA,,,,,,,
14086, -   , 7.027867 ,CTYLAK,FORLAK,T14CUB,R14CUB,C01512,,,U06220,M22LBA,F04BCO,L02BAR,,,,,,,,,221SSA,,,,,,,,
14087," 3,725,415 ", 7.027867 ,CTYLAK,FORLAK,T14CUB,R14CUB,C01512,,,U06220,M22LBA,F04BCO,L02BAR,,,,,,,,,213SSA,221SSA,,,,,,,
14088," 3,148,104 ", 7.509525 ,CTYLAK,FORLAK,T14CUB,R14CUB,C01512,,,U06220,M04BAR,,L02BAR,P02BAR,,,,,,,,108SSA,,,,,,,,
14089, -   , 7.172508 ,CTYLAK,FORLAK,T14CUB,R14CUB,C01512,,,U06220,M34NBA,F22WAC,L02BAR,,,,,,,,,334SSA,,,,,,,,
14090," 1,359,623 ", 6.974532 ,CTYLAK,FORLAK,T14CUB,R14CUB,C01512,,,U06220,M34NBA,F04BCO,L02BAR,,,,,,,,,341SSA,,,,,,,,
14091," 7,016,453 ", 7.255857 ,CTYLAK,FORLAK,T14CUB,R14CUB,C01512,,,U06220,M22LBA,F22WAC,L02BAR,P11LBC,,,,,,,,222SSA,,,,,,,,
14092," 55,061,414 ", 7.871434 ,CTYLAK,FORLAK,T14CUB,R14CUB,C01512,,,U06220,M47TOL,F22WAC,L02BAR,,,,,,,,,384SSA,,,,,,,,
14093," 607,144 ", 7.901448 ,CTYLAK,FORLAK,T14CUB,R14CUB,C01512,,,U06220,M47TOL,F22WAC,L02BAR,P11LBC,,,,,,,,384SSA,,,,,,,,
14094," 51,034,182 ", 7.172508 ,CTYLAK,FORLAK,T14CUB,R14CUB,C01512,,,U06220,M34NBA,F22WAC,L02BAR,,,,,,,,,334SSA,413SSA,,,,,,,
15002," 8,062,382 ", 6.635605 ,CTYLAK,FORLAK,T15ELA,R15ELA,C01512,,,U06220,,F14LZU,L02BAR,,,,,,,,,,,,,,,,,
15003," 192,979 ", 6.561022 ,CTYLAK,FORLAK,T15ELA,R15ELA,C01512,,,U06220,,F04BCO,L02BAR,,,,,,,,,,,,,,,,,
15004," 75,427 ", 9.716096 ,CTYLAK,FORLAK,T15ELA,R15ELA,C03532,E24076,H07125,,,F07COU,L05ELA,,,,,,,,,,,,,B09COU,,,,
15005, -   , 6.561022 ,CTYLAK,FORLAK,T15ELA,R15ELA,C01512,,,U06220,M09DPA,F04BCO,L02BAR,,,,,,,,,,,,,,,,,
15006," 11,592,808 ", 10.180239 ,CTYLAK,FORLAK,T15ELA,R15ELA,C03532,E24076,H07125,,,F07COU,L05ELA,P15MUN,,,,,,,,,,,,B09COU,B15MUN,,,
15008, -   , 6.622102 ,CTYLAK,FORLAK,T15ELA,R15ELA,C01512,,,U06220,M04BAR,,L02BAR,,,,,,,,,,,,,,,,,
15009," 86,697,135 ", 7.377444 ,CTYLAK,FORLAK,T15ELA,R15ELA,C01512,,,U06220,M04BAR,,L02BAR,P02BAR,,,,,,,,,,,,,,,,
15014, -   , 9.282931 ,CTYLAK,FORLAK,T15ELA,R15ELA,C03532,E26096,H07125,,M31LGR,F17LGR,L12VER,,,,,,,,,,,,,,,,,
15015, -   , 9.055179 ,CTYLAK,FORLAK,T15ELA,R15ELA,C03532,E26096,H07125,,,F07COU,L05ELA,,,,,,,,,,,,,B09COU,,,,
15016," 4,346,430 ", 9.002031 ,CTYLAK,FORLAK,T15ELA,R15ELA,C03532,E26096,H07125,,,F14LZU,L05ELA,,,,,,,,,,,,,,,,,
15017," 375,821 ", 9.282931 ,CTYLAK,FORLAK,T15ELA,R15ELA,C03532,E26096,H07125,,,F17LGR,L12VER,,,,,,,,,,,,,,,,,
15018," 31,195,723 ", 9.301303 ,CTYLAK,FORLAK,T15ELA,R15ELA,C03532,E26096,H07125,,,F17LGR,L05ELA,,,,,,,,,,,,,,,,,
15019," 1,380,081 ", 9.282931 ,CTYLAK,FORLAK,T15ELA,R15ELA,C03532,E26096,H07125,,,F17LGR,L12VER,P14LGR,,,,,,,,,,,,,,,,
15020," 97,879 ", 9.301303 ,CTYLAK,FORLAK,T15ELA,R15ELA,C03532,E26096,H07125,,,F17LGR,L05ELA,P14LGR,,,,,,,,,,,,,,,,
15021, -   , 9.783239 ,CTYLAK,FORLAK,T15ELA,R15ELA,C03532,E26096,H07125,,M16HWO,F17LGR,L05ELA,,,,,,,,,,,,,,,,,
15022, -   , 9.537115 ,CTYLAK,FORLAK,T15ELA,R15ELA,C03532,E26096,H07125,,M16HWO,F07COU,L05ELA,,,,,,,,,,,,,B09COU,,,,
15023," 7,284 ", 9.301303 ,CTYLAK,FORLAK,T15ELA,R15ELA,C03532,E26096,H07125,,M31LGR,F17LGR,L05ELA,,,,,,,,,,,,,,,,,
15025," 101,504,125 ", 9.287244 ,CTYLAK,FORLAK,T15ELA,R15ELA,C03532,E26096,H07125,,M21KIL,F14LZU,L05ELA,,,,,,,,,,,,,,,,,
15026, -   , 9.002031 ,CTYLAK,FORLAK,T15ELA,R15ELA,C03532,E26096,H07125,,,F14LZU,L05ELA,,,,,,,,,144SSA,,,,,,,,
15027," 41,325,842 ", 9.586516 ,CTYLAK,FORLAK,T15ELA,R15ELA,C03532,E26096,H07125,,M21KIL,F17LGR,L05ELA,,,,,,,,,,,,,,,,,
15028," 137,770,737 ", 9.282931 ,CTYLAK,FORLAK,T15ELA,R15ELA,C03532,E26096,H07125,,M31LGR,F17LGR,L12VER,P14LGR,,,,,,,,,,,,,,,,
15030," 83,494,425 ", 6.635605 ,CTYLAK,FORLAK,T15ELA,R15ELA,C01512,,,U06220,M09DPA,F14LZU,L02BAR,,,,,,,,,,,,,,,,,
15031," 27,525,854 ", 9.301303 ,CTYLAK,FORLAK,T15ELA,R15ELA,C03532,E26096,H07125,,M31LGR,F17LGR,L05ELA,P14LGR,,,,,,,,,,,,,,,,
15038, -   , 9.301303 ,CTYLAK,FORLAK,T15ELA,R15ELA,C03532,E26096,H07125,,,F17LGR,L05ELA,,,,,,,,,144SSA,,,,,,,,
15039," 7,644,630 ", 9.036807 ,CTYLAK,FORLAK,T15ELA,R15ELA,C03532,E26096,H07125,,M31LGR,F07COU,L12VER,P14LGR,,,,,,,,,,,,B09COU,,,,
15040," 24,262,067 ", 9.501861 ,CTYLAK,FORLAK,T15ELA,R15ELA,C03532,E26096,H07125,,M26LZU,,L05ELA,,,,,,,,,,,,,,,,,
15042," 9,621,667 ", 9.697724 ,CTYLAK,FORLAK,T15ELA,R15ELA,C03532,E24076,H07125,,M31LGR,F07COU,L12VER,P14LGR,,,,,,,,,,,,B09COU,,,,
15044, -   , 7.174150 ,CTYLAK,FORLAK,T15ELA,R15ELA,C03532,,,U02095,,F14LZU,L05ELA,,,,,,,,,144SSA,,,,,,,,
15045, -   , 9.055179 ,CTYLAK,FORLAK,T15ELA,R15ELA,C03532,E26096,H07125,,M31LGR,F07COU,L05ELA,,,,,,,,,,,,,B09COU,,,,
15047," 876,128 ", 8.838258 ,CTYLAK,FORLAK,T15ELA,R15ELA,C03532,E25079,H07125,,M16HWO,F07COU,L05ELA,,,,,,,,,,,,,B09COU,,,,
15048," 13,093,104 ", 8.356322 ,CTYLAK,FORLAK,T15ELA,R15ELA,C03532,E25079,H07125,,,F07COU,L05ELA,,,,,,,,,,,,,B09COU,,,,
15049," 1,723,256 ", 8.337950 ,CTYLAK,FORLAK,T15ELA,R15ELA,C03532,E25079,H07125,,M31LGR,F07COU,L12VER,P14LGR,,,,,,,,,,,,B09COU,,,,
15053, -   , 8.820465 ,CTYLAK,FORLAK,T15ELA,R15ELA,C03532,E25079,H07125,,,F07COU,L05ELA,P15MUN,,,,,,,,,,,,B09COU,B15MUN,,,
15054," 106,042,010 ", 7.174150 ,CTYLAK,FORLAK,T15ELA,R15ELA,C03532,,,U02095,,F14LZU,L05ELA,,,,,,,,,,,,,,,,,
15055," 199,401 ", 7.779479 ,CTYLAK,FORLAK,T15ELA,R15ELA,C03532,,,U02095,M16HWO,F22WAC,L05ELA,,,,,,,,,,,,,,,,,
15056," 4,707,244 ", 7.227298 ,CTYLAK,FORLAK,T15ELA,R15ELA,C03532,,,U02095,,F07COU,L05ELA,,,,,,,,,,,,,B09COU,,,,
15057," 13,545,195 ", 7.297543 ,CTYLAK,FORLAK,T15ELA,R15ELA,C03532,,,U02095,,F22WAC,L05ELA,,,,,,,,,,,,,,,,,
15058," 7,119,700 ", 7.383927 ,CTYLAK,FORLAK,T15ELA,R15ELA,C03532,,,U02095,,F17LGR,L02BAR,,,,,,,,,,,,,,,,,
15059," 772,899,845 ", 7.673980 ,CTYLAK,FORLAK,T15ELA,R15ELA,C03532,,,U02095,M26LZU,,L05ELA,,,,,,,,,,,,,,,,,
15060," 10,674,026 ", 7.369868 ,CTYLAK,FORLAK,T15ELA,R15ELA,C03532,,,U02095,M21KIL,F14LZU,L02BAR,,,,,,,,,,,,,,,,,
15061, -   , 7.709234 ,CTYLAK,FORLAK,T15ELA,R15ELA,C03532,,,U02095,M16HWO,F07COU,L05ELA,,,,,,,,,,,,,B09COU,,,,
15062," 3,881,239 ", 7.656086 ,CTYLAK,FORLAK,T15ELA,R15ELA,C03532,,,U02095,M16HWO,F14LZU,L05ELA,,,,,,,,,,,,,,,,,
15063," 140,565,739 ", 7.459363 ,CTYLAK,FORLAK,T15ELA,R15ELA,C03532,,,U02095,M21KIL,F14LZU,L05ELA,,,,,,,,,,,,,,,,,
15064," 120,549,395 ", 7.084655 ,CTYLAK,FORLAK,T15ELA,R15ELA,C03532,,,U02095,M09DPA,F14LZU,L02BAR,,,,,,,,,,,,,,,,,
15065," 3,799,311 ", 7.366084 ,CTYLAK,FORLAK,T15ELA,R15ELA,C03532,,,U02095,M34NBA,F14LZU,L02BAR,,,,,,,,,,,,,,,,,
15066," 10,476 ", 6.541710 ,CTYLAK,FORLAK,T15ELA,R15ELA,C03532,,,U02095,M09DPA,,L02BAR,,,,,,,,,,,,,,,,,
15067," 114,461 ", 7.955358 ,CTYLAK,FORLAK,T15ELA,R15ELA,C03532,,,U02095,M16HWO,F17LGR,L05ELA,,,,,,,,,,,,,,,,,
15068," 2,537,694 ", 7.383927 ,CTYLAK,FORLAK,T15ELA,R15ELA,C03532,,,U02095,M09DPA,F17LGR,L02BAR,,,,,,,,,,,,,,,,,
15069," 27,821,403 ", 7.758635 ,CTYLAK,FORLAK,T15ELA,R15ELA,C03532,,,U02095,M21KIL,F17LGR,L05ELA,,,,,,,,,,,,,,,,,
15070," 2,543,768 ", 7.084655 ,CTYLAK,FORLAK,T15ELA,R15ELA,C03532,,,U02095,,F14LZU,L02BAR,,,,,,,,,,,,,,,,,
15071, -   , 6.852206 ,CTYLAK,FORLAK,T15ELA,R15ELA,C03532,,,U02095,M09DPA,F14LZU,,,,,,,,,,,,,,,,,,
15072," 660,370 ", 7.473422 ,CTYLAK,FORLAK,T15ELA,R15ELA,C03532,,,U02095,,F17LGR,L05ELA,,,,,,,,,,,,,,,,,
15073," 42,474,199 ", 7.584485 ,CTYLAK,FORLAK,T15ELA,R15ELA,C03532,,,U02095,M26LZU,,L02BAR,,,,,,,,,,,,,,,,,
15074, -   , 7.390947 ,CTYLAK,FORLAK,T15ELA,R15ELA,C01512,,,U06220,M09DPA,F14LZU,L02BAR,P02BAR,,,,,,,,,,,,,,,,
15075," 236,358 ", 7.174150 ,CTYLAK,FORLAK,T15ELA,R15ELA,C03532,,,U02095,M09DPA,F14LZU,L05ELA,,,,,,,,,,,,,,,,,
15076," 5,658,126 ", 7.578972 ,CTYLAK,FORLAK,T15ELA,R15ELA,C03532,,,U02095,M34NBA,F22WAC,L05ELA,,,,,,,,,,,,,,,,,
15077, -   , 9.002031 ,CTYLAK,FORLAK,T15ELA,R15ELA,C03532,E26096,H07125,,M31LGR,F14LZU,L05ELA,,,,,,,,,,,,,,,,,
15078, -   , 9.716096 ,CTYLAK,FORLAK,T15ELA,R15ELA,C03532,E24076,H07125,,M31LGR,F07COU,L05ELA,,,,,,,,,,,,,B09COU,,,,
15079, -   , 6.537133 ,CTYLAK,FORLAK,T15ELA,R15ELA,C03532,,,U06220,M09DPA,F14LZU,L02BAR,,,,,,,,,,,,,,,,,
15080, -   , 10.180239 ,CTYLAK,FORLAK,T15ELA,R15ELA,C03532,E24076,H07125,,M31LGR,F07COU,L05ELA,P15MUN,,,,,,,,,,,,B09COU,B15MUN,,,
15081, -   , 7.673980 ,CTYLAK,FORLAK,T15ELA,R15ELA,C03532,,,U02095,M26LZU,,L05ELA,,,,,,,,,254SSA,,,,,,,,
15082," 34,838,117 ", 9.055179 ,CTYLAK,FORLAK,T15ELA,R15ELA,C03532,E26096,H07125,,M31LGR,F07COU,L05ELA,P14LGR,,,,,,,,,,,,B09COU,,,,
15083, -   , 9.002031 ,CTYLAK,FORLAK,T15ELA,R15ELA,C03532,E26096,H07125,,M31LGR,F14LZU,L05ELA,P14LGR,,,,,,,,,,,,,,,,
15084, -   , 8.356322 ,CTYLAK,FORLAK,T15ELA,R15ELA,C03532,E25079,H07125,,M31LGR,F07COU,L05ELA,,,,,,,,,,,,,B09COU,,,,
15085," 2,451,956 ", 7.366084 ,CTYLAK,FORLAK,T15ELA,R15ELA,C03532,,,U02095,M34NBA,F14LZU,L02BAR,,,,,,,,,335SSA,,,,,,,,
15086," 3,518,632 ", 7.366084 ,CTYLAK,FORLAK,T15ELA,R15ELA,C03532,,,U02095,M34NBA,F14LZU,L02BAR,,,,,,,,,336SSA,,,,,,,,
15087, -   , 7.656086 ,CTYLAK,FORLAK,T15ELA,R15ELA,C03532,,,U02095,M16HWO,F14LZU,L05ELA,,,,,,,,,144SSA,,,,,,,,
15088," 17,356,426 ", 8.820465 ,CTYLAK,FORLAK,T15ELA,R15ELA,C03532,E25079,H07125,,M31LGR,F07COU,L05ELA,P15MUN,,,,,,,,,,,,B09COU,B15MUN,,,
15089, -   , 9.501861 ,CTYLAK,FORLAK,T15ELA,R15ELA,C03532,E26096,H07125,,M26LZU,,L05ELA,,,,,,,,,144SSA,,,,,,,,
15090, -   , 9.287244 ,CTYLAK,FORLAK,T15ELA,R15ELA,C03532,E26096,H07125,,M21KIL,F14LZU,L05ELA,,,,,,,,,144SSA,,,,,,,,
15091," 3,067,786 ", 7.455579 ,CTYLAK,FORLAK,T15ELA,R15ELA,C03532,,,U02095,M34NBA,F14LZU,L05ELA,,,,,,,,,,,,,,,,,
15092, -   , 7.084655 ,CTYLAK,FORLAK,T15ELA,R15ELA,C03532,,,U02095,M09DPA,F14LZU,L02BAR,,,,,,,,,157SSA,,,,,,,,
15093, -   , 7.383927 ,CTYLAK,FORLAK,T15ELA,R15ELA,C03532,,,U02095,M09DPA,F17LGR,L02BAR,,,,,,,,,157SSA,,,,,,,,
15094, -   , 7.084655 ,CTYLAK,FORLAK,T15ELA,R15ELA,C03532,,,U02095,,F14LZU,L02BAR,,,,,,,,,157SSA,,,,,,,,
15095, -   , 7.084655 ,CTYLAK,FORLAK,T15ELA,R15ELA,C03532,,,U02095,,F14LZU,L02BAR,,,,,,,,,159SSA,,,,,,,,
15096, -   , 7.084655 ,CTYLAK,FORLAK,T15ELA,R15ELA,C03532,,,U02095,M09DPA,F14LZU,L02BAR,,,,,,,,,157SSA,159SSA,,,,,,,
15097, -   , 7.084655 ,CTYLAK,FORLAK,T15ELA,R15ELA,C03532,,,U02095,M09DPA,F14LZU,L02BAR,,,,,,,,,159SSA,,,,,,,,
15098, -   , 7.084655 ,CTYLAK,FORLAK,T15ELA,R15ELA,C03532,,,U02095,M09DPA,F14LZU,L02BAR,,,,,,,,,157SSA,158SSA,,,,,,,
15099," 1,002,514 ", 7.084655 ,CTYLAK,FORLAK,T15ELA,R15ELA,C03532,,,U02095,M09DPA,F14LZU,L02BAR,,,,,,,,,158SSA,,,,,,,,
15100, -   , 7.084655 ,CTYLAK,FORLAK,T15ELA,R15ELA,C03532,,,U02095,M09DPA,F14LZU,L02BAR,,,,,,,,,157SSA,160SSA,,,,,,,
15101," 269,127 ", 8.356322 ,CTYLAK,FORLAK,T15ELA,R15ELA,C03532,E25079,H07125,,M31LGR,F07COU,L05ELA,P14LGR,,,,,,,,,,,,B09COU,,,,
15102, -   , 7.673980 ,CTYLAK,FORLAK,T15ELA,R15ELA,C03532,,,U02095,M26LZU,,L05ELA,,,,,,,,,255SSA,,,,,,,,
15103," 8,573,440 ", 7.791845 ,CTYLAK,FORLAK,T15ELA,R15ELA,C03532,,,U02095,M26LZU,,L05ELA,,,,,,,,,256SSA,,,,,,,,
15104," 5,598,101 ", 7.887446 ,CTYLAK,FORLAK,T15ELA,R15ELA,C03532,,,U02095,M26LZU,,L05ELA,,,,,,,,,257SSA,,,,,,,,
15105, -   , 7.887446 ,CTYLAK,FORLAK,T15ELA,R15ELA,C03532,,,U02095,M26LZU,,L05ELA,,,,,,,,,254SSA,257SSA,,,,,,,
15106," 2,392,214 ", 7.715783 ,CTYLAK,FORLAK,T15ELA,R15ELA,C03532,,,U02095,M26LZU,,L05ELA,,,,,,,,,248SSA,,,,,,,,
15107, -   , 7.084655 ,CTYLAK,FORLAK,T15ELA,R15ELA,C03532,,,U02095,M09DPA,F14LZU,L02BAR,,,,,,,,,157SSA,163SSA,,,,,,,
15108, -   , 7.084655 ,CTYLAK,FORLAK,T15ELA,R15ELA,C03532,,,U02095,M09DPA,F14LZU,L02BAR,,,,,,,,,157SSA,158SSA,163SSA,,,,,,
15109, -   , 7.084655 ,CTYLAK,FORLAK,T15ELA,R15ELA,C03532,,,U02095,M09DPA,F14LZU,L02BAR,,,,,,,,,157SSA,160SSA,163SSA,,,,,,
15110, -   , 7.084655 ,CTYLAK,FORLAK,T15ELA,R15ELA,C03532,,,U02095,M09DPA,F14LZU,L02BAR,,,,,,,,,157SSA,158SSA,161SSA,,,,,,
15111, -   , 7.084655 ,CTYLAK,FORLAK,T15ELA,R15ELA,C03532,,,U02095,M09DPA,F14LZU,L02BAR,,,,,,,,,157SSA,159SSA,162SSA,,,,,,
15112, -   , 7.084655 ,CTYLAK,FORLAK,T15ELA,R15ELA,C03532,,,U02095,M09DPA,F14LZU,L02BAR,,,,,,,,,157SSA,158SSA,162SSA,,,,,,
15113, -   , 7.084655 ,CTYLAK,FORLAK,T15ELA,R15ELA,C03532,,,U02095,M09DPA,F14LZU,L02BAR,,,,,,,,,160SSA,,,,,,,,
15114, -   , 7.084655 ,CTYLAK,FORLAK,T15ELA,R15ELA,C03532,,,U02095,M09DPA,F14LZU,L02BAR,,,,,,,,,160SSA,163SSA,,,,,,,
15115," 2,783,458 ", 7.673980 ,CTYLAK,FORLAK,T15ELA,R15ELA,C03532,,,U02095,M26LZU,,L05ELA,,,,,,,X24TIF,,,,,,,,,,
15116, -   , 7.791845 ,CTYLAK,FORLAK,T15ELA,R15ELA,C03532,,,U02095,M26LZU,,L05ELA,,,,,,,X24TIF,,256SSA,,,,,,,,
15117, -   , 11.844793 ,CTYLAK,FORLAK,T15ELA,R15ELA,C03532,,,U02095,M09DPA,F14LZU,L02BAR,,,,,,,,,156SSA,157SSA,163SSA,,,,,,
15118, -   , 11.844793 ,CTYLAK,FORLAK,T15ELA,R15ELA,C03532,,,U02095,M09DPA,F14LZU,L02BAR,,,,,,,,,156SSA,157SSA,158SSA,163SSA,,,,,
15119, -   , 11.844793 ,CTYLAK,FORLAK,T15ELA,R15ELA,C03532,,,U02095,M09DPA,F14LZU,L02BAR,,,,,,,,,156SSA,157SSA,160SSA,163SSA,,,,,
15120, -   , 9.653940 ,CTYLAK,FORLAK,T15ELA,R15ELA,C03532,,,U02095,M09DPA,F14LZU,L02BAR,,,,,,,,,157SSA,158SSA,161SSA,164SSA,,,,,
15121, -   , 9.736547 ,CTYLAK,FORLAK,T15ELA,R15ELA,C03532,,,U02095,M09DPA,F14LZU,L02BAR,,,,,,,,,157SSA,159SSA,162SSA,165SSA,,,,,
15122, -   , 9.586516 ,CTYLAK,FORLAK,T15ELA,R15ELA,C03532,E26096,H07125,,M21KIL,F17LGR,L05ELA,P14LGR,,,,,,,,,,,,,,,,
15123," 12,204,296 ", 11.844793 ,CTYLAK,FORLAK,T15ELA,R15ELA,C03532,,,U02095,M09DPA,F14LZU,L02BAR,,,,,,,,,156SSA,160SSA,163SSA,,,,,,
15124, -   , 10.633872 ,CTYLAK,FORLAK,T15ELA,R15ELA,C03532,E24076,H07125,,M33MUN,,L05ELA,,,,,,WTRCLC,,,,,,,B16CLC,B17MU2,,,
15125, -   , 11.098015 ,CTYLAK,FORLAK,T15ELA,R15ELA,C03532,E24076,H07125,,M33MUN,,L05ELA,P15MUN,,,,,WTRCLC,,,,,,,B15MUN,B16CLC,B17MU2,,
15126," 87,410,454 ", 7.886336 ,CTYLAK,FORLAK,T15ELA,R15ELA,C03532,,,U02095,M16HWO,F14LZU,L05ELA,,,,,,,,,180SSA,,,,,,,,
15127," 14,649,409 ", 8.009729 ,CTYLAK,FORLAK,T15ELA,R15ELA,C03532,,,U02095,M16HWO,F22WAC,L05ELA,,,,,,,,,180SSA,,,,,,,,
15128," 27,606,774 ", 8.962804 ,CTYLAK,FORLAK,T15ELA,R15ELA,C03532,E25079,H07125,,M16HWO,F07COU,L05ELA,,,,,,,,,181SSA,,,,B09COU,,,,
15129," 4,917,965 ", 7.833780 ,CTYLAK,FORLAK,T15ELA,R15ELA,C03532,,,U02095,M16HWO,F07COU,L05ELA,,,,,,,,,181SSA,,,,B09COU,,,,
15130," 116,948,355 ", 7.780632 ,CTYLAK,FORLAK,T15ELA,R15ELA,C03532,,,U02095,M16HWO,F14LZU,L05ELA,,,,,,,,,181SSA,,,,,,,,
15131, -   , 7.780632 ,CTYLAK,FORLAK,T15ELA,R15ELA,C03532,,,U02095,M16HWO,F14LZU,L05ELA,,,,,,,,,144SSA,181SSA,,,,,,,
15132," 80,898,881 ", 9.070055 ,CTYLAK,FORLAK,T15ELA,R15ELA,C03532,E25079,H07125,,M16HWO,F07COU,L05ELA,,,,,,,,,182SSA,,,,B09COU,,,,
15133," 5,830,845 ", 7.887883 ,CTYLAK,FORLAK,T15ELA,R15ELA,C03532,,,U02095,M16HWO,F14LZU,L05ELA,,,,,,,,,182SSA,,,,,,,,
15134," 17,074,724 ", 7.941031 ,CTYLAK,FORLAK,T15ELA,R15ELA,C03532,,,U02095,M16HWO,F07COU,L05ELA,,,,,,,,,182SSA,,,,B09COU,,,,
15135," 2,495,645 ", 8.187155 ,CTYLAK,FORLAK,T15ELA,R15ELA,C03532,,,U02095,M16HWO,F17LGR,L05ELA,,,,,,,,,182SSA,,,,,,,,
15136," 5,573,334 ", 10.015036 ,CTYLAK,FORLAK,T15ELA,R15ELA,C03532,E26096,H07125,,M16HWO,F17LGR,L05ELA,,,,,,,,,182SSA,,,,,,,,
15137," 3,651,974 ", 9.768912 ,CTYLAK,FORLAK,T15ELA,R15ELA,C03532,E26096,H07125,,M16HWO,F07COU,L05ELA,,,,,,,,,182SSA,,,,B09COU,,,,
15138," 4,025,927 ", 7.673980 ,CTYLAK,FORLAK,T15ELA,R15ELA,C03532,,,U02095,M26LZU,,L05ELA,,,,,,,,,249SSA,,,,,,,,
15139, -   , 7.298696 ,CTYLAK,FORLAK,T15ELA,R15ELA,C03532,,,U02095,,F14LZU,L05ELA,,,,,,,,,181SSA,,,,,,,,
15140, -   , 8.480868 ,CTYLAK,FORLAK,T15ELA,R15ELA,C03532,E25079,H07125,,,F07COU,L05ELA,,,,,,,,,181SSA,,,,B09COU,,,,
15142, -   , 7.316364 ,CTYLAK,FORLAK,T15ELA,R15ELA,C01512,,,U06220,,F04BCO,L02BAR,P02BAR,,,,,,,,,,,,,,,,
15143, -   , 7.316364 ,CTYLAK,FORLAK,T15ELA,R15ELA,C01512,,,U06220,M09DPA,F04BCO,L02BAR,P02BAR,,,,,,,,,,,,,,,,
15144, -   , 7.390947 ,CTYLAK,FORLAK,T15ELA,R15ELA,C01512,,,U06220,M09DPA,F14LZU,L02BAR,P02BAR,,,,,,,,,,,,,,,,
15145," 708,606 ", 7.369868 ,CTYLAK,FORLAK,T15ELA,R15ELA,C03532,,,U02095,M21KIL,F14LZU,L02BAR,,,,,,,,,208SSA,,,,,,,,
15146," 13,341,869 ", 7.459363 ,CTYLAK,FORLAK,T15ELA,R15ELA,C03532,,,U02095,M21KIL,F14LZU,L05ELA,,,,,,,,,208SSA,,,,,,,,
15147," 2,329,786 ", 9.301303 ,CTYLAK,FORLAK,T15ELA,R15ELA,C03532,E26096,H07125,,M31LGR,F17LGR,L05ELA,P14LGR,,,,,,,,259SSA,,,,,,,,
15148," 7,332 ", 7.512511 ,CTYLAK,FORLAK,T15ELA,R15ELA,C03532,,,U02095,M21KIL,F07COU,L05ELA,,,,,,,,,,,,,B09COU,,,,
15149, -   , 9.586516 ,CTYLAK,FORLAK,T15ELA,R15ELA,C03532,E26096,H07125,,M21KIL,F17LGR,L05ELA,,,,,,,,,144SSA,,,,,,,,
15150, -   , 7.673980 ,CTYLAK,FORLAK,T15ELA,R15ELA,C03532,,,U02095,M26LZU,,L05ELA,,,,,,,X24TIF,,250SSA,,,,,,,,
15151, -   , 7.578972 ,CTYLAK,FORLAK,T15ELA,R15ELA,C03532,,,U02095,M34NBA,F22WAC,L05ELA,,,,,,,,,339SSA,,,,,,,,
15152," 13,975,292 ", 9.501861 ,CTYLAK,FORLAK,T15ELA,R15ELA,C03532,E26096,H07125,,M26LZU,,L05ELA,,,,,,,,,251SSA,,,,,,,,
15153," 192,804 ", 8.216925 ,CTYLAK,FORLAK,T15ELA,R15ELA,C03532,,,U02095,M26LZU,F14LZU,L05ELA,,,,,,,,,,,,,,,,,
15154," 305,174 ", 7.833780 ,CTYLAK,FORLAK,T15ELA,R15ELA,C03532,,,U02095,M16HWO,F07COU,L05ELA,,,,,,,,,181SSA,183SSA,,,B09COU,,,,
15155," 1,022,934 ", 7.780632 ,CTYLAK,FORLAK,T15ELA,R15ELA,C03532,,,U02095,M16HWO,F14LZU,L05ELA,,,,,,,,,181SSA,183SSA,,,,,,,
15156, -   , 10.044806 ,CTYLAK,FORLAK,T15ELA,R15ELA,C03532,E26096,H07125,,M26LZU,F14LZU,L05ELA,,,,,,,,,,,,,,,,,
15157, -   , 10.044806 ,CTYLAK,FORLAK,T15ELA,R15ELA,C03532,E26096,H07125,,M26LZU,F14LZU,L05ELA,,,,,,,,,,,,,,,,,
15158, -   , 8.459086 ,CTYLAK,FORLAK,T15ELA,R15ELA,C03532,E26096,H07125,,M31LGR,,L05ELA,P14LGR,,,,,,,,,,,,,,,,
15159, -   , 8.459086 ,CTYLAK,FORLAK,T15ELA,R15ELA,C03532,E26096,H07125,,,,L05ELA,,,,,,,,,,,,,,,,,
15160, -   , 8.341471 ,CTYLAK,FORLAK,T15ELA,R15ELA,C03532,,,U02095,M26LZU,F14LZU,L05ELA,,,,,,,,,181SSA,,,,,,,,
15161, -   , 7.669140 ,CTYLAK,FORLAK,T15ELA,R15ELA,C03532,,,U02095,M21KIL,F17LGR,L02BAR,,,,,,,,,,,,,,,,,
15162," 153,281 ", 7.798526 ,CTYLAK,FORLAK,T15ELA,R15ELA,C03532,,,U02095,M26LZU,,L05ELA,,,,,,,,,181SSA,,,,,,,,
15163, -   , 7.459363 ,CTYLAK,FORLAK,T15ELA,R15ELA,C03532,,,U02095,M21KIL,F14LZU,L05ELA,,,,,,,,,144SSA,,,,,,,,
15164, -   , 7.578972 ,CTYLAK,FORLAK,T15ELA,R15ELA,C03532,,,U02095,M34NBA,F22WAC,L05ELA,,,,,,,,,334SSA,,,,,,,,
15165, -   , 7.578972 ,CTYLAK,FORLAK,T15ELA,R15ELA,C03532,,,U02095,M34NBA,F22WAC,L05ELA,,,,,,,,,334SSA,339SSA,,,,,,,
15166, -   , 9.483967 ,CTYLAK,FORLAK,T15ELA,R15ELA,C03532,E26096,H07125,,M16HWO,F14LZU,L05ELA,,,,,,,,,144SSA,,,,,,,,
15167," 22,545,538 ", 9.483967 ,CTYLAK,FORLAK,T15ELA,R15ELA,C03532,E26096,H07125,,M16HWO,F14LZU,L05ELA,,,,,,,,,,,,,,,,,
15168," 97,467 ", 7.673980 ,CTYLAK,FORLAK,T15ELA,R15ELA,C03532,,,U02095,M26LZU,,L05ELA,,,,,,,,,252SSA,,,,,,,,
15169," 58,976 ", 10.658449 ,CTYLAK,FORLAK,T15ELA,R15ELA,C03532,,,U02095,M26LZU,,L05ELA,,,,,,,,,253SSA,,,,,,,,
15170, -   , 6.852206 ,CTYLAK,FORLAK,T15ELA,R15ELA,C03532,,,U02095,,F14LZU,,,,,,,,,,,,,,,,,,
15171, -   , 9.282931 ,CTYLAK,FORLAK,T15ELA,R15ELA,C03532,E26096,H07125,,M38PAL,F17LGR,L12VER,,,,,,,,,,,,,,,,,
15172, -   , 7.383927 ,CTYLAK,FORLAK,T15ELA,R15ELA,C03532,,,U02095,M38PAL,F17LGR,L02BAR,,,,,,,,,,,,,,,,,
15173, -   , 9.282931 ,CTYLAK,FORLAK,T15ELA,R15ELA,C03532,E26096,H07125,,M02AHE,F17LGR,L12VER,,,,,,,,,,,,,,,,,
15174," 118,606 ", 7.137419 ,CTYLAK,FORLAK,T15ELA,R15ELA,C03532,,,U02095,M21KIL,F14LZU,,,,,,,,,,,,,,,,,,
15175," 419,799 ", 6.908057 ,CTYLAK,FORLAK,T15ELA,R15ELA,C03532,,,U06220,M34NBA,F14LZU,L05ELA,,,,,,,,,,,,,,,,,
15176, -   , 8.440714 ,CTYLAK,FORLAK,T15ELA,R15ELA,C03532,E26096,H07125,,M38PAL,,L12VER,,,,,,,,,,,,,,,,,
15177, -   , 6.541710 ,CTYLAK,FORLAK,T15ELA,R15ELA,C03532,,,U02095,M38PAL,,L02BAR,,,,,,,,,,,,,,,,,
15178," 3,871,983 ", 7.673980 ,CTYLAK,FORLAK,T15ELA,R15ELA,C03532,,,U02095,M26LZU,,L05ELA,,,,,,,,,250SSA,,,,,,,,
15179," 7,952,011 ", 7.673980 ,CTYLAK,FORLAK,T15ELA,R15ELA,C03532,,,U02095,M26LZU,,L05ELA,,,,,,,X25TIF,,,,,,,,,,
15180," 9,250 ", 7.673980 ,CTYLAK,FORLAK,T15ELA,R15ELA,C03532,,,U02095,M26LZU,,L05ELA,,,,,,,X25TIF,,250SSA,,,,,,,,
15181," 4,505,622 ", 9.304042 ,CTYLAK,FORLAK,T15ELA,R15ELA,C03532,E26096,H07125,,,F17LGR,L05ELA,,,,,,,,,,,,,B09COU,,,,
15182," 1,200,940 ", 7.084655 ,CTYLAK,FORLAK,T15ELA,R15ELA,C03532,,,U02095,M09DPA,F14LZU,L02BAR,,,,,,,,,158SSA,161SSA,,,,,,,
15183," 871,856 ", 7.084655 ,CTYLAK,FORLAK,T15ELA,R15ELA,C03532,,,U02095,M09DPA,F14LZU,L02BAR,,,,,,,,,159SSA,162SSA,,,,,,,
15184, 337 , 11.844793 ,CTYLAK,FORLAK,T15ELA,R15ELA,C03532,,,U02095,M09DPA,F14LZU,L02BAR,,,,,,,,,156SSA,163SSA,,,,,,,
15185," 4,132 ", 11.844793 ,CTYLAK,FORLAK,T15ELA,R15ELA,C03532,,,U02095,M09DPA,F14LZU,L02BAR,,,,,,,,,156SSA,158SSA,163SSA,,,,,,
15186," 25,042,786 ", 9.653940 ,CTYLAK,FORLAK,T15ELA,R15ELA,C03532,,,U02095,M09DPA,F14LZU,L02BAR,,,,,,,,,158SSA,161SSA,164SSA,,,,,,
15187," 28,958,704 ", 9.736547 ,CTYLAK,FORLAK,T15ELA,R15ELA,C03532,,,U02095,M09DPA,F14LZU,L02BAR,,,,,,,,,159SSA,162SSA,165SSA,,,,,,
15188," 14,216,492 ", 7.673980 ,CTYLAK,FORLAK,T15ELA,R15ELA,C03532,,,U02095,M26LZU,,L05ELA,,,,,,,X61TIF,,,,,,,,,,
15189," 54,497,693 ", 7.578972 ,CTYLAK,FORLAK,T15ELA,R15ELA,C03532,,,U02095,M34NBA,F22WAC,L05ELA,,,,,,,,,334SSA,413SSA,,,,,,,
15190," 2,273,915 ", 7.578972 ,CTYLAK,FORLAK,T15ELA,R15ELA,C03532,,,U02095,M34NBA,F22WAC,L05ELA,,,,,,,,,334SSA,339SSA,413SSA,,,,,,
15191," 123,460 ", 7.673980 ,CTYLAK,FORLAK,T15ELA,R15ELA,C03532,,,U02095,M26LZU,,L05ELA,,,,,,,X24TIF,,417SSA,,,,,,,,
15192, -   , -   ,CTYLAK,FORLAK,T15ELA,R15ELA,C03532,E26096,H07125,,M31LGR,F17LGR,L12VER,P14LGR,,,,,,X26TIF,,,,,,,,,,
16001, -   , 7.930258 ,CTYLAK,FORLAK,T16VER,R16VER,C03532,E27102,H07125,,,,L12VER,,,,,,,,,,,,,,,,,
16002, -   , 9.675674 ,CTYLAK,FORLAK,T16VER,R16VER,C03532,E27102,H07125,,M07BGR,F17LGR,L12VER,,,,,,,,,,,,,,,,,
16003, -   , 9.641715 ,CTYLAK,FORLAK,T16VER,R16VER,C03532,E24076,H07125,,,F07COU,L12VER,,,,,,,,,,,,,B09COU,,,,
16004, -   , 8.980798 ,CTYLAK,FORLAK,T16VER,R16VER,C03532,E26096,H07125,,,F07COU,L12VER,,,,,,,,,,,,,B09COU,,,,
16005, -   , 10.714588 ,CTYLAK,FORLAK,T16VER,R16VER,C03532,E26096,H07125,,M07BGR,F17LGR,L09ITR,P04BGR,,,,,,,,,,,,,,,,
16006," 681,432 ", 10.105858 ,CTYLAK,FORLAK,T16VER,R16VER,C03532,E24076,H07125,,,F07COU,L12VER,P15MUN,,,,,,,,,,,,B09COU,B15MUN,,,
16007, -   , 9.226922 ,CTYLAK,FORLAK,T16VER,R16VER,C03532,E26096,H07125,,,F17LGR,L12VER,,,,,,,,,,,,,,,,,
16008," 6,123,921 ", 8.772475 ,CTYLAK,FORLAK,T16VER,R16VER,C03532,E27102,H07125,,,F17LGR,L12VER,,,,,,,,,,,,,,,,,
16009," 676,248 ", 8.370985 ,CTYLAK,FORLAK,T16VER,R16VER,C03532,E28103,H07125,,,F17LGR,L12VER,,,,,,,,,,,,,,,,,
16010, -   , 10.153781 ,CTYLAK,FORLAK,T16VER,R16VER,C03532,E27102,H07125,,M07BGR,F17LGR,L12VER,P04BGR,,,,,,,,,,,,,,,,
16011," 125,252,987 ", 8.721002 ,CTYLAK,FORLAK,T16VER,R16VER,C03532,E27102,H07125,,,F16LRI,L12VER,,,,,,,,,,,,,,,,,
16012," 58,086,856 ", 8.319512 ,CTYLAK,FORLAK,T16VER,R16VER,C03532,E28103,H07125,,,F16LRI,L12VER,,,,,,,,,,,,,,,,,
16013, -   , 10.160742 ,CTYLAK,FORLAK,T16VER,R16VER,C03532,E27102,H07125,,M53WHE,F19PHE,L09ITR,P21WHE,,,,,,,,,,,,,,,,
16014," 14,200,369 ", 6.837413 ,CTYLAK,FORLAK,T16VER,R16VER,C03532,E29106,H01113,,M41RIV,F16LRI,,,,,Q02SOU,,,,,,,,,,,,,
16015," 29,396 ", 9.811389 ,CTYLAK,FORLAK,T16VER,R16VER,C03532,E26096,H07125,,,F17LGR,L09ITR,P04BGR,,,,,,,,,,,,,,,,
16016," 1,414,497 ", 9.250582 ,CTYLAK,FORLAK,T16VER,R16VER,C03532,E27102,H07125,,,F17LGR,L12VER,P04BGR,,,,,,,,,,,,,,,,
16017," 266,980 ", 8.693264 ,CTYLAK,FORLAK,T16VER,R16VER,C03532,E22073,H10128,,,F16LRI,L04CME,,,,,,,,,,,,,,,,,
16018, -   , 9.811389 ,CTYLAK,FORLAK,T16VER,R16VER,C03532,E26096,H07125,,M31LGR,F17LGR,L09ITR,P04BGR,,,,,,,,,,,,,,,,
16019, -   , 8.498613 ,CTYLAK,FORLAK,T16VER,R16VER,C03532,E22073,H10128,,,F07COU,L04CME,,,,,,,,,,,,,B09COU,,,,
16020," 3,679,953 ", 8.319512 ,CTYLAK,FORLAK,T16VER,R16VER,C03532,E28103,H07125,,M49VHI,F16LRI,L12VER,,,,,,WTRCLC,,,,,,,B16CLC,,,,
16021, -   , 7.636171 ,CTYLAK,FORLAK,T16VER,R16VER,C03532,E30109,H01113,,,F16LRI,,,,,,,,,,,,,,,,,,
16022, -   , 9.624201 ,CTYLAK,FORLAK,T16VER,R16VER,C03532,E27102,H07125,,M07BGR,F16LRI,L12VER,,,,,,,,,,,,,,,,,
16023," 545,577,463 ", 8.569515 ,CTYLAK,FORLAK,T16VER,R16VER,C03532,E28103,H07125,,M29LNC,F16LRI,L12VER,,,,,,,,,,,,,,,,,
16024," 74,544,156 ", 8.980798 ,CTYLAK,FORLAK,T16VER,R16VER,C03532,E26096,H07125,,M31LGR,F07COU,L12VER,P14LGR,,,,,,,,,,,,B09COU,,,,
16025," 15,340,279 ", 8.406697 ,CTYLAK,FORLAK,T16VER,R16VER,C03532,E22073,H04120,,M19ICR,F07COU,L04CME,,,,,,,,,,,,,B09COU,,,,
16026," 13,921,922 ", 8.840419 ,CTYLAK,FORLAK,T16VER,R16VER,C03532,E22073,H04120,,M49VHI,F07COU,L04CME,P18VHI,,,,,WTRCLC,,,,,,,B09COU,B16CLC,,,
16027," 8,531,888 ", 8.498613 ,CTYLAK,FORLAK,T16VER,R16VER,C03532,E22073,H10128,,M19ICR,F07COU,L04CME,,,,,,,,,,,,,B09COU,,,,
16028," 429,752,939 ", 8.932335 ,CTYLAK,FORLAK,T16VER,R16VER,C03532,E22073,H10128,,M49VHI,F07COU,L04CME,P18VHI,,,,,WTRCLC,,,,,,,B09COU,B16CLC,,,
16029," 3,909,858 ", 8.787299 ,CTYLAK,FORLAK,T16VER,R16VER,C03532,E22073,H10128,,M32MET,F16LRI,L04CME,,,,,,,,,,,,,,,,,
16030," 592,363 ", 9.126986 ,CTYLAK,FORLAK,T16VER,R16VER,C03532,E22073,H10128,,M49VHI,F16LRI,L04CME,P18VHI,,,,,WTRCLC,,,,,,,B16CLC,,,,
16031, -   , 8.962884 ,CTYLAK,FORLAK,T16VER,R16VER,C03532,E26096,H07125,,M19ICR,F07COU,L04CME,,,,,,,,,,,,,B09COU,,,,
16032," 2,609,635 ", 8.735320 ,CTYLAK,FORLAK,T16VER,R16VER,C03532,E28103,H07125,,M49VHI,F16LRI,L04CME,P18VHI,,,,,WTRCLC,,,,,,,B16CLC,,,,
16033," 12,504,851 ", 9.312025 ,CTYLAK,FORLAK,T16VER,R16VER,C03532,E22073,H07125,,M49VHI,F07COU,L04CME,P18VHI,,,,,WTRCLC,,,,,,,B09COU,B16CLC,,,
16034," 1,565,467 ", 9.226922 ,CTYLAK,FORLAK,T16VER,R16VER,C03532,E26096,H07125,,,F17LGR,L12VER,P14LGR,,,,,,,,,,,,,,,,
16035," 181,017,258 ", 9.226922 ,CTYLAK,FORLAK,T16VER,R16VER,C03532,E26096,H07125,,M31LGR,F17LGR,L12VER,P14LGR,,,,,,,,,,,,,,,,
16036," 402,333 ", 10.105858 ,CTYLAK,FORLAK,T16VER,R16VER,C03532,E24076,H07125,,M31LGR,F07COU,L12VER,P15MUN,,,,,,,,,,,,B09COU,B15MUN,,,
16037," 76,466,673 ", 5.779619 ,CTYLAK,FORLAK,T16VER,R16VER,C03532,E18067,H02115,,M24LFO,,,,S05NSH,,,,,,,,,,,,,,,
16039, -   , 8.301598 ,CTYLAK,FORLAK,T16VER,R16VER,C03532,E28103,H07125,,,F16LRI,L04CME,,,,,,,,,,,,,,,,,
16040," 6,698,627 ", 8.395633 ,CTYLAK,FORLAK,T16VER,R16VER,C03532,E28103,H07125,,M32MET,F16LRI,L04CME,,,,,,,,,,,,,,,,,
16041, -   , 9.333282 ,CTYLAK,FORLAK,T16VER,R16VER,C03532,E26096,H07125,,,F17LGR,L09ITR,,,,,,,,,,,,,,,,,
16042," 154,687,680 ", 7.869523 ,CTYLAK,FORLAK,T16VER,R16VER,C03532,E30109,H01113,,M41RIV,F16LRI,,,,,Q02SOU,,,,,,,,,,,,,
16043," 3,384,080 ", 8.954354 ,CTYLAK,FORLAK,T16VER,R16VER,C03532,E27102,H07125,,M41RIV,F16LRI,L12VER,,,,Q02SOU,,,,,,,,,,,,,
16044, -   , 10.541577 ,CTYLAK,FORLAK,T16VER,R16VER,C03532,E24076,H07125,,M33MUN,,L04CME,,,,,,WTRCLC,,,,,,,B16CLC,B17MU2,,,
16045, -   , 8.015940 ,CTYLAK,FORLAK,T16VER,R16VER,C03532,E28103,H07125,,,F16LRI,,,,,,,,,,,,,,,,,,
16046," 1,562,011 ", 8.249292 ,CTYLAK,FORLAK,T16VER,R16VER,C03532,E28103,H07125,,M41RIV,F16LRI,,,,,Q02SOU,,,,,,,,,,,,,
16047, -   , 9.872371 ,CTYLAK,FORLAK,T16VER,R16VER,C03532,E26096,H07125,,M07BGR,F19PHE,L09ITR,P04BGR,,,,,,,,,,,,,,,,
16049, -   , 8.514725 ,CTYLAK,FORLAK,T16VER,R16VER,C03532,E27102,H07125,,,F19PHE,L09ITR,P04BGR,,,,,,,,,,,,,,,,
16050, -   , 9.417924 ,CTYLAK,FORLAK,T16VER,R16VER,C03532,E27102,H07125,,M07BGR,F19PHE,L09ITR,P04BGR,,,,,,,,,,,,,,,,
16051," 11,471,388 ", 9.022478 ,CTYLAK,FORLAK,T16VER,R16VER,C03532,E27102,H07125,,M29LNC,F17LGR,L12VER,,,,,,,,,,,,,,,,,
16052," 21,874,845 ", 9.396606 ,CTYLAK,FORLAK,T16VER,R16VER,C03532,E26096,H07125,,M49VHI,F07COU,L04CME,P18VHI,,,,,WTRCLC,,,,,,,B09COU,B16CLC,,,
16054," 11,045,251 ", 11.005720 ,CTYLAK,FORLAK,T16VER,R16VER,C03532,E24076,H07125,,M33MUN,,L04CME,P15MUN,,,,,WTRCLC,,,,,,,B15MUN,B16CLC,B17MU2,,
16055," 49,998,031 ", 9.788616 ,CTYLAK,FORLAK,T16VER,R16VER,C03532,E22073,H04120,,M33MUN,,L04CME,P15MUN,,,,,WTRCLC,,,,,,,B15MUN,B16CLC,B17MU2,,
16056," 2,307,495 ", 9.880532 ,CTYLAK,FORLAK,T16VER,R16VER,C03532,E22073,H10128,,M33MUN,,L04CME,P15MUN,,,,,WTRCLC,,,,,,,B15MUN,B16CLC,B17MU2,,
16057, -   , 8.081133 ,CTYLAK,FORLAK,T16VER,R16VER,C03532,E26096,H07125,,M02AHE,,,P01AHE,,,,,,,,,,,,,,,,
16058, -   , 10.236481 ,CTYLAK,FORLAK,T16VER,R16VER,C03532,E26096,H07125,,M07BGR,F17LGR,L09ITR,,,,,,,,,,,,,,,,,
16059, -   , 9.705029 ,CTYLAK,FORLAK,T16VER,R16VER,C03532,E26096,H07125,,,F17LGR,L12VER,P04BGR,,,,,,,,,,,,,,,,
16060, -   , 9.356942 ,CTYLAK,FORLAK,T16VER,R16VER,C03532,E27102,H07125,,,F17LGR,L09ITR,P04BGR,,,,,,,,,,,,,,,,
16061, -   , 9.705029 ,CTYLAK,FORLAK,T16VER,R16VER,C03532,E26096,H07125,,M31LGR,F17LGR,L12VER,P04BGR,,,,,,,,,,,,,,,,
16062," 16,656,378 ", 8.552864 ,CTYLAK,FORLAK,T16VER,R16VER,C03532,E28103,H07125,,M41RIV,F16LRI,L12VER,,,,Q02SOU,,,,,,,,,,,,,
16063," 645,814 ", 9.333282 ,CTYLAK,FORLAK,T16VER,R16VER,C03532,E26096,H07125,,M31LGR,F17LGR,L09ITR,P14LGR,,,,,,,,,,,,,,,,
16064, -   , 10.260141 ,CTYLAK,FORLAK,T16VER,R16VER,C03532,E27102,H07125,,M07BGR,F17LGR,L09ITR,P04BGR,,,,,,,,,,,,,,,,
16065, -   , 7.939743 ,CTYLAK,FORLAK,T16VER,R16VER,C03532,E30109,H01113,,,F16LRI,L12VER,,,,,,,,,,,,,,,,,
16066, -   , 8.406697 ,CTYLAK,FORLAK,T16VER,R16VER,C03532,E22073,H04120,,M49VHI,F07COU,L04CME,,,,,,WTRCLC,,,,,,,B09COU,B16CLC,,,
16067, -   , 8.932335 ,CTYLAK,FORLAK,T16VER,R16VER,C03532,E22073,H10128,,,F07COU,L04CME,P18VHI,,,,,,,,,,,,B09COU,,,,
16068, -   , 8.848704 ,CTYLAK,FORLAK,T16VER,R16VER,C03532,E28103,H07125,,M03BAN,F16LRI,L12VER,,,,,,,,,,,,,,,,,
16069," 182,089,106 ", 8.753234 ,CTYLAK,FORLAK,T16VER,R16VER,C03532,E28103,H07125,,M49VHI,F16LRI,L12VER,P18VHI,,,,,WTRCLC,,,,,,,B16CLC,,,,
16071, -   , 8.969172 ,CTYLAK,FORLAK,T16VER,R16VER,C03532,E26096,H07125,,,F19PHE,L09ITR,P04BGR,,,,,,,,,,,,,,,,
16072, -   , 9.126986 ,CTYLAK,FORLAK,T16VER,R16VER,C03532,E22073,H10128,,,F16LRI,L04CME,P18VHI,,,,,,,,,,,,,,,,
16074, -   , 8.540459 ,CTYLAK,FORLAK,T16VER,R16VER,C03532,E28103,H07125,,M41RIV,F16LRI,L12VER,,,,,,,,,,,,,,,,,
16075," 180,125 ", 7.857118 ,CTYLAK,FORLAK,T16VER,R16VER,C03532,E30109,H01113,,M41RIV,F16LRI,,,,,,,,,,,,,,,,,,
16076," 68,506,505 ", 8.971005 ,CTYLAK,FORLAK,T16VER,R16VER,C03532,E27102,H07125,,M29LNC,F16LRI,L12VER,,,,,,,,,,,,,,,,,
16077, -   , 8.172995 ,CTYLAK,FORLAK,T16VER,R16VER,C03532,E28103,H07125,,,F16LRI,,,S05NSH,,,,,,,,,,,,,,,
16078," 808,320 ", 8.160690 ,CTYLAK,FORLAK,T16VER,R16VER,C03532,E30109,H01113,,M41RIV,F16LRI,L12VER,,,,,,,,,,,,,,,,,
16079," 192,307 ", 8.941949 ,CTYLAK,FORLAK,T16VER,R16VER,C03532,E27102,H07125,,M41RIV,F16LRI,L12VER,,,,,,,,,,,,,,,,,
16080, -   , 9.516240 ,CTYLAK,FORLAK,T16VER,R16VER,C03532,E27102,H07125,,,F16LRI,L12VER,P21WHE,,,,,,,,,,,,,,,,
16081, -   , 5.622564 ,CTYLAK,FORLAK,T16VER,R16VER,C03532,E18067,H02115,,M24LFO,,,,,,,,,,,,,,,,,,,
16082, -   , 10.102308 ,CTYLAK,FORLAK,T16VER,R16VER,C03532,E27102,H07125,,M07BGR,F16LRI,L12VER,P04BGR,,,,,,,,,,,,,,,,
16083," 11,703,075 ", 11.023634 ,CTYLAK,FORLAK,T16VER,R16VER,C03532,E24076,H07125,,M33MUN,,L12VER,P15MUN,,,,,WTRCLC,,,,,,,B15MUN,B16CLC,B17MU2,,
16084," 12,087,438 ", 8.540669 ,CTYLAK,FORLAK,T16VER,R16VER,C03532,E28103,H07125,,M49VHI,F07COU,L04CME,P18VHI,,,,,WTRCLC,,,,,,,B09COU,B16CLC,,,
16085, -   , 8.734981 ,CTYLAK,FORLAK,T16VER,R16VER,C03532,E30109,H01113,,,F16LRI,L12VER,P21WHE,,,,,,,,,,,,,,,,
16086, -   , 8.848704 ,CTYLAK,FORLAK,T16VER,R16VER,C03532,E28103,H07125,,M03BAN,F16LRI,L12VER,,,,,,,,,114SSA,,,,,,,,
16087, -   , 9.226922 ,CTYLAK,FORLAK,T16VER,R16VER,C03532,E26096,H07125,,M31LGR,F17LGR,L12VER,,,,,,,,,,,,,,,,,
16088, -   , 8.980798 ,CTYLAK,FORLAK,T16VER,R16VER,C03532,E26096,H07125,,M31LGR,F07COU,L12VER,,,,,,,,,,,,,B09COU,,,,
16089, -   , 8.954354 ,CTYLAK,FORLAK,T16VER,R16VER,C03532,E27102,H07125,,M41RIV,F16LRI,L12VER,,,,Q02SOU,,,,,355SSA,,,,,,,,
16090, -   , 8.941949 ,CTYLAK,FORLAK,T16VER,R16VER,C03532,E27102,H07125,,M41RIV,F16LRI,L12VER,,,,,,,,,355SSA,,,,,,,,
16091," 3,902,156 ", 8.833457 ,CTYLAK,FORLAK,T16VER,R16VER,C03532,E27102,H07125,,M07BGR,,L12VER,,,,,,,,,,,,,,,,,
16092," 606,269,565 ", 9.311564 ,CTYLAK,FORLAK,T16VER,R16VER,C03532,E27102,H07125,,M07BGR,,L12VER,P04BGR,,,,,,,,,,,,,,,,
16093," 7,695,198 ", 8.569515 ,CTYLAK,FORLAK,T16VER,R16VER,C03532,E28103,H07125,,M29LNC,F16LRI,L12VER,,,,,,,,,265SSA,,,,,,,,
16094," 382,058,208 ", 9.872371 ,CTYLAK,FORLAK,T16VER,R16VER,C03532,E26096,H07125,,M07BGR,,L09ITR,P04BGR,,,,,,,,,,,,,,,,
16095," 48,984,437 ", 9.417924 ,CTYLAK,FORLAK,T16VER,R16VER,C03532,E27102,H07125,,M07BGR,,L09ITR,P04BGR,,,,,,,,,,,,,,,,
16096, -   , 9.005759 ,CTYLAK,FORLAK,T16VER,R16VER,C03532,E28103,H07125,,M03BAN,F16LRI,L12VER,,S05NSH,,,,,,,114SSA,,,,,,,,
16097, -   , 10.559491 ,CTYLAK,FORLAK,T16VER,R16VER,C03532,E24076,H07125,,M33MUN,,L12VER,,,,,,WTRCLC,,,,,,,B16CLC,B17MU2,,,
16098," 262,563 ", 8.693264 ,CTYLAK,FORLAK,T16VER,R16VER,C03532,E22073,H10128,,M49VHI,F16LRI,L04CME,,,,,,WTRCLC,,,,,,,B16CLC,,,,
16099, -   , 8.498613 ,CTYLAK,FORLAK,T16VER,R16VER,C03532,E22073,H10128,,M49VHI,F07COU,L04CME,,,,,,WTRCLC,,,,,,,B09COU,B16CLC,,,
16100, -   , 8.319512 ,CTYLAK,FORLAK,T16VER,R16VER,C03532,E28103,H07125,,,F16LRI,L12VER,,,,,,,,,145SSA,,,,,,,,
16101, -   , 8.569515 ,CTYLAK,FORLAK,T16VER,R16VER,C03532,E28103,H07125,,M29LNC,F16LRI,L12VER,,,,,,,,,145SSA,,,,,,,,
16102, -   , 7.869523 ,CTYLAK,FORLAK,T16VER,R16VER,C03532,E30109,H01113,,M41RIV,F16LRI,,,,,Q02SOU,,,,,146SSA,,,,,,,,
16103, -   , 7.857118 ,CTYLAK,FORLAK,T16VER,R16VER,C03532,E30109,H01113,,M41RIV,F16LRI,,,,,,,,,,146SSA,,,,,,,,
16104, -   , 9.641715 ,CTYLAK,FORLAK,T16VER,R16VER,C03532,E24076,H07125,,M31LGR,F07COU,L12VER,,,,,,,,,,,,,B09COU,,,,
16105, -   , 10.419439 ,CTYLAK,FORLAK,T16VER,R16VER,C03532,E27102,H07125,,M07BGR,F16LRI,L12VER,P21WHE,,,,,,,,,,,,,,,,
16106, -   , 8.923350 ,CTYLAK,FORLAK,T16VER,R16VER,C03532,E26096,H07125,,,F17LGR,,P01AHE,,,,,,,,,,,,,,,,
16107, -   , 10.049888 ,CTYLAK,FORLAK,T16VER,R16VER,C03532,E27102,H07125,,M53WHE,F16LRI,L12VER,,,,,,,,,,,,,,,,,
16108, -   , 10.845126 ,CTYLAK,FORLAK,T16VER,R16VER,C03532,E27102,H07125,,M53WHE,F16LRI,L12VER,P21WHE,,,,,,,,,,,,,,,,
16109, -   , 11.005720 ,CTYLAK,FORLAK,T16VER,R16VER,C03532,E24076,H07125,,M33MUN,,L04CME,P15MUN,,,,,WTRCLC,,,,,,,B15MUN,B16CLC,B17MU2,,
16110," 1,419,894 ", 8.173095 ,CTYLAK,FORLAK,T16VER,R16VER,C03532,E30109,H01113,,M41RIV,F16LRI,L12VER,,,,Q02SOU,,,,,,,,,,,,,
16111, -   , 8.173095 ,CTYLAK,FORLAK,T16VER,R16VER,C03532,E30109,H01113,,M41RIV,F16LRI,L12VER,,,,Q02SOU,,,,,355SSA,,,,,,,,
16112, -   , 8.160690 ,CTYLAK,FORLAK,T16VER,R16VER,C03532,E30109,H01113,,M41RIV,F16LRI,L12VER,,,,,,,,,355SSA,,,,,,,,
16113, -   , 10.419439 ,CTYLAK,FORLAK,T16VER,R16VER,C03532,E27102,H07125,,M07BGR,F16LRI,L12VER,P21WHE,,,,,,,,130SSA,,,,,,,,
16114, -   , 9.872371 ,CTYLAK,FORLAK,T16VER,R16VER,C03532,E26096,H07125,,M07BGR,,L09ITR,P04BGR,,,,,,,,131SSA,,,,,,,,
16115, -   , 10.419439 ,CTYLAK,FORLAK,T16VER,R16VER,C03532,E27102,H07125,,M07BGR,F16LRI,L12VER,P21WHE,,,,,,,,132SSA,,,,,,,,
16116, -   , 9.333282 ,CTYLAK,FORLAK,T16VER,R16VER,C03532,E26096,H07125,,M31LGR,F17LGR,L09ITR,,,,,,,,,,,,,,,,,
16117, -   , 9.199109 ,CTYLAK,FORLAK,T16VER,R16VER,C03532,E27102,H07125,,,F16LRI,L12VER,P04BGR,,,,,,,,,,,,,,,,
16118, -   , 10.130121 ,CTYLAK,FORLAK,T16VER,R16VER,C03532,E26096,H07125,,M07BGR,F17LGR,L12VER,,,,,,,,,,,,,,,,,
16119, -   , 9.883997 ,CTYLAK,FORLAK,T16VER,R16VER,C03532,E26096,H07125,,M07BGR,F07COU,L12VER,,,,,,,,,,,,,B09COU,,,,
16120, -   , 9.274184 ,CTYLAK,FORLAK,T16VER,R16VER,C03532,E28103,H07125,,M07BGR,F17LGR,L12VER,,,,,,,,,,,,,,,,,
16121, -   , 9.222711 ,CTYLAK,FORLAK,T16VER,R16VER,C03532,E28103,H07125,,M07BGR,F16LRI,L12VER,,,,,,,,,,,,,,,,,
16122, -   , 9.394264 ,CTYLAK,FORLAK,T16VER,R16VER,C03532,E26096,H07125,,M07BGR,,L09ITR,,,,,,,,,,,,,,,,,
16123," 72,216,778 ", 9.628695 ,CTYLAK,FORLAK,T16VER,R16VER,C03532,E27102,H07125,,M07BGR,,L12VER,P21WHE,,,,,,,,,,,,,,,,
16124, -   , 9.628695 ,CTYLAK,FORLAK,T16VER,R16VER,C03532,E27102,H07125,,M07BGR,,L12VER,P21WHE,,,,,,,,130SSA,,,,,,,,
16125, -   , 9.628695 ,CTYLAK,FORLAK,T16VER,R16VER,C03532,E27102,H07125,,M07BGR,,L12VER,P21WHE,,,,,,,,132SSA,,,,,,,,
16126," 19,092 ", 9.287904 ,CTYLAK,FORLAK,T16VER,R16VER,C03532,E26096,H07125,,M07BGR,,L12VER,,,,,,,,,,,,,,,,,
16127," 2,045,884 ", 8.431967 ,CTYLAK,FORLAK,T16VER,R16VER,C03532,E28103,H07125,,M07BGR,,L12VER,,,,,,,,,,,,,,,,,
16128, -   , 8.965057 ,CTYLAK,FORLAK,T16VER,R16VER,C03532,E30109,H01113,,M53WHE,F16LRI,,,,,,,,,,,,,,,,,,
16129, -   , 9.417924 ,CTYLAK,FORLAK,T16VER,R16VER,C03532,E27102,H07125,,M07BGR,F19PHE,L09ITR,P04BGR,,,,,,X09TIF,,,,,,,,,,
16130, -   , 10.260141 ,CTYLAK,FORLAK,T16VER,R16VER,C03532,E27102,H07125,,M07BGR,F17LGR,L09ITR,P04BGR,,,,,,X09TIF,,,,,,,,,,
16131, -   , 9.417924 ,CTYLAK,FORLAK,T16VER,R16VER,C03532,E27102,H07125,,M07BGR,,L09ITR,P04BGR,,,,,,X09TIF,,,,,,,,,,
16132, -   , 10.153781 ,CTYLAK,FORLAK,T16VER,R16VER,C03532,E27102,H07125,,M07BGR,F17LGR,L12VER,P04BGR,,,,,,X09TIF,,,,,,,,,,
16133, -   , 9.311564 ,CTYLAK,FORLAK,T16VER,R16VER,C03532,E27102,H07125,,M07BGR,,L12VER,P04BGR,,,,,,X09TIF,,,,,,,,,,
16134, -   , 6.845427 ,CTYLAK,FORLAK,T16VER,R16VER,C03532,E30109,H01113,,M36NOR,,,,,,,,,,,,,,,,,,,
16135, -   , 10.608228 ,CTYLAK,FORLAK,T16VER,R16VER,C03532,E26096,H07125,,M07BGR,F17LGR,L12VER,P04BGR,,,,,,,,,,,,,,,,
16136," 140,606,395 ", 9.766011 ,CTYLAK,FORLAK,T16VER,R16VER,C03532,E26096,H07125,,M07BGR,,L12VER,P04BGR,,,,,,,,,,,,,,,,
16137, -   , 9.752291 ,CTYLAK,FORLAK,T16VER,R16VER,C03532,E28103,H07125,,M07BGR,F17LGR,L12VER,P04BGR,,,,,,,,,,,,,,,,
16138," 124,466,974 ", 8.910074 ,CTYLAK,FORLAK,T16VER,R16VER,C03532,E28103,H07125,,M07BGR,,L12VER,P04BGR,,,,,,,,,,,,,,,,
16139, -   , 8.846026 ,CTYLAK,FORLAK,T16VER,R16VER,C03532,E28103,H07125,,M24LFO,,,,S05NSH,,,,,,,,,,,,,,,
16140, -   , 8.962884 ,CTYLAK,FORLAK,T16VER,R16VER,C03532,E26096,H07125,,,F07COU,L04CME,,,,,,,,,,,,,B09COU,,,,
16141, -   , 8.406697 ,CTYLAK,FORLAK,T16VER,R16VER,C03532,E22073,H04120,,,F07COU,L04CME,,,,,,,,,,,,,B09COU,,,,
16142, -   , 8.498613 ,CTYLAK,FORLAK,T16VER,R16VER,C03532,E22073,H10128,,,F07COU,L04CME,,,,,,,,,,,,,B09COU,,,,
16143, -   , 8.962884 ,CTYLAK,FORLAK,T16VER,R16VER,C03532,E26096,H07125,,M31LGR,F07COU,L04CME,,,,,,,,,,,,,B09COU,,,,
16144, -   , 8.962884 ,CTYLAK,FORLAK,T16VER,R16VER,C03532,E26096,H07125,,M49VHI,F07COU,L04CME,,,,,,WTRCLC,,,,,,,B09COU,B16CLC,,,
16145, -   , 9.641715 ,CTYLAK,FORLAK,T16VER,R16VER,C03532,E24076,H07125,,M49VHI,F07COU,L12VER,,,,,,WTRCLC,,,,,,,B09COU,B16CLC,,,
16146, -   , 8.962884 ,CTYLAK,FORLAK,T16VER,R16VER,C03532,E26096,H07125,,M31LGR,F07COU,L04CME,P14LGR,,,,,,,,,,,,B09COU,,,,
16147," 31,440,583 ", 9.641715 ,CTYLAK,FORLAK,T16VER,R16VER,C03532,E24076,H07125,,M31LGR,F07COU,L12VER,P14LGR,,,,,,,,,,,,B09COU,,,,
16148, -   , 8.890920 ,CTYLAK,FORLAK,T16VER,R16VER,C03532,E28103,H07125,,M03BAN,F08DBA,L12VER,,S05NSH,,,,,,,114SSA,,,,,,,,
16149," 65,046,500 ", 10.075437 ,CTYLAK,FORLAK,T16VER,R16VER,C03532,E24076,H07125,,M49VHI,F07COU,L12VER,P18VHI,,,,,WTRCLC,,,,,,,B09COU,B16CLC,,,
16150, -   , 8.688971 ,CTYLAK,FORLAK,T16VER,R16VER,C03532,E28103,H07125,,M24LFO,,,,,,,,,,,,,,,,,,,
16151," 12,426,360 ", 10.057523 ,CTYLAK,FORLAK,T16VER,R16VER,C03532,E24076,H07125,,M49VHI,F07COU,L04CME,P18VHI,,,,,WTRCLC,,,,,,,B09COU,B16CLC,,,
16152, -   , 8.833457 ,CTYLAK,FORLAK,T16VER,R16VER,C03532,E27102,H07125,,M07BGR,,L12VER,,,,,,,,,130SSA,,,,,,,,
16153, -   , 9.311564 ,CTYLAK,FORLAK,T16VER,R16VER,C03532,E27102,H07125,,M07BGR,,L12VER,P04BGR,,,,,,,,130SSA,,,,,,,,
16154, -   , 8.797619 ,CTYLAK,FORLAK,T16VER,R16VER,C03532,E28103,H07125,,M49VHI,F16LRI,L12VER,P04BGR,,,,,WTRCLC,,,,,,,B16CLC,,,,
16155, -   , 9.221021 ,CTYLAK,FORLAK,T16VER,R16VER,C03532,E22073,H10128,,M32MET,F16LRI,L04CME,P18VHI,,,,,,,,,,,,,,,,
16156, -   , 8.301598 ,CTYLAK,FORLAK,T16VER,R16VER,C03532,E28103,H07125,,,F16LRI,L04CME,,,,,,WTRCLC,,,,,,,B16CLC,,,,
16157, -   , 8.015940 ,CTYLAK,FORLAK,T16VER,R16VER,C03532,E28103,H07125,,,F16LRI,,,,,,,WTRCLC,,,,,,,B16CLC,,,,
16158," 29,029,039 ", 8.395633 ,CTYLAK,FORLAK,T16VER,R16VER,C03532,E28103,H07125,,M32MET,F16LRI,L04CME,,,,,,WTRCLC,,,,,,,B16CLC,,,,
16159, -   , 8.319512 ,CTYLAK,FORLAK,T16VER,R16VER,C03532,E28103,H07125,,,F16LRI,L12VER,,,,,,,,,148SSA,,,,,,,,
16160, -   , 8.319512 ,CTYLAK,FORLAK,T16VER,R16VER,C03532,E28103,H07125,,,F16LRI,L12VER,,,,,,,,,147SSA,,,,,,,,
16161, -   , 8.848704 ,CTYLAK,FORLAK,T16VER,R16VER,C03532,E28103,H07125,,M03BAN,F16LRI,L12VER,,,,,,,,,114SSA,116SSA,,,,,,,
16162," 2,363,603 ", 8.890920 ,CTYLAK,FORLAK,T16VER,R16VER,C03532,E28103,H07125,,M03BAN,F08DBA,L12VER,,S05NSH,,,,,,,114SSA,116SSA,,,,,,,
16163, -   , 9.333282 ,CTYLAK,FORLAK,T16VER,R16VER,C03532,E26096,H07125,,,F17LGR,L09ITR,P14LGR,,,,,,,,,,,,,,,,
16164," 4,070,306 ", 9.394264 ,CTYLAK,FORLAK,T16VER,R16VER,C03532,E26096,H07125,,M07BGR,,L09ITR,P14LGR,,,,,,,,,,,,,,,,
16165, -   , 8.980798 ,CTYLAK,FORLAK,T16VER,R16VER,C03532,E26096,H07125,,,F07COU,L12VER,P14LGR,,,,,,,,,,,,B09COU,,,,
16166, -   , 8.569515 ,CTYLAK,FORLAK,T16VER,R16VER,C03532,E28103,H07125,,M29LNC,F16LRI,L12VER,,,,,,,X27TIF,,,,,,,,,,
16167, -   , 8.980798 ,CTYLAK,FORLAK,T16VER,R16VER,C03532,E26096,H07125,,M49VHI,F07COU,L12VER,P14LGR,,,,,WTRCLC,,,,,,,B09COU,B16CLC,,,
16168, -   , 9.700818 ,CTYLAK,FORLAK,T16VER,R16VER,C03532,E28103,H07125,,M07BGR,F16LRI,L12VER,P04BGR,,,,,,,,,,,,,,,,
16169," 197,330 ", 9.641715 ,CTYLAK,FORLAK,T16VER,R16VER,C03532,E24076,H07125,,,F07COU,L12VER,P14LGR,,,,,,,,,,,,B09COU,,,,
16170, -   , 10.101361 ,CTYLAK,FORLAK,T16VER,R16VER,C03532,E27102,H07125,,M53WHE,F17LGR,L12VER,,,,,,,,,,,,,,,,,
16171, -   , 10.896599 ,CTYLAK,FORLAK,T16VER,R16VER,C03532,E27102,H07125,,M53WHE,F17LGR,L12VER,P21WHE,,,,,,,,,,,,,,,,
16172, -   , 8.413547 ,CTYLAK,FORLAK,T16VER,R16VER,C03532,E28103,H07125,,M32MET,F16LRI,L12VER,,,,,,,,,,,,,,,,,
16173, -   , 8.980798 ,CTYLAK,FORLAK,T16VER,R16VER,C03532,E26096,H07125,,M49VHI,F07COU,L12VER,,,,,,WTRCLC,,,,,,,B09COU,B16CLC,,,
16174, -   , 8.932335 ,CTYLAK,FORLAK,T16VER,R16VER,C03532,E22073,H10128,,M49VHI,F07COU,L04CME,P18VHI,,,,,WTRCLC,,,389SSA,,,,B09COU,B16CLC,,,
16175, -   , 8.932335 ,CTYLAK,FORLAK,T16VER,R16VER,C03532,E22073,H10128,,M49VHI,F07COU,L04CME,P18VHI,,,,,WTRCLC,,,390SSA,,,,B09COU,B16CLC,,,
16176," 9,259,645 ", 8.558583 ,CTYLAK,FORLAK,T16VER,R16VER,C03532,E28103,H07125,,M49VHI,F07COU,L12VER,P18VHI,,,,,WTRCLC,,,,,,,B09COU,B16CLC,,,
16177," 131,569 ", 10.559491 ,CTYLAK,FORLAK,T16VER,R16VER,C03532,E24076,H07125,,M33MUN,,L12VER,P14LGR,,,,,WTRCLC,,,,,,,B16CLC,B17MU2,,,
16178, -   , 8.124861 ,CTYLAK,FORLAK,T16VER,R16VER,C03532,E28103,H07125,,M49VHI,F07COU,L12VER,,,,,,WTRCLC,,,,,,,B09COU,B16CLC,,,
16179, -   , 8.602968 ,CTYLAK,FORLAK,T16VER,R16VER,C03532,E28103,H07125,,M49VHI,F07COU,L12VER,P04BGR,,,,,WTRCLC,,,,,,,B09COU,B16CLC,,,
16180, -   , 8.124861 ,CTYLAK,FORLAK,T16VER,R16VER,C03532,E28103,H07125,,,F07COU,L12VER,,,,,,,,,,,,,B09COU,B16CLC,,,
16181, -   , 9.226922 ,CTYLAK,FORLAK,T16VER,R16VER,C03532,E26096,H07125,,M31LGR,F17LGR,L12VER,P14LGR,,,,,,,,258SSA,,,,,,,,
16182," 97,046 ", 9.287904 ,CTYLAK,FORLAK,T16VER,R16VER,C03532,E26096,H07125,,M07BGR,,L12VER,P14LGR,,,,,,,,,,,,,,,,
16183, -   , 8.319512 ,CTYLAK,FORLAK,T16VER,R16VER,C03532,E28103,H07125,,M49VHI,F16LRI,L12VER,,,,,,WTRCLC,,,148SSA,,,,B16CLC,,,,
16184," 12,830,798 ", 9.414520 ,CTYLAK,FORLAK,T16VER,R16VER,C03532,E26096,H07125,,M49VHI,F07COU,L12VER,P18VHI,,,,,WTRCLC,,,,,,,B09COU,B16CLC,,,
16185, -   , 9.735055 ,CTYLAK,FORLAK,T16VER,R16VER,C03532,E27102,H07125,,M07BGR,,L09ITR,P21WHE,,,,,,X67TIF,,,,,,,,,,
16186, -   , 8.753234 ,CTYLAK,FORLAK,T16VER,R16VER,C03532,E28103,H07125,,M49VHI,F16LRI,L12VER,P18VHI,,,,,WTRCLC,,,148SSA,,,,B16CLC,,,,
16187, -   , 8.569515 ,CTYLAK,FORLAK,T16VER,R16VER,C03532,E28103,H07125,,M29LNC,F16LRI,L12VER,,,,,,,,,147SSA,,,,,,,,
16188, -   , 9.003237 ,CTYLAK,FORLAK,T16VER,R16VER,C03532,E28103,H07125,,M29LNC,F16LRI,L12VER,P18VHI,,,,,,,,,,,,,,,,
16189," 274,360 ", 9.005759 ,CTYLAK,FORLAK,T16VER,R16VER,C03532,E28103,H07125,,M03BAN,F16LRI,L12VER,,S05NSH,,,,,,,114SSA,116SSA,,,,,,,
16190," 3,646,377 ", 9.047622 ,CTYLAK,FORLAK,T16VER,R16VER,C03532,E28103,H07125,,M29LNC,F16LRI,L12VER,P04BGR,,,,,,,,,,,,,,,,
16191, -   , 9.047622 ,CTYLAK,FORLAK,T16VER,R16VER,C03532,E28103,H07125,,M29LNC,F16LRI,L12VER,P04BGR,,,,,,,,147SSA,,,,,,,,
16192," 71,053 ", 8.797619 ,CTYLAK,FORLAK,T16VER,R16VER,C03532,E28103,H07125,,,F16LRI,L12VER,P04BGR,,,,,,,,,,,,,,,,
16193, -   , 8.319512 ,CTYLAK,FORLAK,T16VER,R16VER,C03532,E28103,H07125,,,F16LRI,L12VER,,,,,,,,,356SSA,357SSA,,,,,,,
16194, -   , 8.540459 ,CTYLAK,FORLAK,T16VER,R16VER,C03532,E28103,H07125,,M41RIV,F16LRI,L12VER,,,,,,,,,357SSA,,,,,,,,
16195, -   , 8.540459 ,CTYLAK,FORLAK,T16VER,R16VER,C03532,E28103,H07125,,M41RIV,F16LRI,L12VER,,,,,,,,,356SSA,357SSA,,,,,,,
16196, -   , 8.540459 ,CTYLAK,FORLAK,T16VER,R16VER,C03532,E28103,H07125,,M41RIV,F16LRI,L12VER,,,,,,,,,356SSA,,,,,,,,
16197, -   , 8.319512 ,CTYLAK,FORLAK,T16VER,R16VER,C03532,E28103,H07125,,,F16LRI,L12VER,,,,,,WTRCLC,,,148SSA,,,,B16CLC,,,,
16198," 781,134 ", 8.498613 ,CTYLAK,FORLAK,T16VER,R16VER,C03532,E22073,H10128,,M19ICR,F07COU,L04CME,,,,,,WTRCLC,,,,,,,B09COU,B16CLC,,,
16199," 308,826 ", 8.406697 ,CTYLAK,FORLAK,T16VER,R16VER,C03532,E22073,H04120,,M19ICR,F07COU,L04CME,,,,,,WTRCLC,,,,,,,B09COU,B16CLC,,,
16200, -   , 8.319512 ,CTYLAK,FORLAK,T16VER,R16VER,C03532,E28103,H07125,,,F16LRI,L12VER,,,,,,,,,356SSA,,,,,,,,
16201, -   , 7.308298 ,CTYLAK,FORLAK,T16VER,R16VER,C03532,E28103,H02115,,M24LFO,,,,S05NSH,,,,,,,,,,,,,,,
16202, -   , 7.869523 ,CTYLAK,FORLAK,T16VER,R16VER,C03532,E30109,H01113,,M41RIV,F16LRI,,,,,Q02SOU,,,,,358SSA,,,,,,,,
16203," 6,544,655 ", 8.552864 ,CTYLAK,FORLAK,T16VER,R16VER,C03532,E28103,H07125,,M41RIV,F16LRI,L12VER,,,,Q02SOU,,,,,359SSA,,,,,,,,
16204, -   , 8.540459 ,CTYLAK,FORLAK,T16VER,R16VER,C03532,E28103,H07125,,M41RIV,F16LRI,L12VER,,,,,,,,,359SSA,,,,,,,,
16205, -   , 8.540459 ,CTYLAK,FORLAK,T16VER,R16VER,C03532,E28103,H07125,,M41RIV,F16LRI,L12VER,,,,,,,,,356SSA,359SSA,,,,,,,
16206," 110,066,245 ", 5.779619 ,CTYLAK,FORLAK,T16VER,R16VER,C03532,E18067,H02115,,M24LFO,,,,S05NSH,,,,,,,,,,,,,,,
16207," 10,623 ", 10.105858 ,CTYLAK,FORLAK,T16VER,R16VER,C03532,E24076,H07125,,M49VHI,F07COU,L12VER,P15MUN,,,,,WTRCLC,,,,,,,B09COU,B15MUN,B16CLC,,
16208, -   , 8.109975 ,CTYLAK,FORLAK,T16VER,R16VER,C03532,E28103,H07125,,M32MET,F16LRI,,,,,,,,,,,,,,,,,,
16209, -   , 7.160292 ,CTYLAK,FORLAK,T16VER,R16VER,C03532,E18067,H07125,,M24LFO,,,,,,,,,,,,,,,,,,,
16210, -   , 8.540459 ,CTYLAK,FORLAK,T16VER,R16VER,C03532,E28103,H07125,,M41RIV,F16LRI,L12VER,,,,,,,,,360SSA,,,,,,,,
16211, -   , 8.540459 ,CTYLAK,FORLAK,T16VER,R16VER,C03532,E28103,H07125,,M41RIV,F16LRI,L12VER,,,,,,,,,361SSA,,,,,,,,
16212, -   , 8.540459 ,CTYLAK,FORLAK,T16VER,R16VER,C03532,E28103,H07125,,M41RIV,F16LRI,L12VER,,,,,,,,,359SSA,361SSA,,,,,,,
16213, -   , 8.540459 ,CTYLAK,FORLAK,T16VER,R16VER,C03532,E28103,H07125,,M41RIV,F16LRI,L12VER,,,,,,,,,362SSA,,,,,,,,
16214, -   , 7.869523 ,CTYLAK,FORLAK,T16VER,R16VER,C03532,E30109,H01113,,M41RIV,F16LRI,,,,,Q02SOU,,,,,363SSA,,,,,,,,
16215, -   , 8.540459 ,CTYLAK,FORLAK,T16VER,R16VER,C03532,E28103,H07125,,M41RIV,F16LRI,L12VER,,,,,,,,,356SSA,357SSA,360SSA,,,,,,
16216, -   , 7.317347 ,CTYLAK,FORLAK,T16VER,R16VER,C03532,E18067,H07125,,M24LFO,,,,S05NSH,,,,,,,,,,,,,,,
16217, 285 , 7.869523 ,CTYLAK,FORLAK,T16VER,R16VER,C03532,E30109,H01113,,M41RIV,F16LRI,,,,,Q02SOU,,,,,364SSA,,,,,,,,
16218, -   , 7.857118 ,CTYLAK,FORLAK,T16VER,R16VER,C03532,E30109,H01113,,M41RIV,F16LRI,,,,,,,,,,364SSA,,,,,,,,
16219, -   , 8.890920 ,CTYLAK,FORLAK,T16VER,R16VER,C03532,E28103,H07125,,M03BAN,F08DBA,L12VER,,S05NSH,,,,,,,114SSA,116SSA,121SSA,,,,,,
16220, -   , 9.005759 ,CTYLAK,FORLAK,T16VER,R16VER,C03532,E28103,H07125,,M03BAN,F16LRI,L12VER,,S05NSH,,,,,,,114SSA,116SSA,121SSA,,,,,,
16221, -   , 8.301598 ,CTYLAK,FORLAK,T16VER,R16VER,C03532,E28103,H07125,,,F16LRI,L04CME,,,,,,WTRCLC,,,,,,,B16CLC,,,,
16222, -   , 8.319512 ,CTYLAK,FORLAK,T16VER,R16VER,C03532,E28103,H07125,,M49VHI,F16LRI,L12VER,,,,,,WTRCLC,,,148SSA,,,,B16CLC,,,,
16223, -   , 8.319512 ,CTYLAK,FORLAK,T16VER,R16VER,C03532,E28103,H07125,,M49VHI,F16LRI,L12VER,,,,,,,,,148SSA,,,,,,,,
16224, -   , 6.837413 ,CTYLAK,FORLAK,T16VER,R16VER,C03532,E29106,H01113,,M41RIV,F16LRI,,,,,Q02SOU,,,,,366SSA,,,,,,,,
16225, -   , 10.075437 ,CTYLAK,FORLAK,T16VER,R16VER,C03532,E24076,H07125,,,F07COU,L12VER,P18VHI,,,,,,,,,,,,B09COU,,,,
16226," 14,160 ", 10.993213 ,CTYLAK,FORLAK,T16VER,R16VER,C03532,E24076,H07125,,M33MUN,,L12VER,P18VHI,,,,,WTRCLC,,,,,,,B16CLC,B17MU2,,,
16227, -   , 8.753234 ,CTYLAK,FORLAK,T16VER,R16VER,C03532,E28103,H07125,,M49VHI,F16LRI,L12VER,P18VHI,,,,,WTRCLC,,,148SSA,,,,B16CLC,,,,
16228, -   , 8.540459 ,CTYLAK,FORLAK,T16VER,R16VER,C03532,E28103,H07125,,M41RIV,F16LRI,L12VER,,,,,,,,,362SSA,367SSA,,,,,,,
16229, -   , 8.540459 ,CTYLAK,FORLAK,T16VER,R16VER,C03532,E28103,H07125,,M41RIV,F16LRI,L12VER,,,,,,,,,367SSA,,,,,,,,
16230, -   , 8.540459 ,CTYLAK,FORLAK,T16VER,R16VER,C03532,E28103,H07125,,M41RIV,F16LRI,L12VER,,,,,,,,,357SSA,368SSA,,,,,,,
16231, -   , 8.540459 ,CTYLAK,FORLAK,T16VER,R16VER,C03532,E28103,H07125,,M41RIV,F16LRI,L12VER,,,,,,,,,356SSA,357SSA,368SSA,,,,,,
16232, -   , 7.869523 ,CTYLAK,FORLAK,T16VER,R16VER,C03532,E30109,H01113,,M41RIV,F16LRI,,,,,Q02SOU,,,,,365SSA,,,,,,,,
16233, -   , 8.173095 ,CTYLAK,FORLAK,T16VER,R16VER,C03532,E30109,H01113,,M41RIV,F16LRI,L12VER,,,,Q02SOU,,,,,365SSA,,,,,,,,
16234, -   , 8.540459 ,CTYLAK,FORLAK,T16VER,R16VER,C03532,E28103,H07125,,M41RIV,F16LRI,L12VER,,,,,,,,,360SSA,369SSA,,,,,,,
16235, -   , 8.540459 ,CTYLAK,FORLAK,T16VER,R16VER,C03532,E28103,H07125,,M41RIV,F16LRI,L12VER,,,,,,,,,356SSA,369SSA,,,,,,,
16236," 3,731 ", 6.478212 ,CTYLAK,FORLAK,T16VER,R16VER,C03532,E28103,H02115,,,F16LRI,,,,,,,,,,,,,,,,,,
16237, -   , 7.151243 ,CTYLAK,FORLAK,T16VER,R16VER,C03532,E28103,H02115,,M24LFO,,,,,,,,,,,,,,,,,,,
16238, -   , 9.449112 ,CTYLAK,FORLAK,T16VER,R16VER,C03532,E27102,H07125,,M29LNC,F16LRI,L12VER,P04BGR,,,,,,,,,,,,,,,,
16239," 69,858 ", 8.408365 ,CTYLAK,FORLAK,T16VER,R16VER,C03532,E27102,H07125,,,,L12VER,P04BGR,,,,,,,,,,,,,,,,
16240," 2,317 ", 8.109975 ,CTYLAK,FORLAK,T16VER,R16VER,C03532,E28103,H07125,,M32MET,F16LRI,,,,,,,WTRCLC,,,,,,,B16CLC,,,,
16241, -   , 7.939822 ,CTYLAK,FORLAK,T16VER,R16VER,C03532,E28103,H10128,,,F16LRI,L12VER,,,,,,,,,,,,,,,,,
16242, -   , 7.939822 ,CTYLAK,FORLAK,T16VER,R16VER,C03532,E28103,H10128,,M49VHI,F16LRI,L12VER,,,,,,WTRCLC,,,,,,,B16CLC,,,,
16243, -   , 8.370611 ,CTYLAK,FORLAK,T16VER,R16VER,C03532,E30109,H01113,,M41RIV,F16LRI,,,,,Q02SOU,,,,,365SSA,370SSA,,,,,,,
16244," 1,946,156 ", 8.753234 ,CTYLAK,FORLAK,T16VER,R16VER,C03532,E28103,H07125,,M49VHI,F16LRI,L12VER,P18VHI,,,,,WTRCLC,X40TIF,,,,,,B16CLC,,,,
16245, -   , 6.635267 ,CTYLAK,FORLAK,T16VER,R16VER,C03532,E28103,H02115,,,F16LRI,,,S05NSH,,,,,,,,,,,,,,,
16246, -   , 8.373544 ,CTYLAK,FORLAK,T16VER,R16VER,C03532,E28103,H10128,,M49VHI,F16LRI,L12VER,P18VHI,,,,,WTRCLC,,,,,,,B16CLC,,,,
16247, -   , 7.869523 ,CTYLAK,FORLAK,T16VER,R16VER,C03532,E30109,H01113,,M41RIV,F16LRI,,,,,Q02SOU,,,,,371SSA,,,,,,,,
16248," 18,355,185 ", 8.971005 ,CTYLAK,FORLAK,T16VER,R16VER,C03532,E27102,H07125,,M29LNC,F16LRI,L12VER,,,,,,,,,265SSA,,,,,,,,
16249, -   , 8.787299 ,CTYLAK,FORLAK,T16VER,R16VER,C03532,E22073,H10128,,M32MET,F16LRI,L04CME,,,,,,,,,287SSA,,,,,,,,
16250, -   , 8.787299 ,CTYLAK,FORLAK,T16VER,R16VER,C03532,E22073,H10128,,M32MET,F16LRI,L04CME,,,,,,,,,288SSA,,,,,,,,
16251, -   , 8.787299 ,CTYLAK,FORLAK,T16VER,R16VER,C03532,E22073,H10128,,M32MET,F16LRI,L04CME,,,,,,,,,289SSA,,,,,,,,
16252, -   , 8.787299 ,CTYLAK,FORLAK,T16VER,R16VER,C03532,E22073,H10128,,M32MET,F16LRI,L04CME,,,,,,,,,290SSA,,,,,,,,
16253, -   , 8.787299 ,CTYLAK,FORLAK,T16VER,R16VER,C03532,E22073,H10128,,M32MET,F16LRI,L04CME,,,,,,,,,291SSA,,,,,,,,
16254, -   , 8.787299 ,CTYLAK,FORLAK,T16VER,R16VER,C03532,E22073,H10128,,M32MET,F16LRI,L04CME,,,,,,,,,292SSA,,,,,,,,
16255, -   , 8.787299 ,CTYLAK,FORLAK,T16VER,R16VER,C03532,E22073,H10128,,M32MET,F16LRI,L04CME,,,,,,,,,293SSA,,,,,,,,
16256, -   , 8.787299 ,CTYLAK,FORLAK,T16VER,R16VER,C03532,E22073,H10128,,M32MET,F16LRI,L04CME,,,,,,,,,294SSA,,,,,,,,
16257, -   , 8.787299 ,CTYLAK,FORLAK,T16VER,R16VER,C03532,E22073,H10128,,M32MET,F16LRI,L04CME,,,,,,,,,295SSA,,,,,,,,
16258, -   , 8.787299 ,CTYLAK,FORLAK,T16VER,R16VER,C03532,E22073,H10128,,M32MET,F16LRI,L04CME,,,,,,,,,296SSA,,,,,,,,
16259, -   , 8.787299 ,CTYLAK,FORLAK,T16VER,R16VER,C03532,E22073,H10128,,M32MET,F16LRI,L04CME,,,,,,,,,297SSA,,,,,,,,
16260, -   , 8.787299 ,CTYLAK,FORLAK,T16VER,R16VER,C03532,E22073,H10128,,M32MET,F16LRI,L04CME,,,,,,,,,298SSA,,,,,,,,
16261, -   , 8.787299 ,CTYLAK,FORLAK,T16VER,R16VER,C03532,E22073,H10128,,M32MET,F16LRI,L04CME,,,,,,,,,299SSA,,,,,,,,
16262, -   , 8.787299 ,CTYLAK,FORLAK,T16VER,R16VER,C03532,E22073,H10128,,M32MET,F16LRI,L04CME,,,,,,,,,300SSA,,,,,,,,
16263, -   , 8.787299 ,CTYLAK,FORLAK,T16VER,R16VER,C03532,E22073,H10128,,M32MET,F16LRI,L04CME,,,,,,,,,301SSA,,,,,,,,
16264, -   , 8.787299 ,CTYLAK,FORLAK,T16VER,R16VER,C03532,E22073,H10128,,M32MET,F16LRI,L04CME,,,,,,,,,302SSA,,,,,,,,
16265, -   , 8.787299 ,CTYLAK,FORLAK,T16VER,R16VER,C03532,E22073,H10128,,M32MET,F16LRI,L04CME,,,,,,,,,303SSA,,,,,,,,
16266, -   , 5.622564 ,CTYLAK,FORLAK,T16VER,R16VER,C03532,E18067,H02115,,M24LFO,,,,,,,,,,,235SSA,,,,,,,,
16267," 3,181,895 ", 5.779619 ,CTYLAK,FORLAK,T16VER,R16VER,C03532,E18067,H02115,,M24LFO,,,,S05NSH,,,,,,,235SSA,,,,,,,,
16268, -   , 7.151243 ,CTYLAK,FORLAK,T16VER,R16VER,C03532,E28103,H02115,,M24LFO,,,,,,,,,,,235SSA,,,,,,,,
16269," 112,963 ", 7.308298 ,CTYLAK,FORLAK,T16VER,R16VER,C03532,E28103,H02115,,M24LFO,,,,S05NSH,,,,,,,235SSA,,,,,,,,
16270, -   , 8.921916 ,CTYLAK,FORLAK,T16VER,R16VER,C03532,E22073,H10128,,M32MET,F16LRI,L04CME,,,,,,,,,280SSA,288SSA,,,,,,,
16271, -   , 8.921916 ,CTYLAK,FORLAK,T16VER,R16VER,C03532,E22073,H10128,,M32MET,F16LRI,L04CME,,,,,,,,,280SSA,289SSA,,,,,,,
16272, -   , 8.921916 ,CTYLAK,FORLAK,T16VER,R16VER,C03532,E22073,H10128,,M32MET,F16LRI,L04CME,,,,,,,,,280SSA,290SSA,,,,,,,
16273, -   , 8.921916 ,CTYLAK,FORLAK,T16VER,R16VER,C03532,E22073,H10128,,M32MET,F16LRI,L04CME,,,,,,,,,280SSA,291SSA,,,,,,,
16274, -   , 8.921916 ,CTYLAK,FORLAK,T16VER,R16VER,C03532,E22073,H10128,,M32MET,F16LRI,L04CME,,,,,,,,,280SSA,292SSA,,,,,,,
16275, -   , 8.921916 ,CTYLAK,FORLAK,T16VER,R16VER,C03532,E22073,H10128,,M32MET,F16LRI,L04CME,,,,,,,,,280SSA,293SSA,,,,,,,
16276, -   , 8.921916 ,CTYLAK,FORLAK,T16VER,R16VER,C03532,E22073,H10128,,M32MET,F16LRI,L04CME,,,,,,,,,280SSA,294SSA,,,,,,,
16277, -   , 8.921916 ,CTYLAK,FORLAK,T16VER,R16VER,C03532,E22073,H10128,,M32MET,F16LRI,L04CME,,,,,,,,,280SSA,295SSA,,,,,,,
16278, -   , 8.921916 ,CTYLAK,FORLAK,T16VER,R16VER,C03532,E22073,H10128,,M32MET,F16LRI,L04CME,,,,,,,,,280SSA,296SSA,,,,,,,
16279, -   , 8.921916 ,CTYLAK,FORLAK,T16VER,R16VER,C03532,E22073,H10128,,M32MET,F16LRI,L04CME,,,,,,,,,280SSA,297SSA,,,,,,,
16280, -   , 8.921916 ,CTYLAK,FORLAK,T16VER,R16VER,C03532,E22073,H10128,,M32MET,F16LRI,L04CME,,,,,,,,,280SSA,298SSA,,,,,,,
16281, -   , 8.921916 ,CTYLAK,FORLAK,T16VER,R16VER,C03532,E22073,H10128,,M32MET,F16LRI,L04CME,,,,,,,,,280SSA,299SSA,,,,,,,
16282, -   , 8.921916 ,CTYLAK,FORLAK,T16VER,R16VER,C03532,E22073,H10128,,M32MET,F16LRI,L04CME,,,,,,,,,280SSA,300SSA,,,,,,,
16283, -   , 8.921916 ,CTYLAK,FORLAK,T16VER,R16VER,C03532,E22073,H10128,,M32MET,F16LRI,L04CME,,,,,,,,,280SSA,301SSA,,,,,,,
16284, -   , 8.921916 ,CTYLAK,FORLAK,T16VER,R16VER,C03532,E22073,H10128,,M32MET,F16LRI,L04CME,,,,,,,,,280SSA,302SSA,,,,,,,
16285, -   , 8.921916 ,CTYLAK,FORLAK,T16VER,R16VER,C03532,E22073,H10128,,M32MET,F16LRI,L04CME,,,,,,,,,280SSA,303SSA,,,,,,,
16286, -   , 8.921916 ,CTYLAK,FORLAK,T16VER,R16VER,C03532,E22073,H10128,,M32MET,F16LRI,L04CME,,,,,,,,,280SSA,287SSA,,,,,,,
16287, -   , 9.226922 ,CTYLAK,FORLAK,T16VER,R16VER,C03532,E26096,H07125,,M31LGR,F17LGR,L12VER,P14LGR,,,,,,,,228SSA,,,,,,,,
16288, -   , 8.581920 ,CTYLAK,FORLAK,T16VER,R16VER,C03532,E28103,H07125,,M29LNC,F16LRI,L12VER,,,,Q02SOU,,,,,,,,,,,,,
16289, -   , 8.552864 ,CTYLAK,FORLAK,T16VER,R16VER,C03532,E28103,H07125,,M41RIV,F16LRI,L12VER,,,,Q02SOU,,,,,360SSA,369SSA,,,,,,,
16290, -   , 8.552864 ,CTYLAK,FORLAK,T16VER,R16VER,C03532,E28103,H07125,,M41RIV,F16LRI,L12VER,,,,Q02SOU,,,,,360SSA,,,,,,,,
16291, -   , 8.552864 ,CTYLAK,FORLAK,T16VER,R16VER,C03532,E28103,H07125,,M41RIV,F16LRI,L12VER,,,,Q02SOU,,,,,356SSA,,,,,,,,
16292, -   , 8.552864 ,CTYLAK,FORLAK,T16VER,R16VER,C03532,E28103,H07125,,M41RIV,F16LRI,L12VER,,,,Q02SOU,,,,,356SSA,357SSA,360SSA,,,,,,
16293, -   , 8.552864 ,CTYLAK,FORLAK,T16VER,R16VER,C03532,E28103,H07125,,M41RIV,F16LRI,L12VER,,,,Q02SOU,,,,,356SSA,357SSA,368SSA,,,,,,
16294, -   , 8.552864 ,CTYLAK,FORLAK,T16VER,R16VER,C03532,E28103,H07125,,M41RIV,F16LRI,L12VER,,,,Q02SOU,,,,,361SSA,,,,,,,,
16295, -   , 8.552864 ,CTYLAK,FORLAK,T16VER,R16VER,C03532,E28103,H07125,,M41RIV,F16LRI,L12VER,,,,Q02SOU,,,,,356SSA,369SSA,,,,,,,
16296," 290,200 ", 8.552864 ,CTYLAK,FORLAK,T16VER,R16VER,C03532,E28103,H07125,,M41RIV,F16LRI,L12VER,,,,Q02SOU,,,,,367SSA,,,,,,,,
16297," 1,820,128 ", 8.552864 ,CTYLAK,FORLAK,T16VER,R16VER,C03532,E28103,H07125,,M41RIV,F16LRI,L12VER,,,,Q02SOU,,,,,362SSA,367SSA,,,,,,,
16298, -   , 8.552864 ,CTYLAK,FORLAK,T16VER,R16VER,C03532,E28103,H07125,,M41RIV,F16LRI,L12VER,,,,Q02SOU,,,,,357SSA,368SSA,,,,,,,
16299, -   , 8.552864 ,CTYLAK,FORLAK,T16VER,R16VER,C03532,E28103,H07125,,M41RIV,F16LRI,L12VER,,,,Q02SOU,,,,,356SSA,359SSA,,,,,,,
16300, -   , 8.552864 ,CTYLAK,FORLAK,T16VER,R16VER,C03532,E28103,H07125,,M41RIV,F16LRI,L12VER,,,,Q02SOU,,,,,359SSA,361SSA,,,,,,,
16301, -   , 10.579468 ,CTYLAK,FORLAK,T16VER,R16VER,C03532,E27102,H07125,,M53WHE,F17LGR,L12VER,P04BGR,,,,,,,,,,,,,,,,
16302, -   , 8.099042 ,CTYLAK,FORLAK,T16VER,R16VER,C03532,E28103,H02115,,M24LFO,F16LRI,,,S05NSH,,,,,,,,,,,,,,,
16303, -   , 9.222711 ,CTYLAK,FORLAK,T16VER,R16VER,C03532,E28103,H07125,,M07BGR,F16LRI,L12VER,,,,,,,,,147SSA,,,,,,,,
16304, -   , 9.700818 ,CTYLAK,FORLAK,T16VER,R16VER,C03532,E28103,H07125,,M07BGR,F16LRI,L12VER,P04BGR,,,,,,,,,,,,,,,,
16305, -   , 8.099042 ,CTYLAK,FORLAK,T16VER,R16VER,C03532,E28103,H02115,,M24LFO,F16LRI,,,S05NSH,,,,,,,237SSA,,,,,,,,
16306, -   , 7.308298 ,CTYLAK,FORLAK,T16VER,R16VER,C03532,E28103,H02115,,M24LFO,,,,S05NSH,,,,,,,237SSA,,,,,,,,
16307," 2,947,226 ", 8.921916 ,CTYLAK,FORLAK,T16VER,R16VER,C03532,E22073,H10128,,M32MET,F16LRI,L04CME,,,,,,,,,280SSA,,,,,,,,
16309, -   , 9.226922 ,CTYLAK,FORLAK,T16VER,R16VER,C03532,E26096,H07125,,M31LGR,F17LGR,L12VER,P14LGR,,,,,,,,226SSA,,,,,,,,
16310," 1,744,243 ", 9.226922 ,CTYLAK,FORLAK,T16VER,R16VER,C03532,E26096,H07125,,M31LGR,F17LGR,L12VER,P14LGR,,,,,,X26TIF,,228SSA,,,,,,,,
16311," 2,138,709 ", 9.226922 ,CTYLAK,FORLAK,T16VER,R16VER,C03532,E26096,H07125,,M31LGR,F17LGR,L12VER,P14LGR,,,,,,X26TIF,,226SSA,,,,,,,,
16312, -   , 9.333282 ,CTYLAK,FORLAK,T16VER,R16VER,C03532,E26096,H07125,,M31LGR,F17LGR,L09ITR,P14LGR,,,,,,X26TIF,,,,,,,,,,
16313," 1,547,412 ", 9.226922 ,CTYLAK,FORLAK,T16VER,R16VER,C03532,E26096,H07125,,M31LGR,F17LGR,L12VER,P14LGR,,,,,,X26TIF,,,,,,,,,,
16314, -   , 5.779619 ,CTYLAK,FORLAK,T16VER,R16VER,C03532,E18067,H02115,,M24LFO,,,,S05NSH,,,,,,,237SSA,,,,,,,,
16315," 668,662 ", 9.517277 ,CTYLAK,FORLAK,T16VER,R16VER,C03532,E28103,H07125,,M32MET,F16LRI,L04CME,,,,,,,,,282SSA,283SSA,,,,,,,
16316, -   , 8.980798 ,CTYLAK,FORLAK,T16VER,R16VER,C03532,E26096,H07125,,M31LGR,F07COU,L12VER,P14LGR,,,,,,,,227SSA,,,,B09COU,,,,
16317, -   , 9.226922 ,CTYLAK,FORLAK,T16VER,R16VER,C03532,E26096,H07125,,M31LGR,F17LGR,L12VER,P14LGR,,,,,,,,227SSA,,,,,,,,
16318, -   , 8.954354 ,CTYLAK,FORLAK,T16VER,R16VER,C03532,E27102,H07125,,M41RIV,F16LRI,L12VER,,,,Q02SOU,,,,,355SSA,372SSA,,,,,,,
16319, -   , 8.173095 ,CTYLAK,FORLAK,T16VER,R16VER,C03532,E30109,H01113,,M41RIV,F16LRI,L12VER,,,,Q02SOU,,,,,355SSA,372SSA,,,,,,,
16320, -   , 8.160690 ,CTYLAK,FORLAK,T16VER,R16VER,C03532,E30109,H01113,,M41RIV,F16LRI,L12VER,,,,,,,,,355SSA,372SSA,,,,,,,
16321," 1,991,144 ", 8.173095 ,CTYLAK,FORLAK,T16VER,R16VER,C03532,E30109,H01113,,M41RIV,F16LRI,L12VER,,,,Q02SOU,,,,,373SSA,,,,,,,,
16322, -   , 7.869523 ,CTYLAK,FORLAK,T16VER,R16VER,C03532,E30109,H01113,,M41RIV,F16LRI,,,,,Q02SOU,,,,,365SSA,373SSA,,,,,,,
16323, -   , 8.173095 ,CTYLAK,FORLAK,T16VER,R16VER,C03532,E30109,H01113,,M41RIV,F16LRI,L12VER,,,,Q02SOU,,,,,365SSA,373SSA,,,,,,,
16324, -   , 7.869523 ,CTYLAK,FORLAK,T16VER,R16VER,C03532,E30109,H01113,,M41RIV,F16LRI,,,,,Q02SOU,,,,,364SSA,374SSA,,,,,,,
16325," 266,533 ", 8.954354 ,CTYLAK,FORLAK,T16VER,R16VER,C03532,E27102,H07125,,M41RIV,F16LRI,L12VER,,,,Q02SOU,,,,,372SSA,,,,,,,,
16326, -   , 8.569515 ,CTYLAK,FORLAK,T16VER,R16VER,C03532,E28103,H07125,,M29LNC,F16LRI,L12VER,,,,,,,,,264SSA,,,,,,,,
16327, -   , 8.569515 ,CTYLAK,FORLAK,T16VER,R16VER,C03532,E28103,H07125,,M29LNC,F16LRI,L12VER,,,,,,,,,145SSA,264SSA,,,,,,,
16328, -   , 9.259144 ,CTYLAK,FORLAK,T16VER,R16VER,C03532,E27102,H07125,,M53WHE,,L12VER,,,,,,,,,,,,,,,,,
16329," 5,821,660 ", 10.054382 ,CTYLAK,FORLAK,T16VER,R16VER,C03532,E27102,H07125,,M53WHE,,L12VER,P21WHE,,,,,,,,,,,,,,,,
16330," 42,176 ", 9.737251 ,CTYLAK,FORLAK,T16VER,R16VER,C03532,E27102,H07125,,M53WHE,,L12VER,P04BGR,,,,,,,,,,,,,,,,
16331," 5,508,883 ", 8.980798 ,CTYLAK,FORLAK,T16VER,R16VER,C03532,E26096,H07125,,M31LGR,F07COU,L12VER,P14LGR,,,,,WTRCLC,,,227SSA,,,,B09COU,B16CLC,,,
16332," 22,250,565 ", 9.226922 ,CTYLAK,FORLAK,T16VER,R16VER,C03532,E26096,H07125,,M31LGR,F17LGR,L12VER,P14LGR,,,,,WTRCLC,,,227SSA,,,,B16CLC,,,,
16333," 6,963,857 ", 8.319512 ,CTYLAK,FORLAK,T16VER,R16VER,C03532,E28103,H07125,,,F16LRI,L12VER,,,,,,WTRCLC,,,,,,,B16CLC,,,,
16334," 11,983,501 ", 8.173095 ,CTYLAK,FORLAK,T16VER,R16VER,C03532,E30109,H01113,,M41RIV,F16LRI,L12VER,,,,Q02SOU,,,,,372SSA,,,,,,,,
16335," 201,800 ", 8.160690 ,CTYLAK,FORLAK,T16VER,R16VER,C03532,E30109,H01113,,M41RIV,F16LRI,L12VER,,,,,,,,,372SSA,,,,,,,,
16336," 4,888,047 ", 8.552864 ,CTYLAK,FORLAK,T16VER,R16VER,C03532,E28103,H07125,,M41RIV,F16LRI,L12VER,,,,Q02SOU,,,,,357SSA,,,,,,,,
16337," 2,488,301 ", 7.869523 ,CTYLAK,FORLAK,T16VER,R16VER,C03532,E30109,H01113,,M41RIV,F16LRI,,,,,Q02SOU,,,,,374SSA,,,,,,,,
16338," 6,597,882 ", 7.869523 ,CTYLAK,FORLAK,T16VER,R16VER,C03532,E30109,H01113,,M41RIV,F16LRI,,,,,Q02SOU,,,,,375SSA,,,,,,,,
16339, -   , 8.954354 ,CTYLAK,FORLAK,T16VER,R16VER,C03532,E27102,H07125,,M41RIV,F16LRI,L12VER,,,,Q02SOU,,,X39TIF,,,,,,,,,,
16340," 281,083 ", 8.941949 ,CTYLAK,FORLAK,T16VER,R16VER,C03532,E27102,H07125,,M41RIV,F16LRI,L12VER,,,,,,,X39TIF,,,,,,,,,,
16341," 7,780,276 ", 8.370611 ,CTYLAK,FORLAK,T16VER,R16VER,C03532,E30109,H01113,,M41RIV,F16LRI,,,,,Q02SOU,,,,,370SSA,,,,,,,,
16342," 2,566,731 ", 7.869523 ,CTYLAK,FORLAK,T16VER,R16VER,C03532,E30109,H01113,,M41RIV,F16LRI,,,,,Q02SOU,,,,,373SSA,,,,,,,,
16343," 457,418 ", 6.837413 ,CTYLAK,FORLAK,T16VER,R16VER,C03532,E29106,H01113,,M41RIV,F16LRI,,,,,Q02SOU,,,,,377SSA,,,,,,,,
16344," 11,351,359 ", 7.869523 ,CTYLAK,FORLAK,T16VER,R16VER,C03532,E30109,H01113,,M41RIV,F16LRI,,,,,Q02SOU,,,,,377SSA,,,,,,,,
16345," 1,923,274 ", 8.249292 ,CTYLAK,FORLAK,T16VER,R16VER,C03532,E28103,H07125,,M41RIV,F16LRI,,,,,Q02SOU,,,,,377SSA,,,,,,,,
16346," 1,611,817 ", 8.552864 ,CTYLAK,FORLAK,T16VER,R16VER,C03532,E28103,H07125,,M41RIV,F16LRI,L12VER,,,,Q02SOU,,,,,377SSA,,,,,,,,
16347, -   , 7.869523 ,CTYLAK,FORLAK,T16VER,R16VER,C03532,E30109,H01113,,M41RIV,F16LRI,,,,,Q02SOU,,,,,365SSA,377SSA,,,,,,,
16348, -   , 9.226922 ,CTYLAK,FORLAK,T16VER,R16VER,C03532,E26096,H07125,,M02AHE,F17LGR,L12VER,,,,,,,,,,,,,,,,,
16349, -   , 9.705029 ,CTYLAK,FORLAK,T16VER,R16VER,C03532,E26096,H07125,,M02AHE,F17LGR,L12VER,P04BGR,,,,,,,,,,,,,,,,
16350," 5,600,131 ", 6.837413 ,CTYLAK,FORLAK,T16VER,R16VER,C03532,E29106,H01113,,M41RIV,F16LRI,,,,,Q02SOU,,,,,379SSA,,,,,,,,
16351," 1,574,071 ", 7.869523 ,CTYLAK,FORLAK,T16VER,R16VER,C03532,E30109,H01113,,M41RIV,F16LRI,,,,,Q02SOU,,,,,380SSA,,,,,,,,
16352," 1,706,266 ", 7.869523 ,CTYLAK,FORLAK,T16VER,R16VER,C03532,E30109,H01113,,M41RIV,F16LRI,,,,,Q02SOU,,,,,381SSA,,,,,,,,
16353," 3,065,184 ", 7.869523 ,CTYLAK,FORLAK,T16VER,R16VER,C03532,E30109,H01113,,M41RIV,F16LRI,,,,,Q02SOU,,,,,382SSA,,,,,,,,
16354," 1,734,532 ", 7.869523 ,CTYLAK,FORLAK,T16VER,R16VER,C03532,E30109,H01113,,M41RIV,F16LRI,,,,,Q02SOU,,,,,408SSA,,,,,,,,
16355, -   , 8.932335 ,CTYLAK,FORLAK,T16VER,R16VER,C03532,E22073,H10128,,M49VHI,F07COU,L04CME,P18VHI,,,,,WTRCLC,X59TIF,,,,,,B09COU,B16CLC,,,
16356," 2,450,975 ", 9.226922 ,CTYLAK,FORLAK,T16VER,R16VER,C03532,E26096,H07125,,M31LGR,F17LGR,L12VER,P14LGR,,,,,,X26TIF,,228SSA,411SSA,,,,,,,
16357," 4,848,124 ", 8.954354 ,CTYLAK,FORLAK,T16VER,R16VER,C03532,E27102,H07125,,M41RIV,F16LRI,L12VER,,,,Q02SOU,,,X63TIF,,,,,,,,,,
16358, -   , 8.954354 ,CTYLAK,FORLAK,T16VER,R16VER,C03532,E27102,H07125,,M41RIV,F16LRI,L12VER,,,,Q02SOU,,,X63TIF,,,,,,,,,,
16359," 1,314,069 ", 7.869523 ,CTYLAK,FORLAK,T16VER,R16VER,C03532,E30109,H01113,,M41RIV,F16LRI,,,,,Q02SOU,,,,,414SSA,,,,,,,,
16360, -   , 8.941949 ,CTYLAK,FORLAK,T16VER,R16VER,C03532,E27102,H07125,,M41RIV,F16LRI,L12VER,,,,,,,X39TIF,X63TIF,,,,,,,,,
16361, -   , 8.954354 ,CTYLAK,FORLAK,T16VER,R16VER,C03532,E27102,H07125,,M41RIV,F16LRI,L12VER,,,,Q02SOU,,,X39TIF,X63TIF,,,,,,,,,
16362, -   , 8.941949 ,CTYLAK,FORLAK,T16VER,R16VER,C03532,E27102,H07125,,M41RIV,F16LRI,L12VER,,,,,,,X63TIF,,,,,,,,,,
16363, -   , 10.153781 ,CTYLAK,FORLAK,T16VER,R16VER,C03532,E27102,H07125,,M07BGR,F17LGR,L12VER,P04BGR,,,,,,X67TIF,,,,,,,,,,
16364," 4,205,918 ", 9.311564 ,CTYLAK,FORLAK,T16VER,R16VER,C03532,E27102,H07125,,M07BGR,,L12VER,P04BGR,,,,,,X67TIF,,,,,,,,,,
16365," 6,384,190 ", 9.872371 ,CTYLAK,FORLAK,T16VER,R16VER,C03532,E26096,H07125,,M07BGR,,L09ITR,P04BGR,,,,,,X67TIF,,,,,,,,,,
16366," 6,695,972 ", 9.417924 ,CTYLAK,FORLAK,T16VER,R16VER,C03532,E27102,H07125,,M07BGR,,L09ITR,P04BGR,,,,,,X67TIF,,,,,,,,,,
16367, -   , 9.766011 ,CTYLAK,FORLAK,T16VER,R16VER,C03532,E26096,H07125,,M07BGR,,L12VER,P04BGR,,,,,,X67TIF,,,,,,,,,,
16368, -   , 10.054382 ,CTYLAK,FORLAK,T16VER,R16VER,C03532,E27102,H07125,,M53WHE,,L12VER,P21WHE,,,,,,X67TIF,,,,,,,,,,
16369," 2,312,151 ", 7.869523 ,CTYLAK,FORLAK,T16VER,R16VER,C03532,E30109,H01113,,M41RIV,F16LRI,,,,,Q02SOU,,,,,416SSA,,,,,,,,
16370, -   , 8.932335 ,CTYLAK,FORLAK,T16VER,R16VER,C03532,E22073,H10128,,M49VHI,F07COU,L04CME,P18VHI,,,,,WTRCLC,X68TIF,,,,,,B09COU,B16CLC,,,
16371," 132,704 ", 9.788616 ,CTYLAK,FORLAK,T16VER,R16VER,C03532,E22073,H04120,,M33MUN,,L04CME,P15MUN,,,,,WTRCLC,,,418SSA,,,,B15MUN,B16CLC,B17MU2,,
17001," 25,400,422 ", 6.973408 ,CTYLAK,FORLAK,T17WDE,,C03532,E29106,H01113,,M03BAN,F08DBA,,,,,Q02SOU,,,,,,,,,,,,,
17002, -   , 7.870838 ,CTYLAK,FORLAK,T17WDE,,C03532,E29106,H01113,,M08DEE,F08DBA,,P05DEE,,,Q02SOU,,,,,,,,,B13DEE,,,,
17003, -   , 6.431811 ,CTYLAK,FORLAK,T17WDE,,C03532,E29106,H01113,,,F08DBA,,,,,,,,,,,,,,,,,,
17004," 1,216,080,619 ", 8.902948 ,CTYLAK,FORLAK,T17WDE,,C03532,E30109,H01113,,M08DEE,F08DBA,,P05DEE,,,Q02SOU,,,,,,,,,B13DEE,,,,
17005," 11,493 ", 8.005518 ,CTYLAK,FORLAK,T17WDE,,C03532,E30109,H01113,,M03BAN,F08DBA,,,,,Q02SOU,,,,,,,,,,,,,
17006," 625,724 ", 8.056809 ,CTYLAK,FORLAK,T17WDE,,C03532,E30109,H01113,,,F08DBA,,P05DEE,,,Q02SOU,,,,,,,,,,,,,
17007," 13,440,026 ", 6.665163 ,CTYLAK,FORLAK,T17WDE,,C03532,E29106,H01113,,M41RIV,F08DBA,,,,,Q02SOU,,,,,,,,,,,,,
17008," 16,456,021 ", 8.405074 ,CTYLAK,FORLAK,T17WDE,,C03532,E30109,H01113,,M17HPA,,,P10HPA,S05NSH,,Q02SOU,,,,,,,,,,,,,
17009," 5,351,717 ", 8.248019 ,CTYLAK,FORLAK,T17WDE,,C03532,E30109,H01113,,M17HPA,,,P10HPA,,,Q02SOU,,,,,,,,,,,,,
17010," 56,110 ", 8.256165 ,CTYLAK,FORLAK,T17WDE,,C03532,E30109,H01113,,M17HPA,,,P05DEE,,,Q02SOU,,,,,,,,,,,,,
17011," 21,496,477 ", 6.973408 ,CTYLAK,FORLAK,T17WDE,,C03532,E29106,H01113,,M03BAN,F08DBA,,,,,Q02SOU,,,,,115SSA,,,,,,,,
17012, -   , 7.463921 ,CTYLAK,FORLAK,T17WDE,,C03532,E30109,H01113,,,F08DBA,,,,,,,,,,,,,,,,,,
17013, -   , 8.894802 ,CTYLAK,FORLAK,T17WDE,,C03532,E30109,H01113,,M08DEE,F08DBA,,P10HPA,,,Q02SOU,,,,,,,,,B13DEE,,,,
17014, -   , 8.044404 ,CTYLAK,FORLAK,T17WDE,,C03532,E30109,H01113,,,F08DBA,,P05DEE,,,,,,,,,,,,,,,,
17015," 184,813,038 ", 8.296883 ,CTYLAK,FORLAK,T17WDE,,C03532,E31112,H01113,,M17HPA,,,P10HPA,S05NSH,,Q02SOU,,,,,,,,,,,,,(From ESD 1)
17016," 29,539 ", 8.139828 ,CTYLAK,FORLAK,T17WDE,,C03532,E31112,H01113,,M17HPA,,,P10HPA,,,Q02SOU,,,,,,,,,,,,,
17017," 2,515,213 ", 6.985386 ,CTYLAK,FORLAK,T17WDE,,C03532,E29106,H01113,,M29LNC,F08DBA,L12VER,,,,,,,,,,,,,,,,,
17018," 86,173,406 ", 8.296883 ,CTYLAK,FORLAK,T17WDE,,C03532,E31112,H01113,,M17HPA,,,P10HPA,S05NSH,,Q02SOU,,,,,,,,,,,,,(From ESD 7)
17019," 118,765 ", 6.961003 ,CTYLAK,FORLAK,T17WDE,,C03532,E29106,H01113,,M03BAN,F08DBA,,,,,,,,,,,,,,,,,,
17020," 362,507 ", 8.139828 ,CTYLAK,FORLAK,T17WDE,,C03532,E31112,H01113,,M17HPA,,,P10HPA,,,Q02SOU,,,,,,,,,,,,,
17021," 65,505,993 ", 7.697273 ,CTYLAK,FORLAK,T17WDE,,C03532,E30109,H01113,,M41RIV,F08DBA,,,,,Q02SOU,,,,,,,,,,,,,
17022, -   , 8.296883 ,CTYLAK,FORLAK,T17WDE,,C03532,E31112,H01113,,M17HPA,,,P10HPA,S05NSH,,Q02SOU,,,,,,,,,B01108,,,,
17023," 701,057 ", 7.215909 ,CTYLAK,FORLAK,T17WDE,,C03532,E29106,H01113,,M17HPA,,,P10HPA,,,Q02SOU,,,,,,,,,,,,,
17024," 321,513 ", 8.005518 ,CTYLAK,FORLAK,T17WDE,,C03532,E30109,H01113,,M03BAN,F08DBA,,,,,Q02SOU,,,,,115SSA,,,,,,,,
17025," 786,008,725 ", 5.722208 ,CTYLAK,FORLAK,T17WDE,,C03532,E18067,H02115,,M24LFO,,,,S05NSH,,,,,,,,,,,,,,,
17026," 10,534,994 ", 5.565153 ,CTYLAK,FORLAK,T17WDE,,C03532,E18067,H02115,,M24LFO,,,,,,,,,,,,,,,,,,,
17027, -   , 8.890543 ,CTYLAK,FORLAK,T17WDE,,C03532,E30109,H01113,,M08DEE,F08DBA,,P05DEE,,,,,,,,,,,,B13DEE,,,,
17028, -   , 6.652758 ,CTYLAK,FORLAK,T17WDE,,C03532,E29106,H01113,,M41RIV,F08DBA,,,,,,,,,,,,,,,,,,
17029, -   , 6.588866 ,CTYLAK,FORLAK,T17WDE,,C03532,E29106,H01113,,,F08DBA,,,S01DMW,S05NSH,,,,,,,,,,,,,,
17030, -   , 8.110706 ,CTYLAK,FORLAK,T17WDE,,C03532,E31112,H01113,,M08DEE,,,P10HPA,,,Q02SOU,,,,,,,,,B13DEE,,,,
17031, -   , 7.233241 ,CTYLAK,FORLAK,T17WDE,,C03532,E29106,H01113,,M41RIV,F08DBA,,P05DEE,,,,,,,,,,,,,,,,
17032, -   , 6.444216 ,CTYLAK,FORLAK,T17WDE,,C03532,E29106,H01113,,,F08DBA,,,,,Q02SOU,,,,,,,,,,,,,
17033, -   , 6.601271 ,CTYLAK,FORLAK,T17WDE,,C03532,E29106,H01113,,,F08DBA,,,S05NSH,,Q02SOU,,,,,,,,,,,,,
17034," 15,129,338 ", 7.476326 ,CTYLAK,FORLAK,T17WDE,,C03532,E30109,H01113,,,F08DBA,,,,,Q02SOU,,,,,,,,,,,,,
17035," 96,880 ", 7.245646 ,CTYLAK,FORLAK,T17WDE,,C03532,E29106,H01113,,M41RIV,F08DBA,,P05DEE,,,Q02SOU,,,,,,,,,,,,,
17036," 7,875,660 ", 8.277756 ,CTYLAK,FORLAK,T17WDE,,C03532,E30109,H01113,,M41RIV,F08DBA,,P05DEE,,,Q02SOU,,,,,,,,,,,,,
17037," 649,945 ", 6.588866 ,CTYLAK,FORLAK,T17WDE,,C03532,E29106,H01113,,,F08DBA,,,S05NSH,,,,,,,,,,,,,,,
17038," 5,654,417 ", 7.372964 ,CTYLAK,FORLAK,T17WDE,,C03532,E29106,H01113,,M17HPA,,,P10HPA,S05NSH,,Q02SOU,,,,,,,,,,,,,
17039," 40,487,995 ", 7.130463 ,CTYLAK,FORLAK,T17WDE,,C03532,E29106,H01113,,M03BAN,F08DBA,,,S05NSH,,Q02SOU,,,,,,,,,,,,,
17040, -   , 7.684868 ,CTYLAK,FORLAK,T17WDE,,C03532,E30109,H01113,,M41RIV,F08DBA,,,,,,,,,,,,,,,,,,
17041, -   , 7.118058 ,CTYLAK,FORLAK,T17WDE,,C03532,E29106,H01113,,M03BAN,F08DBA,,,S01DMW,S05NSH,,,,,,,,,,,,,,
17042," 51,945 ", 7.118058 ,CTYLAK,FORLAK,T17WDE,,C03532,E29106,H01113,,M03BAN,F08DBA,,,S05NSH,,,,,,,,,,,,,,,
17043, -   , 6.973408 ,CTYLAK,FORLAK,T17WDE,,C03532,E29106,H01113,,M03BAN,F08DBA,,,,,Q02SOU,,,,,113SSA,,,,,,,,
17044, -   , 6.961003 ,CTYLAK,FORLAK,T17WDE,,C03532,E29106,H01113,,M03BAN,F08DBA,,,,,,,,,,114SSA,,,,,,,,
17045," 3,638,226 ", 7.118058 ,CTYLAK,FORLAK,T17WDE,,C03532,E29106,H01113,,M03BAN,F08DBA,,,S05NSH,,,,,,,114SSA,,,,,,,,
17046," 20,191 ", 9.060003 ,CTYLAK,FORLAK,T17WDE,,C03532,E30109,H01113,,M08DEE,F08DBA,,P05DEE,S05NSH,,Q02SOU,,,,,,,,,B13DEE,,,,
17047, -   , 8.310060 ,CTYLAK,FORLAK,T17WDE,,C03532,E30109,H01113,,M08DEE,F08DBA,,,,,,,,,,,,,,B13DEE,,,,
17048, -   , 8.027893 ,CTYLAK,FORLAK,T17WDE,,C03532,E29106,H01113,,M08DEE,F08DBA,,P05DEE,S05NSH,,Q02SOU,,,,,,,,,B13DEE,,,,
17049, -   , 6.985386 ,CTYLAK,FORLAK,T17WDE,,C03532,E29106,H01113,,M29LNC,F08DBA,L12VER,,,,,,,,,145SSA,,,,,,,,
17050, -   , 7.463921 ,CTYLAK,FORLAK,T17WDE,,C03532,E30109,H01113,,,F08DBA,,,,,,,,,,146SSA,,,,,,,,
17051, -   , 7.697273 ,CTYLAK,FORLAK,T17WDE,,C03532,E30109,H01113,,M41RIV,F08DBA,,,,,Q02SOU,,,,,146SSA,,,,,,,,
17052, -   , 7.684868 ,CTYLAK,FORLAK,T17WDE,,C03532,E30109,H01113,,M41RIV,F08DBA,,,,,,,,,,146SSA,,,,,,,,
17053, -   , 8.902948 ,CTYLAK,FORLAK,T17WDE,,C03532,E30109,H01113,,M08DEE,F08DBA,,P05DEE,,,Q02SOU,,,X10TIF,,,,,,B13DEE,,,,
17054, -   , 6.588866 ,CTYLAK,FORLAK,T17WDE,,C03532,E29106,H01113,,,F08DBA,,,S05NSH,,,,,,,114SSA,,,,,,,,
17055, -   , 8.265351 ,CTYLAK,FORLAK,T17WDE,,C03532,E30109,H01113,,M41RIV,F08DBA,,P05DEE,,,,,,,,,,,,,,,,
17056, -   , 8.310060 ,CTYLAK,FORLAK,T17WDE,,C03532,E30109,H01113,,M08DEE,F08DBA,,,,,,,,,,146SSA,,,,B13DEE,,,,
17057, -   , 7.541486 ,CTYLAK,FORLAK,T17WDE,,C03532,E29106,H01113,,M03BAN,F08DBA,,P05DEE,,,,,,,,,,,,,,,,
17058, -   , 8.890543 ,CTYLAK,FORLAK,T17WDE,,C03532,E30109,H01113,,M08DEE,F08DBA,,P05DEE,,,,,,,,146SSA,,,,B13DEE,,,,
17059, -   , 7.553891 ,CTYLAK,FORLAK,T17WDE,,C03532,E29106,H01113,,M03BAN,F08DBA,,P05DEE,,,Q02SOU,,,,,,,,,,,,,
17060," 10,543,579 ", 7.130463 ,CTYLAK,FORLAK,T17WDE,,C03532,E29106,H01113,,M03BAN,F08DBA,,,S05NSH,,Q02SOU,,,,,113SSA,,,,,,,,
17061, -   , 6.973408 ,CTYLAK,FORLAK,T17WDE,,C03532,E29106,H01113,,M03BAN,F08DBA,,,,,Q02SOU,,,,,114SSA,,,,,,,,
17062, -   , 7.541486 ,CTYLAK,FORLAK,T17WDE,,C03532,E29106,H01113,,M03BAN,F08DBA,,P05DEE,,,,,,,,114SSA,,,,,,,,
17063, -   , 6.973408 ,CTYLAK,FORLAK,T17WDE,,C03532,E29106,H01113,,M03BAN,F08DBA,,,,,Q02SOU,,,X08TIF,,,,,,,,,,
17064, -   , 6.961003 ,CTYLAK,FORLAK,T17WDE,,C03532,E29106,H01113,,M03BAN,F08DBA,,,,,,,,X08TIF,,,,,,,,,,
17065, -   , 6.961003 ,CTYLAK,FORLAK,T17WDE,,C03532,E29106,H01113,,M03BAN,F08DBA,,,,,,,,X08TIF,,114SSA,,,,,,,,
17066, -   , 7.541486 ,CTYLAK,FORLAK,T17WDE,,C03532,E29106,H01113,,M03BAN,F08DBA,,P05DEE,,,,,,X08TIF,,,,,,,,,,
17067, -   , 7.553891 ,CTYLAK,FORLAK,T17WDE,,C03532,E29106,H01113,,M03BAN,F08DBA,,P05DEE,,,Q02SOU,,,X08TIF,,,,,,,,,,
17068, -   , 7.541486 ,CTYLAK,FORLAK,T17WDE,,C03532,E29106,H01113,,M03BAN,F08DBA,,P05DEE,,,,,,X08TIF,,114SSA,,,,,,,,
17069, -   , 8.902948 ,CTYLAK,FORLAK,T17WDE,,C03532,E30109,H01113,,M08DEE,F08DBA,,P05DEE,,,Q02SOU,,,X11TIF,,,,,,B13DEE,,,,
17070, -   , 8.248019 ,CTYLAK,FORLAK,T17WDE,,C03532,E30109,H01113,,M17HPA,,,P10HPA,,,Q02SOU,,,,,,,,,,,,,
17071, -   , 8.296883 ,CTYLAK,FORLAK,T17WDE,,C03532,E31112,H01113,,M17HPA,,,P10HPA,S05NSH,,Q02SOU,,,,,,,,,,,,,
17072, -   , 8.296883 ,CTYLAK,FORLAK,T17WDE,,C03532,E31112,H01113,,M17HPA,,,P10HPA,S05NSH,,Q02SOU,,,,,,,,,,,,,
17073, -   , 8.586001 ,CTYLAK,FORLAK,T17WDE,,C03532,E30109,H01113,,M03BAN,F08DBA,,P05DEE,,,Q02SOU,,,,,,,,,,,,,
17074, -   , 5.722208 ,CTYLAK,FORLAK,T17WDE,,C03532,E18067,H02115,,M24LFO,,,,S05NSH,,,,,X19TIF,,,,,,,,,,
17075, -   , 5.565153 ,CTYLAK,FORLAK,T17WDE,,C03532,E18067,H02115,,M24LFO,,,,,,,,,X19TIF,,,,,,,,,,
17076," 4,158 ", 6.973408 ,CTYLAK,FORLAK,T17WDE,,C03532,E29106,H01113,,M03BAN,F08DBA,,,,,Q02SOU,,,,,128SSA,,,,,,,,
17077," 682,181 ", 8.005518 ,CTYLAK,FORLAK,T17WDE,,C03532,E30109,H01113,,M03BAN,F08DBA,,,,,Q02SOU,,,,,128SSA,,,,,,,,
17078," 911,062 ", 6.973408 ,CTYLAK,FORLAK,T17WDE,,C03532,E29106,H01113,,M03BAN,F08DBA,,,,,Q02SOU,,,,,115SSA,128SSA,,,,,,,
17079, -   , 8.586001 ,CTYLAK,FORLAK,T17WDE,,C03532,E30109,H01113,,M03BAN,F08DBA,,P05DEE,,,Q02SOU,,,,,128SSA,,,,,,,,
17080," 12,475 ", 8.005518 ,CTYLAK,FORLAK,T17WDE,,C03532,E30109,H01113,,M03BAN,F08DBA,,,,,Q02SOU,,,,,115SSA,128SSA,,,,,,,
17081," 5,220,636 ", 6.961003 ,CTYLAK,FORLAK,T17WDE,,C03532,E29106,H01113,,M03BAN,F08DBA,,,,,,,,,,116SSA,,,,,,,,
17082, -   , 7.118058 ,CTYLAK,FORLAK,T17WDE,,C03532,E29106,H01113,,M03BAN,F08DBA,,,S05NSH,,,,,,,116SSA,,,,,,,,
17083, -   , 6.961003 ,CTYLAK,FORLAK,T17WDE,,C03532,E29106,H01113,,M03BAN,F08DBA,,,,,,,,,,114SSA,116SSA,,,,,,,
17084," 15,230,146 ", 7.118058 ,CTYLAK,FORLAK,T17WDE,,C03532,E29106,H01113,,M03BAN,F08DBA,,,S05NSH,,,,,,,114SSA,116SSA,,,,,,,
17085, -   , 6.973408 ,CTYLAK,FORLAK,T17WDE,,C03532,E29106,H01113,,M03BAN,F08DBA,,,,,Q02SOU,,,X08TIF,,116SSA,,,,,,,,
17086, -   , 6.961003 ,CTYLAK,FORLAK,T17WDE,,C03532,E29106,H01113,,M03BAN,F08DBA,,,,,,,,X08TIF,,116SSA,,,,,,,,
17087, -   , 6.961003 ,CTYLAK,FORLAK,T17WDE,,C03532,E29106,H01113,,M03BAN,F08DBA,,,,,,,,X08TIF,,114SSA,116SSA,,,,,,,
17088, -   , 7.541486 ,CTYLAK,FORLAK,T17WDE,,C03532,E29106,H01113,,M03BAN,F08DBA,,P05DEE,,,,,,X08TIF,,116SSA,,,,,,,,
17089, -   , 7.553891 ,CTYLAK,FORLAK,T17WDE,,C03532,E29106,H01113,,M03BAN,F08DBA,,P05DEE,,,Q02SOU,,,X08TIF,,116SSA,,,,,,,,
17090, -   , 7.541486 ,CTYLAK,FORLAK,T17WDE,,C03532,E29106,H01113,,M03BAN,F08DBA,,P05DEE,,,,,,X08TIF,,114SSA,116SSA,,,,,,,
17091," 10,787,669 ", 6.973408 ,CTYLAK,FORLAK,T17WDE,,C03532,E29106,H01113,,M03BAN,F08DBA,,,,,Q02SOU,,,,,115SSA,129SSA,,,,,,,
17092, -   , 6.973408 ,CTYLAK,FORLAK,T17WDE,,C03532,E29106,H01113,,M03BAN,F08DBA,,,,,Q02SOU,,,,,129SSA,,,,,,,,
17093, -   , 5.722208 ,CTYLAK,FORLAK,T17WDE,,C03532,E18067,H02115,,M24LFO,,,,S05NSH,,,,,,,245SSA,,,,,,,,
17094, -   , 7.940472 ,CTYLAK,FORLAK,T17WDE,,C03532,E31112,H01113,,,F08DBA,,P10HPA,,,Q02SOU,,,,,,,,,,,,,
17095, -   , 7.538369 ,CTYLAK,FORLAK,T17WDE,,C03532,E31112,H01113,,M08DEE,,,,,,Q02SOU,,,,,,,,,B13DEE,,,,
17096, -   , 8.118852 ,CTYLAK,FORLAK,T17WDE,,C03532,E31112,H01113,,M08DEE,,,P05DEE,,,Q02SOU,,,,,,,,,B13DEE,,,,
17097," 310,189 ", 9.051857 ,CTYLAK,FORLAK,T17WDE,,C03532,E30109,H01113,,M08DEE,F08DBA,,P10HPA,S05NSH,,Q02SOU,,,,,,,,,B13DEE,,,,
17098, -   , 8.902948 ,CTYLAK,FORLAK,T17WDE,,C03532,E30109,H01113,,M08DEE,F08DBA,,P05DEE,,,Q02SOU,,,,,146SSA,,,,B13DEE,,,,
17099, -   , 8.227043 ,CTYLAK,FORLAK,T17WDE,,C03532,E30109,H01113,,M08DEE,,,P05DEE,,,Q02SOU,,,,,,,,,B13DEE,,,,
17100, -   , 6.973408 ,CTYLAK,FORLAK,T17WDE,,C03532,E29106,H01113,,M03BAN,F08DBA,,,,,Q02SOU,,,,,117SSA,,,,,,,,
17101, -   , 6.973408 ,CTYLAK,FORLAK,T17WDE,,C03532,E29106,H01113,,M03BAN,F08DBA,,,,,Q02SOU,,,,,118SSA,,,,,,,,
17102, -   , 6.973408 ,CTYLAK,FORLAK,T17WDE,,C03532,E29106,H01113,,M03BAN,F08DBA,,,,,Q02SOU,,,,,119SSA,,,,,,,,
17103, -   , 6.973408 ,CTYLAK,FORLAK,T17WDE,,C03532,E29106,H01113,,M03BAN,F08DBA,,,,,Q02SOU,,,,,120SSA,,,,,,,,
17104, -   , 6.788016 ,CTYLAK,FORLAK,T17WDE,,C03532,E30109,H01113,,M36NOR,,,,,,,,,,,,,,,,,,,
17105," 13,025,523 ", 6.601271 ,CTYLAK,FORLAK,T17WDE,,C03532,E29106,H01113,,,F08DBA,,,S01DMW,S05NSH,Q02SOU,,,,,,,,,,,,,
17106, -   , 7.130463 ,CTYLAK,FORLAK,T17WDE,,C03532,E29106,H01113,,M03BAN,F08DBA,,,S01DMW,S05NSH,Q02SOU,,,,,,,,,,,,,
17107, -   , 7.118058 ,CTYLAK,FORLAK,T17WDE,,C03532,E29106,H01113,,M03BAN,F08DBA,,,S05NSH,,,,,,,114SSA,116SSA,122SSA,,,,,,
17108, -   , 7.118058 ,CTYLAK,FORLAK,T17WDE,,C03532,E29106,H01113,,M03BAN,F08DBA,,,S05NSH,,,,,,,116SSA,122SSA,,,,,,,
17109, -   , 7.541486 ,CTYLAK,FORLAK,T17WDE,,C03532,E29106,H01113,,M03BAN,F08DBA,,P05DEE,,,,,,X08TIF,,116SSA,122SSA,,,,,,,
17110," 6,401 ", 7.118058 ,CTYLAK,FORLAK,T17WDE,,C03532,E29106,H01113,,M03BAN,F08DBA,,,S05NSH,,,,,,,114SSA,116SSA,121SSA,,,,,,
17111, -   , 7.118058 ,CTYLAK,FORLAK,T17WDE,,C03532,E29106,H01113,,M03BAN,F08DBA,,,S05NSH,,,,,,,116SSA,121SSA,,,,,,,
17112, -   , 8.296883 ,CTYLAK,FORLAK,T17WDE,,C03532,E31112,H01113,,M17HPA,,,P10HPA,S05NSH,,Q02SOU,,,,,185SSA,,,,,,,,
17113, -   , 8.296883 ,CTYLAK,FORLAK,T17WDE,,C03532,E31112,H01113,,M17HPA,,,P10HPA,S05NSH,,Q02SOU,,,,,186SSA,,,,,,,,
17114, -   , 8.296883 ,CTYLAK,FORLAK,T17WDE,,C03532,E31112,H01113,,M17HPA,,,P10HPA,S05NSH,,Q02SOU,,,,,187SSA,,,,,,,,
17115, -   , 8.296883 ,CTYLAK,FORLAK,T17WDE,,C03532,E31112,H01113,,M17HPA,,,P10HPA,S05NSH,,Q02SOU,,,,,188SSA,,,,,,,,
17116, -   , 8.296883 ,CTYLAK,FORLAK,T17WDE,,C03532,E31112,H01113,,M17HPA,,,P10HPA,S05NSH,,Q02SOU,,,,,189SSA,,,,,,,,
17117, -   , 8.296883 ,CTYLAK,FORLAK,T17WDE,,C03532,E31112,H01113,,M17HPA,,,P10HPA,S05NSH,,Q02SOU,,,,,190SSA,,,,,,,,
17118, -   , 8.296883 ,CTYLAK,FORLAK,T17WDE,,C03532,E31112,H01113,,M17HPA,,,P10HPA,S05NSH,,Q02SOU,,,,,191SSA,,,,,,,,
17119, -   , 8.296883 ,CTYLAK,FORLAK,T17WDE,,C03532,E31112,H01113,,M17HPA,,,P10HPA,S05NSH,,Q02SOU,,,,,192SSA,,,,,,,,
17120, -   , 8.296883 ,CTYLAK,FORLAK,T17WDE,,C03532,E31112,H01113,,M17HPA,,,P10HPA,S05NSH,,Q02SOU,,,,,193SSA,,,,,,,,
17121, -   , 8.296883 ,CTYLAK,FORLAK,T17WDE,,C03532,E31112,H01113,,M17HPA,,,P10HPA,S05NSH,,Q02SOU,,,,,194SSA,,,,,,,,
17122, -   , 7.684868 ,CTYLAK,FORLAK,T17WDE,,C03532,E30109,H01113,,M41RIV,F08DBA,,,,,,,,,,146SSA,,,,,,,,
17123, -   , 6.973408 ,CTYLAK,FORLAK,T17WDE,,C03532,E29106,H01113,,M03BAN,F08DBA,,,,,Q02SOU,,,,,123SSA,,,,,,,,
17124, -   , 8.786611 ,CTYLAK,FORLAK,T17WDE,,C03532,E31112,H01113,,M08DEE,F08DBA,,P10HPA,,,Q02SOU,,,,,,,,,B13DEE,,,,
17125, -   , 6.973408 ,CTYLAK,FORLAK,T17WDE,,C03532,E29106,H01113,,M03BAN,F08DBA,,,,,Q02SOU,,,,,123SSA,124SSA,,,,,,,
17126, -   , 7.463921 ,CTYLAK,FORLAK,T17WDE,,C03532,E30109,H01113,,M36NOR,F08DBA,,,,,,,,,,146SSA,,,,,,,,
17127," 3,271,173 ", 7.130463 ,CTYLAK,FORLAK,T17WDE,,C03532,E29106,H01113,,M03BAN,F08DBA,,,S05NSH,,Q02SOU,,,,,114SSA,,,,,,,,
17128, -   , 6.973408 ,CTYLAK,FORLAK,T17WDE,,C03532,E29106,H01113,,M03BAN,F08DBA,,,,,Q02SOU,,,,,125SSA,,,,,,,,
17129, -   , 7.553891 ,CTYLAK,FORLAK,T17WDE,,C03532,E29106,H01113,,M03BAN,F08DBA,,P05DEE,,,Q02SOU,,,X08TIF,,116SSA,125SSA,,,,,,,
17130, -   , 6.973408 ,CTYLAK,FORLAK,T17WDE,,C03532,E29106,H01113,,M03BAN,F08DBA,,,,,Q02SOU,,,,,115SSA,125SSA,129SSA,,,,,,
17131," 187,211 ", 8.322465 ,CTYLAK,FORLAK,T17WDE,,C03532,E30109,H01113,,M08DEE,F08DBA,,,,,Q02SOU,,,,,,,,,B13DEE,,,,
17132," 1,985,690 ", 6.973408 ,CTYLAK,FORLAK,T17WDE,,C03532,E29106,H01113,,M03BAN,F08DBA,,,,,Q02SOU,,,,,126SSA,,,,,,,,
17134, -   , 8.044404 ,CTYLAK,FORLAK,T17WDE,,C03532,E30109,H01113,,,F08DBA,,P05DEE,,,,,,,,146SSA,,,,,,,,
17135, -   , 7.368499 ,CTYLAK,FORLAK,T17WDE,,C03532,E30109,H01113,,M36NOR,,,P05DEE,,,,,,,,,,,,,,,,
17136, -   , 8.044404 ,CTYLAK,FORLAK,T17WDE,,C03532,E30109,H01113,,M36NOR,F08DBA,,P05DEE,,,,,,,,146SSA,,,,,,,,
17138, -   , 8.322465 ,CTYLAK,FORLAK,T17WDE,,C03532,E30109,H01113,,M08DEE,F08DBA,,,,,Q02SOU,,,,,146SSA,,,,B13DEE,,,,
17139, -   , 7.476326 ,CTYLAK,FORLAK,T17WDE,,C03532,E30109,H01113,,,F08DBA,,,,,Q02SOU,,,,,146SSA,,,,,,,,
17140, -   , 8.056809 ,CTYLAK,FORLAK,T17WDE,,C03532,E30109,H01113,,,F08DBA,,P05DEE,,,Q02SOU,,,,,146SSA,,,,,,,,
17141, -   , 7.380904 ,CTYLAK,FORLAK,T17WDE,,C03532,E30109,H01113,,M36NOR,,,P05DEE,,,Q02SOU,,,,,,,,,,,,,
17142, -   , 8.056809 ,CTYLAK,FORLAK,T17WDE,,C03532,E30109,H01113,,M36NOR,F08DBA,,P05DEE,,,Q02SOU,,,,,146SSA,,,,,,,,
17144, -   , 8.277756 ,CTYLAK,FORLAK,T17WDE,,C03532,E30109,H01113,,M41RIV,F08DBA,,P05DEE,,,Q02SOU,,,,,146SSA,,,,,,,,
17145, -   , 8.265351 ,CTYLAK,FORLAK,T17WDE,,C03532,E30109,H01113,,M41RIV,F08DBA,,P05DEE,,,,,,,,146SSA,,,,,,,,
17146, -   , 8.277756 ,CTYLAK,FORLAK,T17WDE,,C03532,E30109,H01113,,M41RIV,F08DBA,,P05DEE,,,Q02SOU,,,,,,,,,,,,,
17147, -   , 7.118058 ,CTYLAK,FORLAK,T17WDE,,C03532,E29106,H01113,,M03BAN,F08DBA,,,S05NSH,,,,,X08TIF,,116SSA,,,,,,,,
17148, -   , 7.118058 ,CTYLAK,FORLAK,T17WDE,,C03532,E29106,H01113,,M03BAN,F08DBA,,,S05NSH,,,,,X08TIF,,114SSA,116SSA,,,,,,,
17149, -   , 6.973408 ,CTYLAK,FORLAK,T17WDE,,C03532,E29106,H01113,,M03BAN,F08DBA,,,,,Q02SOU,,,,,116SSA,,,,,,,,
17150," 1,745,757 ", 7.553891 ,CTYLAK,FORLAK,T17WDE,,C03532,E29106,H01113,,M03BAN,F08DBA,,P05DEE,,,Q02SOU,,,,,116SSA,,,,,,,,
17151," 15,332,376 ", 7.541486 ,CTYLAK,FORLAK,T17WDE,,C03532,E29106,H01113,,M03BAN,F08DBA,,P05DEE,,,,,,,,116SSA,,,,,,,,
17152, -   , 7.541486 ,CTYLAK,FORLAK,T17WDE,,C03532,E29106,H01113,,M03BAN,F08DBA,,P05DEE,,,,,,,,114SSA,116SSA,,,,,,,
17153, -   , 7.553891 ,CTYLAK,FORLAK,T17WDE,,C03532,E29106,H01113,,M03BAN,F08DBA,,P05DEE,,,Q02SOU,,,,,116SSA,125SSA,,,,,,,
17154, -   , 6.973408 ,CTYLAK,FORLAK,T17WDE,,C03532,E29106,H01113,,M03BAN,F08DBA,,,,,Q02SOU,,,,,115SSA,127SSA,129SSA,,,,,,
17155," 991,709 ", 6.973408 ,CTYLAK,FORLAK,T17WDE,,C03532,E29106,H01113,,M03BAN,F08DBA,,,,,Q02SOU,,,,,127SSA,,,,,,,,
17156, -   , 6.973408 ,CTYLAK,FORLAK,T17WDE,,C03532,E29106,H01113,,M03BAN,F08DBA,,,,,Q02SOU,,,,,115SSA,117SSA,,,,,,,
17157, -   , 6.985386 ,CTYLAK,FORLAK,T17WDE,,C03532,E29106,H01113,,M29LNC,F08DBA,L12VER,,,,,,,,,145SSA,264SSA,,,,,,,
17158, -   , 6.985386 ,CTYLAK,FORLAK,T17WDE,,C03532,E29106,H01113,,M29LNC,F08DBA,L12VER,,,,,,,,,264SSA,,,,,,,,
17159, -   , 7.380904 ,CTYLAK,FORLAK,T17WDE,,C03532,E30109,H01113,,M36NOR,,,P05DEE,,,Q02SOU,,,,,,,,,,,,,
17160," 1,731,177 ", 7.245646 ,CTYLAK,FORLAK,T17WDE,,C03532,E29106,H01113,,M41RIV,F08DBA,,P05DEE,,,Q02SOU,,,,,376SSA,,,,,,,,
17161," 5,312,449 ", 8.277756 ,CTYLAK,FORLAK,T17WDE,,C03532,E30109,H01113,,M41RIV,F08DBA,,P05DEE,,,Q02SOU,,,,,376SSA,,,,,,,,
17162, -   , 7.245646 ,CTYLAK,FORLAK,T17WDE,,C03532,E29106,H01113,,M41RIV,F08DBA,,P05DEE,,,Q02SOU,,,,,378SSA,,,,,,,,
17163," 801,258 ", 6.665163 ,CTYLAK,FORLAK,T17WDE,,C03532,E29106,H01113,,M41RIV,F08DBA,,,,,Q02SOU,,,,,378SSA,,,,,,,,
17164, -   , 7.697273 ,CTYLAK,FORLAK,T17WDE,,C03532,E30109,H01113,,M41RIV,F08DBA,,P16NOR,,,Q02SOU,,,,,,,,,,,,,
17165, -   , 6.800421 ,CTYLAK,FORLAK,T17WDE,,C03532,E30109,H01113,,M36NOR,,,P16NOR,,,Q02SOU,,,,,,,,,,,,,
17166," 114,240 ", 7.894813 ,CTYLAK,FORLAK,T17WDE,,C03532,E30109,H01113,,M41RIV,F08DBA,,,,,,,,,,,,,,B13DEE,,,,
17167," 42,486,151 ", 8.296883 ,CTYLAK,FORLAK,T17WDE,,C03532,E31112,H01113,,M17HPA,,,P10HPA,S05NSH,,Q02SOU,,,,,,,,,,,,,
17168, -   , 7.553891 ,CTYLAK,FORLAK,T17WDE,,C03532,E29106,H01113,,M03BAN,F08DBA,,P05DEE,,,Q02SOU,,,,,116SSA,,,,,,,,
17169, -   , -   ,CTYLAK,FORLAK,T17WDE,,C03532,E31112,H01113,,M08DEE,,,P10HPA,,,Q02SOU,,,,,,,,,,,,,
18001," 132,418,443 ", 8.142342 ,CTYLAK,FORLAK,T18MOR,,C03532,E31112,H01113,,M18HIG,,,,S05NSH,,Q02SOU,,,,,,,,,,,,,
18002," 198,359,582 ", 5.742289 ,CTYLAK,FORLAK,T18MOR,,C03532,E18067,H02115,,M24LFO,,,,S05NSH,,,,,,,,,,,,,,,
18003, -   , 8.129937 ,CTYLAK,FORLAK,T18MOR,,C03532,E31112,H01113,,M18HIG,,,,S05NSH,,,,,,,,,,,,,,,
18004," 528,923,644 ", 8.316964 ,CTYLAK,FORLAK,T18MOR,,C03532,E31112,H01113,,M17HPA,,,P10HPA,S05NSH,,Q02SOU,,,,,,,,,,,,,(From ESD 7)
18005, -   , 8.316964 ,CTYLAK,FORLAK,T18MOR,,C03532,E31112,H01113,,M17HPA,,,P10HPA,S05NSH,,Q02SOU,,,,,,,,,B01108,,,,
18006," 26,500,786 ", 8.425155 ,CTYLAK,FORLAK,T18MOR,,C03532,E30109,H01113,,M17HPA,,,P10HPA,S05NSH,,Q02SOU,,,,,,,,,,,,,
18007," 1,268,059,090 ", 8.316964 ,CTYLAK,FORLAK,T18MOR,,C03532,E31112,H01113,,M17HPA,,,P10HPA,S05NSH,,Q02SOU,,,,,,,,,,,,,
18008, -   , 8.316964 ,CTYLAK,FORLAK,T18MOR,,C03532,E31112,H01113,,M17HPA,,,P10HPA,S05NSH,,Q02SOU,,,,,199SSA,,,,,,,,
18009, -   , 8.159909 ,CTYLAK,FORLAK,T18MOR,,C03532,E31112,H01113,,M17HPA,,,P10HPA,,,Q02SOU,,,,,,,,,B01108,,,,
18010," 2,440,515 ", 8.268100 ,CTYLAK,FORLAK,T18MOR,,C03532,E30109,H01113,,M17HPA,,,P10HPA,,,Q02SOU,,,,,,,,,,,,,
18011, -   , 8.316964 ,CTYLAK,FORLAK,T18MOR,,C03532,E31112,H01113,,M17HPA,,,P10HPA,S05NSH,,Q02SOU,,,,,198SSA,,,,B01108,,,,
18012, -   , 8.814838 ,CTYLAK,FORLAK,T18MOR,,C03532,E31112,H01113,,M08DEE,F08DBA,,P05DEE,,,Q02SOU,,,,,,,,,B01108,B13DEE,,,
18013, 193 , 8.320736 ,CTYLAK,FORLAK,T18MOR,,C03532,E31112,H01113,,M24LFO,,,,S05NSH,,,,,,,,,,,,,,,
18014, -   , 7.732222 ,CTYLAK,FORLAK,T18MOR,,C03532,E31112,H01113,,M17HPA,,,,S05NSH,,,,,,,,,,,,,,,
18015," 1,925,318 ", 9.071938 ,CTYLAK,FORLAK,T18MOR,,C03532,E30109,H01113,,M08DEE,F08DBA,,P10HPA,S05NSH,,Q02SOU,,,,,,,,,B13DEE,,,,
18017," 29,823,395 ", 8.914883 ,CTYLAK,FORLAK,T18MOR,,C03532,E30109,H01113,,M08DEE,F08DBA,,P10HPA,,,Q02SOU,,,,,,,,,B13DEE,,,,
18018, -   , 8.806692 ,CTYLAK,FORLAK,T18MOR,,C03532,E31112,H01113,,M08DEE,F08DBA,,P10HPA,,,Q02SOU,,,,,,,,,B01108,B13DEE,,,
18019, -   , 8.316964 ,CTYLAK,FORLAK,T18MOR,,C03532,E31112,H01113,,M17HPA,,,P10HPA,S05NSH,,Q02SOU,,,X15TIF,,,,,,,,,,
18020, -   , 8.425155 ,CTYLAK,FORLAK,T18MOR,,C03532,E30109,H01113,,M17HPA,,,P10HPA,S05NSH,,Q02SOU,,,,,200SSA,,,,,,,,
18021, -   , 6.869366 ,CTYLAK,FORLAK,T18MOR,,C03532,E31112,H01113,,,,,,S05NSH,,Q02SOU,,,,,,,,,,,,,
18022," 87,197 ", 6.856961 ,CTYLAK,FORLAK,T18MOR,,C03532,E31112,H01113,,,,,,S05NSH,,,,,,,,,,,,,,,
18023, -   , 8.316964 ,CTYLAK,FORLAK,T18MOR,,C03532,E31112,H01113,,M17HPA,,,P10HPA,S05NSH,,Q02SOU,,,,,,,,,,,,,
18024, -   , 8.316964 ,CTYLAK,FORLAK,T18MOR,,C03532,E31112,H01113,,M17HPA,,,P10HPA,S05NSH,,Q02SOU,,,,,,,,,B01108,,,,
18025, -   , 8.425155 ,CTYLAK,FORLAK,T18MOR,,C03532,E30109,H01113,,M17HPA,,,P10HPA,S05NSH,,Q02SOU,,,,,,,,,,,,,
18026, -   , 8.316964 ,CTYLAK,FORLAK,T18MOR,,C03532,E31112,H01113,,M17HPA,,,P10HPA,S05NSH,,Q02SOU,,,,,,,,,,,,,
18027, -   , 8.268100 ,CTYLAK,FORLAK,T18MOR,,C03532,E30109,H01113,,M17HPA,,,P10HPA,,,Q02SOU,,,,,,,,,,,,,
18028, -   , 8.316964 ,CTYLAK,FORLAK,T18MOR,,C03532,E31112,H01113,,M17HPA,,,P10HPA,S05NSH,,Q02SOU,,,,,198SSA,,,,B01108,,,,
18029, -   , 8.316964 ,CTYLAK,FORLAK,T18MOR,,C03532,E31112,H01113,,M17HPA,,,P10HPA,S05NSH,,Q02SOU,,,,,201SSA,,,,B01108,,,,
18030, -   , 8.316964 ,CTYLAK,FORLAK,T18MOR,,C03532,E31112,H01113,,M17HPA,,,P10HPA,S05NSH,,Q02SOU,,,X15TIF,,202SSA,,,,,,,,
18031, -   , 5.136690 ,CTYLAK,FORLAK,T18MOR,,C03532,,H01113,,M24LFO,,,,S05NSH,,,,,,,,,,,,,,,
18032, -   , 4.548176 ,CTYLAK,FORLAK,T18MOR,,C03532,,H01113,,M17HPA,,,,S05NSH,,,,,,,,,,,,,,,
18033, -   , 3.685320 ,CTYLAK,FORLAK,T18MOR,,C03532,,H01113,,,,,,S05NSH,,Q02SOU,,,,,,,,,,,,,
18034, -   , 3.672915 ,CTYLAK,FORLAK,T18MOR,,C03532,,H01113,,,,,,S05NSH,,,,,,,,,,,,,,,
18035, -   , 4.958296 ,CTYLAK,FORLAK,T18MOR,,C03532,,H01113,,M18HIG,,,,S05NSH,,Q02SOU,,,,,,,,,,,,,
18036, -   , 4.945891 ,CTYLAK,FORLAK,T18MOR,,C03532,,H01113,,M18HIG,,,,S05NSH,,,,,,,,,,,,,,,
18037," 8,661,510 ", 8.304559 ,CTYLAK,FORLAK,T18MOR,,C03532,E31112,H01113,,M17HPA,,,P10HPA,S05NSH,,,,,,,,,,,,,,,
18038, -   , 5.120513 ,CTYLAK,FORLAK,T18MOR,,C03532,,H01113,,M17HPA,,,P10HPA,S05NSH,,,,,,,,,,,,,,,
18039," 46,248,373 ", 8.923029 ,CTYLAK,FORLAK,T18MOR,,C03532,E30109,H01113,,M08DEE,F08DBA,,P05DEE,,,Q02SOU,,,,,,,,,B13DEE,,,,
18040, -   , 8.316964 ,CTYLAK,FORLAK,T18MOR,,C03532,E31112,H01113,,M17HPA,,,P10HPA,S05NSH,,Q02SOU,,,X15TIF,,195SSA,,,,,,,,
18041, -   , 8.316964 ,CTYLAK,FORLAK,T18MOR,,C03532,E31112,H01113,,M17HPA,,,P10HPA,S05NSH,,Q02SOU,,,X15TIF,,196SSA,,,,,,,,
18042, -   , 8.316964 ,CTYLAK,FORLAK,T18MOR,,C03532,E31112,H01113,,M17HPA,,,P10HPA,S05NSH,,Q02SOU,,,X15TIF,,197SSA,,,,,,,,
18043, -   , 8.316964 ,CTYLAK,FORLAK,T18MOR,,C03532,E31112,H01113,,M17HPA,,,P10HPA,S05NSH,,Q02SOU,,,,,202SSA,,,,,,,,
18044, -   , 8.316964 ,CTYLAK,FORLAK,T18MOR,,C03532,E31112,H01113,,M17HPA,,,P10HPA,S05NSH,,Q02SOU,,,,,,,,,,,,,
18045," 14,917,752 ", 8.142342 ,CTYLAK,FORLAK,T18MOR,,C03532,E31112,H01113,,M18HIG,,,,S05NSH,,Q02SOU,,,X14TIF,,,,,,,,,,
18046, -   , 8.316964 ,CTYLAK,FORLAK,T18MOR,,C03532,E31112,H01113,,M17HPA,,,P10HPA,S05NSH,,Q02SOU,,,X14TIF,,,,,,,,,,
18047, -   , 8.316964 ,CTYLAK,FORLAK,T18MOR,,C03532,E31112,H01113,,M17HPA,,,P10HPA,S05NSH,,Q02SOU,,,X17TIF,,,,,,B01108,,,,
18048, -   , 8.316964 ,CTYLAK,FORLAK,T18MOR,,C03532,E31112,H01113,,M17HPA,,,P10HPA,S05NSH,,Q02SOU,,,,,203SSA,,,,,,,,
18049, -   , 8.316964 ,CTYLAK,FORLAK,T18MOR,,C03532,E31112,H01113,,M17HPA,,,P10HPA,S05NSH,,Q02SOU,,,,,204SSA,,,,,,,,
18050, -   , 8.316964 ,CTYLAK,FORLAK,T18MOR,,C03532,E31112,H01113,,M17HPA,,,P10HPA,S05NSH,,Q02SOU,,,,,204SSA,,,,,,,,
18051, -   , 8.316964 ,CTYLAK,FORLAK,T18MOR,,C03532,E31112,H01113,,M17HPA,,,P10HPA,S05NSH,,Q02SOU,,,,,195SSA,204SSA,,,,,,,
18052, -   , 8.316964 ,CTYLAK,FORLAK,T18MOR,,C03532,E31112,H01113,,M17HPA,,,P10HPA,S05NSH,,Q02SOU,,,,,196SSA,204SSA,,,,,,,
18053, -   , 8.316964 ,CTYLAK,FORLAK,T18MOR,,C03532,E31112,H01113,,M17HPA,,,P10HPA,S05NSH,,Q02SOU,,,,,197SSA,204SSA,,,,,,,
18054, -   , 8.316964 ,CTYLAK,FORLAK,T18MOR,,C03532,E31112,H01113,,M17HPA,,,P10HPA,S05NSH,,Q02SOU,,,,,202SSA,204SSA,,,,,,,
18055, -   , 8.316964 ,CTYLAK,FORLAK,T18MOR,,C03532,E31112,H01113,,M17HPA,,,P10HPA,S05NSH,,Q02SOU,,,,,204SSA,,,,,,,,
18056, -   , 8.316964 ,CTYLAK,FORLAK,T18MOR,,C03532,E31112,H01113,,M17HPA,,,P10HPA,S05NSH,,Q02SOU,,,,,203SSA,204SSA,,,,,,,
18057, -   , 8.316964 ,CTYLAK,FORLAK,T18MOR,,C03532,E31112,H01113,,M17HPA,,,P10HPA,S05NSH,,Q02SOU,,,,,195SSA,,,,,,,,
18058, -   , 8.316964 ,CTYLAK,FORLAK,T18MOR,,C03532,E31112,H01113,,M17HPA,,,P10HPA,S05NSH,,Q02SOU,,,,,196SSA,,,,,,,,
18059, -   , 8.316964 ,CTYLAK,FORLAK,T18MOR,,C03532,E31112,H01113,,M17HPA,,,P10HPA,S05NSH,,Q02SOU,,,,,197SSA,,,,,,,,
18060, -   , 8.316964 ,CTYLAK,FORLAK,T18MOR,,C03532,E31112,H01113,,M17HPA,,,P10HPA,S05NSH,,Q02SOU,,,,,203SSA,,,,,,,,
18061, -   , 8.316964 ,CTYLAK,FORLAK,T18MOR,,C03532,E31112,H01113,,M17HPA,,,P10HPA,S05NSH,,Q02SOU,,,,,195SSA,204SSA,,,,,,,
18062, -   , 8.316964 ,CTYLAK,FORLAK,T18MOR,,C03532,E31112,H01113,,M17HPA,,,P10HPA,S05NSH,,Q02SOU,,,,,196SSA,204SSA,,,,,,,
18063, -   , 8.316964 ,CTYLAK,FORLAK,T18MOR,,C03532,E31112,H01113,,M17HPA,,,P10HPA,S05NSH,,Q02SOU,,,,,197SSA,204SSA,,,,,,,
18064, -   , 8.316964 ,CTYLAK,FORLAK,T18MOR,,C03532,E31112,H01113,,M17HPA,,,P10HPA,S05NSH,,Q02SOU,,,,,203SSA,204SSA,,,,,,,
18065, -   , 7.429298 ,CTYLAK,FORLAK,T18MOR,,C03532,E31112,H01113,,,,,P10HPA,S05NSH,,,,,,,,,,,,,,,
18066, -   , 10.122564 ,CTYLAK,FORLAK,T18MOR,,C03532,E31112,H01113,,M17HPA,,,P10HPA,S05NSH,,Q02SOU,,,,,205SSA,,,,B01108,,,,
18067, -   , 10.122564 ,CTYLAK,FORLAK,T18MOR,,C03532,E31112,H01113,,M17HPA,,,P10HPA,S05NSH,,Q02SOU,,,X17TIF,,205SSA,,,,B01108,,,,
18068, -   , 8.455269 ,CTYLAK,FORLAK,T18MOR,,C03532,E31112,H01113,,M17HPA,,,P10HPA,S05NSH,,Q02SOU,,,,,206SSA,,,,,,,,(From ESD 7)
18069, -   , 8.455269 ,CTYLAK,FORLAK,T18MOR,,C03532,E31112,H01113,,M17HPA,,,P10HPA,S05NSH,,Q02SOU,,,,,206SSA,,,,B01108,,,,
18070, -   , 8.563460 ,CTYLAK,FORLAK,T18MOR,,C03532,E30109,H01113,,M17HPA,,,P10HPA,S05NSH,,Q02SOU,,,,,206SSA,,,,,,,,
18071, -   , 8.159909 ,CTYLAK,FORLAK,T18MOR,,C03532,E31112,H01113,,M17HPA,,,P10HPA,,,Q02SOU,,,,,,,,,,,,,
18072, -   , 8.814838 ,CTYLAK,FORLAK,T18MOR,,C03532,E31112,H01113,,M08DEE,F08DBA,,P05DEE,,,Q02SOU,,,,,,,,,B13DEE,,,,
18073," 900,751 ", 8.316964 ,CTYLAK,FORLAK,T18MOR,,C03532,E31112,H01113,,M17HPA,,,P10HPA,S05NSH,,Q02SOU,,,X17TIF,,,,,,,,,,
18074, -   , 10.122564 ,CTYLAK,FORLAK,T18MOR,,C03532,E31112,H01113,,M17HPA,,,P10HPA,S05NSH,,Q02SOU,,,,,205SSA,,,,,,,,
18075," 4,984,495 ", 10.122564 ,CTYLAK,FORLAK,T18MOR,,C03532,E31112,H01113,,M17HPA,,,P10HPA,S05NSH,,Q02SOU,,,X17TIF,,205SSA,,,,,,,,
18076, -   , 8.455269 ,CTYLAK,FORLAK,T18MOR,,C03532,E31112,H01113,,M17HPA,,,P10HPA,S05NSH,,Q02SOU,,,,,206SSA,,,,,,,,
18077," 12,433,136 ", 8.455269 ,CTYLAK,FORLAK,T18MOR,,C03532,E31112,H01113,,M17HPA,,,P10HPA,S05NSH,,Q02SOU,,,X58TIF,,206SSA,,,,,,,,
18078," 16,488,480 ", 8.563460 ,CTYLAK,FORLAK,T18MOR,,C03532,E30109,H01113,,M17HPA,,,P10HPA,S05NSH,,Q02SOU,,,X58TIF,,206SSA,,,,,,,,
18079," 74,962,540 ", 8.446689 ,CTYLAK,FORLAK,T18MOR,,C03532,E31112,H01113,,M17HPA,,,P10HPA,S05NSH,,Q02SOU,,,,,412SSA,,,,,,,,(From ESD 7)
18080," 983,235 ", 8.446689 ,CTYLAK,FORLAK,T18MOR,,C03532,E31112,H01113,,M17HPA,,,P10HPA,S05NSH,,Q02SOU,,,,,195SSA,412SSA,,,,,,,
18081," 2,556,411 ", 8.446689 ,CTYLAK,FORLAK,T18MOR,,C03532,E31112,H01113,,M17HPA,,,P10HPA,S05NSH,,Q02SOU,,,,,196SSA,412SSA,,,,,,,
18082," 6,292,704 ", 8.446689 ,CTYLAK,FORLAK,T18MOR,,C03532,E31112,H01113,,M17HPA,,,P10HPA,S05NSH,,Q02SOU,,,,,197SSA,412SSA,,,,,,,
18083," 32,371 ", 7.744627 ,CTYLAK,FORLAK,T18MOR,,C03532,E31112,H01113,,M17HPA,,,,S05NSH,,Q02SOU,,,,,,,,,,,,,
18084, -   , 8.714679 ,CTYLAK,FORLAK,T18MOR,,C03532,E31112,H01113,,M18HIG,,,P10HPA,S05NSH,,Q02SOU,,,X14TIF,,,,,,,,,,
18085, -   , 8.714679 ,CTYLAK,FORLAK,T18MOR,,C03532,E31112,H01113,,M18HIG,,,P10HPA,S05NSH,,Q02SOU,,,,,,,,,,,,,(From ESD 7)
18086, -   , 7.744627 ,CTYLAK,FORLAK,T18MOR,,C03532,E31112,H01113,,M17HPA,,,,S05NSH,,Q02SOU,,,X14TIF,,,,,,,,,,
01R02, -   , -   ,,,,,,,,,,,,,S05NSH,,,,,,,,,,,,,,,
01R03, -   , -   ,,,,,,,,,,F05BPA,,,,,,,,,,,,,,,,,,
01R04, -   , -   ,,,,,,,,,,F23WHA,,,,,,,,,,,,,,,,,,
01R05, -   , -   ,,,,,C03532,,,,,,,,,,,,,,,,,,,,,,,
01R06, -   , -   ,CTYLAK,FORLAK,T01BEN,R01BEN,,,,,M54WHA,,,,,,,,,,,,,,,,,,,
01R07, -   , -   ,,,,,,,H08126,,,,,,,,,,,,,,,,,B12126,,,,
01R08, -   , -   ,,,,,,E01001,,,,,,,,,,,,,,,,,,,,,,
01R09, -   , -   ,,,,,,E03003,,,,,,,,,,,,,,,,,,B06003,,,,
01R10, -   , -   ,CTYLAK,FORLAK,T01BEN,R01BEN,,,,,,,,,,,,,,,,,,,,,,,,
01R11, -   , -   ,CTYLAK,FORLAK,T01BEN,R01BEN,,,,,M06BPA,,,,,,,,,,,,,,,,,,,
02R01, -   , -   ,,,,,,,,,,,L15ZBE,,,,,,,,,,,,,,,,,
02R02, -   , -   ,,,,,,,,,,,,,S05NSH,,,,,,,,,,,,,,,
02R03, -   , -   ,,,,,,,,,,,,P23ZIO,,,,,,,,,,,,,,,,
02R04, -   , -   ,,,,,C03532,,,,,,,,,,,,,,,,,,,,,,,
02R05, -   , -   ,,,,,,,,,M55ZIO,,,,,,,,,,,,,,,,,,,
02R06, -   , -   ,,,,,,,H08126,,,,,,,,,,,,,,,,,B12126,,,,
02R07, -   , -   ,,,,,,E04006,,,,,,,,,,,,,,,,,,,,,,
02R08, -   , -   ,CTYLAK,FORLAK,T02ZIO,,,,,,,,,,,,,,,,,,,,,,,,,
03R01, -   , -   ,CTYLAK,FORLAK,T03NEW,R03NEW,,,,,,,,,,,,,,,,,,,,,,,,
03R02, -   , -   ,,,,,,E16056,,,,,,,,,,,,,,,,,,,,,,
03R03, -   , -   ,,,,,,E03003,,,,,,,,,,,,,,,,,,B06003,,,,
03R04, -   , -   ,,,,,,,H05121,,,,,,,,,,,,,,,,,B10121,,,,
03R05, -   , -   ,,,,,,,H08126,,,,,,,,,,,,,,,,,B12126,,,,
03R06, -   , -   ,,,,,C03532,,,,,,,,,,,,,,,,,,,,,,,
03R07, -   , -   ,CTYLAK,FORLAK,T03NEW,R03NEW,,,,,M50WAD,,,,,,,,,,,,,,,,,,,
03R08, -   , -   ,,,,,,,,,,F18NEW,,,,,,,,,,,,,,,,,,
03R09, -   , -   ,,,,,,,,,,,L13WNE,,,,,,,,,,,,,,,,,
04R01, -   , -   ,CTYLAK,FORLAK,T04ANT,R04ANT,,,,,,,,,,,,,,,,,,,,,,,,
04R02, -   , -   ,,,,,,E08033,,,,,,,,,,,,,,,,,,,,,,
04R03, -   , -   ,,,,,,E09034,,,,,,,,,,,,,,,,,,,,,,
04R04, -   , -   ,,,,,,,H03117,,,,,,,,,,,,,,,,,,,,,
04R05, -   , -   ,,,,,C03532,,,,,,,,,,,,,,,,,,,,,,,
04R06, -   , -   ,CTYLAK,FORLAK,T04ANT,R04ANT,,,,,M01ANT,,,,,,,,,,,,,,,,,,,
04R07, -   , -   ,,,,,,,,,,F01ANT,,,,,,,,,,,,,,,,,,
04R08, -   , -   ,,,,,,,,,,,L01ANT,,,,,,,,,,,,,,,,,
04R09, -   , -   ,,,,,,,,,,,,,,,,,,,,149SSA,,,,,,,,
05R01, -   , -   ,CTYLAK,FORLAK,T05LVI,R05LVI,,,,,,,,,,,,,,,,,,,,,,,,
05R02, -   , -   ,,,,,,E13041,,,,,,,,,,,,,,,,,,,,,,
05R03, -   , -   ,,,,,,,H03117,,,,,,,,,,,,,,,,,,,,,
05R04, -   , -   ,,,,,,,H09127,,,,,,,,,,,,,,,,,,,,,
05R05, -   , -   ,,,,,C03532,,,,,,,,,,,,,,,,,,,,,,,
05R06, -   , -   ,CTYLAK,FORLAK,T05LVI,R05LVI,,,,,M25LVI,,,,,,,,,,,,,,,,,,,
05R07, -   , -   ,,,,,,,,,,,,,S03LRE,,,,,,,,,,,,,,,
05R08, -   , -   ,,,,,,,,,,F13LVI,,,,,,,,,,,,,,,,,,
05R09, -   , -   ,,,,,,,,,,,L10LVI,,,,,,,,,,,,,,,,,
06R01, -   , -   ,CTYLAK,FORLAK,T06GRA,R06GRA,,,,,,,,,,,,,,,,,,,,,,,,
06R02, -   , -   ,,,,,,E32114,,,,,,,,,,,,,,,,,,,,,,
06R03, -   , -   ,,,,,,,H06124,,,,,,,,,,,,,,,,,B11124,,,,
06R04, -   , -   ,,,,,C03532,,,,,,,,,,,,,,,,,,,,,,,
06R05, -   , -   ,CTYLAK,FORLAK,T06GRA,R06GRA,,,,,M10FLA,,,,,,,,,,,,,,,,,,,
06R06, -   , -   ,,,,,,,,,,F09FLA,,,,,,,,,,,,,,,,,,
06R07, -   , -   ,,,,,,,,,,,L06FLA,,,,,,,,,,,,,,,,,
07R01, -   , -   ,CTYLAK,FORLAK,T07AVO,R07AVO,,,,,,,,,,,,,,,,,,,,,,,,
07R02, -   , -   ,,,,,,E14046,,,,,,,,,,,,,,,,,,,,,,
07R03, -   , -   ,,,,,,,H09127,,,,,,,,,,,,,,,,,,,,,
07R04, -   , -   ,,,,,C03532,,,,,,,,,,,,,,,,,,,,,,,
07R05, -   , -   ,CTYLAK,FORLAK,T07AVO,R07AVO,,,,,M12GRA,,,,,,,,,,,,,,,,,,,
07R06, -   , -   ,,,,,,,,,,,,P17RLA,,,,,,,,,,,,,,,,
07R07, -   , -   ,,,,,,,,,,,,P08GRA,,,,,,,,,,,,,,,,
07R08, -   , -   ,,,,,,,,,,,,,S07RLA,,,,,,,,,,,,,,,
07R09, -   , -   ,,,,,,,,,,F12GRL,,,,,,,,,,,,,,,,,,
07R10, -   , -   ,,,,,,,,,,F11GRA,,,,,,,,,,,,,,,,,,
07R11, -   , -   ,,,,,,,,,,,L11RLA,,,,,,,,,,,,,,,,,
07R12, -   , -   ,,,,,,,,,,,L08GRA,,,,,,,,,,,,,,,,,
07R13, -   , -   ,,,,,,,,,,,,,,,,,WTRCLC,,,,,,,B16CLC,,,,
07R14, -   , -   ,CTYLAK,FORLAK,T07AVO,R07AVO,,,,,M43RLB,,,,,,,,,,,,,,,,,,,
08R01, -   , -   ,CTYLAK,FORLAK,T08WAR,R08WAR,,,,,,,,,,,,,,,,,,,,,,,,
08R02, -   , -   ,,,,,,E15050,,,,,,,,,,,,,,,,,,B08050,,,,
08R03, -   , -   ,,,,,,E16056,,,,,,,,,,,,,,,,,,,,,,
08R04, -   , -   ,,,,,,,H05121,,,,,,,,,,,,,,,,,B10121,,,,
08R05, -   , -   ,,,,,C03532,,,,,,,,,,,,,,,,,,,,,,,
08R06, -   , -   ,CTYLAK,FORLAK,T08WAR,R08WAR,,,,,M52WAK,,,,,,,,,,,,,,,,,,,
08R07, -   , -   ,CTYLAK,FORLAK,T08WAR,R08WAR,,,,,M14GUR,,,,,,,,,,,,,,,B14GUR,,,,
08R08, -   , -   ,,,,,,,,,,,,P09GUR,,,,,,,,,,,,,,,,
08R09, -   , -   ,,,,,,,,,,,,,S05NSH,,,,,,,,,,,,,,,
08R10, -   , -   ,,,,,,,,,,F21WWA,,,,,,,,,,,,,,,,,,
08R11, -   , -   ,,,,,,,,,,,L13WNE,,,,,,,,,,,,,,,,,
08R12, -   , -   ,,,,,,,,,,,,,,,,,WTRCLC,,,,,,,B16CLC,,,,
08R13, -   , -   ,CTYLAK,FORLAK,T08WAR,R08WAR,,,,,M39PCI,,,,,,,,,,,,,,,,,,,
08R14, -   , -   ,,,,,,,,,,,,P20WAK,,,,,,,,,,,,,,,,
08R15, -   , -   ,CTYLAK,FORLAK,T08WAR,R08WAR,,,,,M35NCH,,,,,,,,,,,,,,,B04NCH,,,,
09R01, -   , -   ,,,,,,,,U01060,,,,,,,,,,,,,,,,,,,,
09R02, -   , -   ,,,,,,,,U05187,,,,,,,,,,,,,,,,,,,,
09R03, -   , -   ,CTYLAK,FORLAK,T09WAK,R09WAK,,,,,,,,,,,,,,,,,,,,,,,,
09R04, -   , -   ,,,,,C03532,,,,,,,,,,,,,,,,,,,,,,,
09R05, -   , -   ,CTYLAK,FORLAK,T09WAK,R09WAK,,,,,M52WAK,,,,,,,,,,,,,,,,,,,
09R06, -   , -   ,CTYLAK,FORLAK,T09WAK,R09WAK,,,,,M35NCH,,,,,,,,,,,,,,,B04NCH,,,,
09R07, -   , -   ,,,,,,,,,,,,P20WAK,,,,,,,,,,,,,,,,
09R08, -   , -   ,,,,,,,,,,,,P06FOS,,,,,,,,,,,,,,,,
09R09, -   , -   ,,,,,,,,,,,,,S05NSH,,,,,,,,,,,,,,,
09R10, -   , -   ,,,,,,,,,,F05BPA,,,,,,,,,,,,,,,,,,
09R11, -   , -   ,CTYLAK,FORLAK,T09WAK,R09WAK,,,,,M06BPA,,,,,,,,,,,,,,,,,,,
10R01," 1,555,791 ", 2.697872 ,,,,,,E17065,,,,,,,,,,,,,,,,,,,,,,
10R02," 1,464,129 ", 0.849845 ,CTYLAK,FORLAK,T10SHI,R10SHI,,,,,,,,,,,,,,,,,,,,,,,,
10R03," 2,172,252 ", 6.569823 ,,,,,,,,U05187,,,,,,,,,,,,,,,,,,,,
10R04," 3,071,692 ", 1.445384 ,,,,,,,H02115,,,,,,,,,,,,,,,,,,,,,
10R05," 5,243,944 ", 0.289671 ,,,,,C03532,,,,,,,,,,,,,,,,,,,,,,,
10R06," 1,448,384 ", 1.618085 ,CTYLAK,FORLAK,T10SHI,R10SHI,,,,,M23LBL,,,,,,,,,,,,,,,B05LBL,,,,
10R07," 815,530 ", 5.656455 ,CTYLAK,FORLAK,T10SHI,R10SHI,,,,,M35NCH,,,,,,,,,,,,,,,B04NCH,,,,
10R08," 1,941,209 ", 0.692155 ,,,,,,,,,,,,P06FOS,,,,,,,,,,,,,,,,
10R09," 1,786,835 ", 0.492169 ,,,,,,,,,,,,P12LBL,,,,,,,,,,,,,,,,
10R10," 5,136,817 ", 0.157055 ,,,,,,,,,,,,,S05NSH,,,,,,,,,,,,,,,
10R11," 985,266 ", 0.681111 ,,,,,,,,,,F20ROC,,,,,,,,,,,,,,,,,,
10R12," 1,969,761 ", -   ,,,,,,,,,,,,,,,Q01LBL,,,,,,,,,,,,,
10R13," 3,743,507 ", -   ,,,,,,,,,,,,,,,,,WTRCLC,,,,,,,B16CLC,,,,
10R14," 1,515,901 ", 2.313620 ,CTYLAK,FORLAK,T10SHI,R10SHI,,,,,M24LFO,,,,,,,,,,,,,,,,,,,
10R15," 1,515,901 ", 1.551340 ,,,,,,E18067,,,,,,,,,,,,,,,,,,,,,,
11R01, -   , -   ,,,,,,E21072,,,,,,,,,,,,,,,,,,,,,,
11R02, -   , -   ,,,,,,E22073,,,,,,,,,,,,,,,,,,,,,,
11R03, -   , -   ,,,,,,E24076,,,,,,,,,,,,,,,,,,,,,,
11R04, -   , -   ,CTYLAK,FORLAK,T11LIB,R11LIB,,,,,,,,,,,,,,,,,,,,,,,,
11R05, -   , -   ,,,,,,,H10128,,,,,,,,,,,,,,,,,,,,,
11R06, -   , -   ,,,,,,,H04120,,,,,,,,,,,,,,,,,,,,,
11R07, -   , -   ,,,,,C03532,,,,,,,,,,,,,,,,,,,,,,,
11R08, -   , -   ,CTYLAK,FORLAK,T11LIB,R11LIB,,,,,M28LIB,,,,,,,,,,,,,,,,,,,
11R09, -   , -   ,CTYLAK,FORLAK,T11LIB,R11LIB,,,,,M32MET,,,,,,,,,,,,,,,,,,,
11R10, -   , -   ,CTYLAK,FORLAK,T11LIB,R11LIB,,,,,M33MUN,,,,,,,,,,,,,,,B17MU2,,,,
11R11, -   , -   ,,,,,,,,,,,,P15MUN,,,,,,,,,,,,B15MUN,,,,
11R12, -   , -   ,,,,,,,,,,,,,S05NSH,,,,,,,,,,,,,,,
11R13, -   , -   ,,,,,,,,,,F15LIB,,,,,,,,,,,,,,,,,,
11R14, -   , -   ,,,,,,,,,,F07COU,,,,,,,,,,,,,,B09COU,,,,
11R15, -   , -   ,,,,,,,,,,,,,,,Q01LBL,,,,,,,,,,,,,
11R16, -   , -   ,,,,,,,,,,,L04CME,,,,,,,,,,,,,,,,,
11R17, -   , -   ,,,,,,,,,,,,,,,,,WTRCLC,,,,,,,B16CLC,,,,
11R18, -   , -   ,,,,,,E19068,,,,,,,,,,,,,,,,,,,,,,
11R19, -   , -   ,,,,,,E20070,,,,,,,,,,,,,,,,,,,,,,
11R20, -   , -   ,CTYLAK,FORLAK,T11LIB,R11LIB,,,,,M35NCH,,,,,,,,,,,,,,,B04NCH,,,,
11R21, -   , -   ,,,,,,E23075,,,,,,,,,,,,,,,,,,,,,,
11R22, -   , -   ,,,,,,,,,,,L07FRE,,,,,,,,,,,,,,,,,
12R01, -   , -   ,,,,,,E24076,,,,,,,,,,,,,,,,,,,,,,
12R02, -   , -   ,CTYLAK,FORLAK,T12FRE,R12FRE,,,,,,,,,,,,,,,,,,,,,,,,
12R03, -   , -   ,,,,,,,H04120,,,,,,,,,,,,,,,,,,,,,
12R04, -   , -   ,,,,,C03532,,,,,,,,,,,,,,,,,,,,,,,
12R05, -   , -   ,,,,,,,,,,,,P15MUN,,,,,,,,,,,,B15MUN,,,,
12R06, -   , -   ,,,,,,,,,,F07COU,,,,,,,,,,,,,,B09COU,,,,
12R07, -   , -   ,,,,,,,,,,,L07FRE,,,,,,,,,,,,,,,,,
12R08, -   , -   ,,,,,,E25079,,,,,,,,,,,,,,,,,,,,,,
12R09, -   , -   ,,,,,,E20070,,,,,,,,,,,,,,,,,,,,,,
12R10, -   , -   ,,,,,,E23075,,,,,,,,,,,,,,,,,,,,,,
12R11, -   , -   ,,,,,,,H09127,,,,,,,,,,,,,,,,,,,,,
12R12, -   , -   ,CTYLAK,FORLAK,T12FRE,R12FRE,,,,,M28LIB,,,,,,,,,,,,,,,,,,,
12R13, -   , -   ,,,,,,,,,,F11GRA,,,,,,,,,,,,,,,,,,
12R14, -   , -   ,,,,,,,,,,,,,,,,,WTRCLC,,,,,,,B16CLC,,,,
14R01, -   , -   ,CTYLAK,FORLAK,T14CUB,R14CUB,,,,,,,,,,,,,,,,,,,,,,,,
14R02, -   , -   ,,,,,,,,U06220,,,,,,,,,,,,,,,,,,,,
14R03, -   , -   ,,,,,C01512,,,,,,,,,,,,,,,,,,,,,,,
14R04, -   , -   ,CTYLAK,FORLAK,T14CUB,R14CUB,,,,,M04BAR,,,,,,,,,,,,,,,,,,,
14R05, -   , -   ,,,,,,,,,,,,P02BAR,,,,,,,,,,,,,,,,
14R06, -   , -   ,,,,,,,,,,F04BCO,,,,,,,,,,,,,,,,,,
14R07, -   , -   ,,,,,,,,,,,L02BAR,,,,,,,,,,,,,,,,,
14R08, -   , -   ,CTYLAK,FORLAK,T14CUB,R14CUB,,,,,M22LBA,,,,,,,,,,,,,,,,,,,
14R09, -   , -   ,,,,,,,,,,,,P03BHI,,,,,,,,,,,,,,,,
14R10, -   , -   ,,,,,,,,,,,,,,,,,,,,111SSA,,,,,,,,
15R01, -   , -   ,,,,,,E24076,,,,,,,,,,,,,,,,,,,,,,
15R02, -   , -   ,,,,,,E25079,,,,,,,,,,,,,,,,,,,,,,
15R03, -   , -   ,,,,,,,,U02095,,,,,,,,,,,,,,,,,,,,
15R04, -   , -   ,CTYLAK,FORLAK,T15ELA,R15ELA,,,,,,,,,,,,,,,,,,,,,,,,
15R05, -   , -   ,,,,,,,,U06220,,,,,,,,,,,,,,,,,,,,
15R06, -   , -   ,,,,,,,H07125,,,,,,,,,,,,,,,,,,,,,
15R07, -   , -   ,,,,,C01512,,,,,,,,,,,,,,,,,,,,,,,
15R08, -   , -   ,,,,,C03532,,,,,,,,,,,,,,,,,,,,,,,
15R09, -   , -   ,CTYLAK,FORLAK,T15ELA,R15ELA,,,,,M16HWO,,,,,,,,,,,,,,,,,,,
15R10, -   , -   ,CTYLAK,FORLAK,T15ELA,R15ELA,,,,,M26LZU,,,,,,,,,,,,,,,,,,,
15R11, -   , -   ,CTYLAK,FORLAK,T15ELA,R15ELA,,,,,M09DPA,,,,,,,,,,,,,,,,,,,
15R12, -   , -   ,,,,,,,,,,,,P15MUN,,,,,,,,,,,,B15MUN,,,,
15R13, -   , -   ,,,,,,,,,,F14LZU,,,,,,,,,,,,,,,,,,
15R14, -   , -   ,,,,,,,,,,F07COU,,,,,,,,,,,,,,B09COU,,,,
15R15, -   , -   ,,,,,,,,,,F04BCO,,,,,,,,,,,,,,,,,,
15R16, -   , -   ,,,,,,,,,,,L02BAR,,,,,,,,,,,,,,,,,
15R17, -   , -   ,,,,,,,,,,,L05ELA,,,,,,,,,,,,,,,,,
16R01, -   , -   ,CTYLAK,FORLAK,T16VER,R16VER,,,,,,,,,,,,,,,,,,,,,,,,
16R02, -   , -   ,,,,,,E27102,,,,,,,,,,,,,,,,,,,,,,
16R03, -   , -   ,,,,,,E22073,,,,,,,,,,,,,,,,,,,,,,
16R04, -   , -   ,,,,,,E28103,,,,,,,,,,,,,,,,,,,,,,
16R05, -   , -   ,,,,,,,H10128,,,,,,,,,,,,,,,,,,,,,
16R06, -   , -   ,,,,,,,H07125,,,,,,,,,,,,,,,,,,,,,
16R07, -   , -   ,,,,,,,H04120,,,,,,,,,,,,,,,,,,,,,
16R08, -   , -   ,,,,,C03532,,,,,,,,,,,,,,,,,,,,,,,
16R09, -   , -   ,CTYLAK,FORLAK,T16VER,R16VER,,,,,M07BGR,,,,,,,,,,,,,,,,,,,
16R10, -   , -   ,CTYLAK,FORLAK,T16VER,R16VER,,,,,M49VHI,,,,,,,,,,,,,,,,,,,
16R11, -   , -   ,,,,,,,,,,,,P18VHI,,,,,,,,,,,,,,,,
16R12, -   , -   ,,,,,,,,,,F07COU,,,,,,,,,,,,,,B09COU,,,,
16R13, -   , -   ,,,,,,,,,,F16LRI,,,,,,,,,,,,,,,,,,
16R14, -   , -   ,,,,,,,,,,F17LGR,,,,,,,,,,,,,,,,,,
16R15, -   , -   ,,,,,,,,,,,L04CME,,,,,,,,,,,,,,,,,
16R16, -   , -   ,,,,,,,,,,,L12VER,,,,,,,,,,,,,,,,,
16R17, -   , -   ,,,,,,,,,,,,,,,,,WTRCLC,,,,,,,B16CLC,,,,
17R01, -   , -   ,,,,,,,,,,,,,S05NSH,,,,,,,,,,,,,,,
17R02, -   , -   ,,,,,,,,,,,,,,,Q02SOU,,,,,,,,,,,,,
17R03, -   , -   ,,,,,,,,,M24LFO,,,,,,,,,,,,,,,,,,,
17R04, -   , -   ,,,,,,,,,M17HPA,,,,,,,,,,,,,,,,,,,
17R05, -   , -   ,,,,,,,,,,,,P10HPA,,,,,,,,,,,,,,,,
17R06, -   , -   ,,,,,C03532,,,,,,,,,,,,,,,,,,,,,,,
17R07, -   , -   ,,,,,,,H02115,,,,,,,,,,,,,,,,,,,,,
17R08, -   , -   ,,,,,,,H01113,,,,,,,,,,,,,,,,,,,,,
17R09, -   , -   ,,,,,,E18067,,,,,,,,,,,,,,,,,,,,,,
17R10, -   , -   ,,,,,,E31112,,,,,,,,,,,,,,,,,,,,,,
17R11, -   , -   ,CTYLAK,FORLAK,T17WDE,,,,,,,,,,,,,,,,,,,,,,,,,
18R01, -   , -   ,,,,,,,,,,,,,S05NSH,,,,,,,,,,,,,,,
18R02, -   , -   ,,,,,,,,,,,,,,,Q02SOU,,,,,,,,,,,,,
18R03, -   , -   ,,,,,,,,,M24LFO,,,,,,,,,,,,,,,,,,,
18R04, -   , -   ,,,,,,,,,M18HIG,,,,,,,,,,,,,,,,,,,
18R05, -   , -   ,,,,,,,,,M17HPA,,,,,,,,,,,,,,,,,,,
18R06, -   , -   ,,,,,,,,,,,,P10HPA,,,,,,,,,,,,,,,,
18R07, -   , -   ,,,,,C03532,,,,,,,,,,,,,,,,,,,,,,,
18R08, -   , -   ,,,,,,,H02115,,,,,,,,,,,,,,,,,,,,,
18R09, -   , -   ,,,,,,,H01113,,,,,,,,,,,,,,,,,,,,,
18R10, -   , -   ,,,,,,E18067,,,,,,,,,,,,,,,,,,,,,,
18R11, -   , -   ,,,,,,E31112,,,,,,,,,,,,,,,,,,,,,,
18R12, -   , -   ,CTYLAK,FORLAK,T18MOR,,,,,,,,,,,,,,,,,,,,,,,,,
